Copyright 1986-2022 Xilinx, Inc. All Rights Reserved. Copyright 2022-2026 Advanced Micro Devices, Inc. All Rights Reserved.
--------------------------------------------------------------------------------------------------------------------------------------------------
| Tool Version      : Vivado v.2026.1 (lin64) Build 6511674 Tue Jun 16 11:01:26 MDT 2026
| Date              : Fri Aug 21 00:16:34 2026
| Host              : release-builder running 64-bit Ubuntu 24.04.4 LTS
| Command           : report_timing_summary -delay_type max -max_paths 20 -file ./fk33_fjar_bscan_350_timing.rpt
| Design            : miner_top_80pipe_token3_350_margin
| Device            : xcvu33p-fsvh2104
| Speed File        : -2  PRODUCTION 1.30 05-01-2022
| Design State      : Routed
| Temperature Grade : E
--------------------------------------------------------------------------------------------------------------------------------------------------

Timing Summary Report

------------------------------------------------------------------------------------------------
| Timer Settings
| --------------
------------------------------------------------------------------------------------------------

  Enable Multi Corner Analysis               :  Yes
  Enable Pessimism Removal                   :  Yes
  Pessimism Removal Resolution               :  Nearest Common Node
  Enable Input Delay Default Clock           :  No
  Enable Preset / Clear Arcs                 :  No
  Disable Flight Delays                      :  No
  Ignore I/O Paths                           :  No
  Timing Early Launch at Borrowing Latches   :  No
  Borrow Time for Max Delay Exceptions       :  Yes
  Merge Timing Exceptions                    :  Yes
  Inter-SLR Compensation                     :  Conservative

  Corner  Analyze    Analyze    
  Name    Max Paths  Min Paths  
  ------  ---------  ---------  
  Slow    Yes        Yes        
  Fast    Yes        Yes        


------------------------------------------------------------------------------------------------
| Report Methodology
| ------------------
------------------------------------------------------------------------------------------------

Rule       Severity          Description                                 Violations  
---------  ----------------  ------------------------------------------  ----------  
TIMING-17  Critical Warning  Non-clocked sequential cell                 1000        
CLKC-56    Advisory          MMCME4 with global clock driver has no LOC  1           

Note: This report is based on the most recent report_methodology run and may not be up-to-date. Run report_methodology on the current design for the latest report.



check_timing report

Table of Contents
-----------------
1. checking no_clock (1829)
2. checking constant_clock (0)
3. checking pulse_width_clock (0)
4. checking unconstrained_internal_endpoints (4513)
5. checking no_input_delay (0)
6. checking no_output_delay (0)
7. checking multiple_clock (0)
8. checking generated_clocks (0)
9. checking loops (0)
10. checking partial_input_delay (0)
11. checking partial_output_delay (0)
12. checking latch_loops (0)

1. checking no_clock (1829)
---------------------------
 There are 22 register/latch pins with no clock driven by root clock pin: u_bscan_transport/u_user1/INTERNAL_TCK (HIGH)

 There are 1802 register/latch pins with no clock driven by root clock pin: u_bscan_transport/u_user2/INTERNAL_TCK (HIGH)

 There are 3 register/latch pins with no clock driven by root clock pin: u_bscan_transport/u_user3/INTERNAL_TCK (HIGH)

 There are 2 register/latch pins with no clock (HIGH)


2. checking constant_clock (0)
------------------------------
 There are 0 register/latch pins with constant_clock.


3. checking pulse_width_clock (0)
---------------------------------
 There are 0 register/latch pins which need pulse_width check


4. checking unconstrained_internal_endpoints (4513)
---------------------------------------------------
 There are 4513 pins that are not constrained for maximum delay. (HIGH)

 There are 0 pins that are not constrained for maximum delay due to constant clock.


5. checking no_input_delay (0)
------------------------------
 There are 0 input ports with no input delay specified.

 There are 0 input ports with no input delay but user has a false path constraint.


6. checking no_output_delay (0)
-------------------------------
 There are 0 ports with no output delay specified.

 There are 0 ports with no output delay but user has a false path constraint

 There are 0 ports with no output delay but with a timing clock defined on it or propagating through it


7. checking multiple_clock (0)
------------------------------
 There are 0 register/latch pins with multiple clocks.


8. checking generated_clocks (0)
--------------------------------
 There are 0 generated clocks that are not connected to a clock source.


9. checking loops (0)
---------------------
 There are 0 combinational loops in the design.


10. checking partial_input_delay (0)
------------------------------------
 There are 0 input ports with partial input delay specified.


11. checking partial_output_delay (0)
-------------------------------------
 There are 0 ports with partial output delay specified.


12. checking latch_loops (0)
----------------------------
 There are 0 combinational latch loops in the design through latch input



------------------------------------------------------------------------------------------------
| Design Timing Summary
| ---------------------
------------------------------------------------------------------------------------------------

    WNS(ns)      TNS(ns)  TNS Failing Endpoints  TNS Total Endpoints     WPWS(ns)     TPWS(ns)  TPWS Failing Endpoints  TPWS Total Endpoints  
    -------      -------  ---------------------  -------------------     --------     --------  ----------------------  --------------------  
      0.031        0.000                      0               647625        0.750        0.000                       0                528135  


All user specified timing constraints are met.


------------------------------------------------------------------------------------------------
| Clock Summary
| -------------
------------------------------------------------------------------------------------------------

Clock          Waveform(ns)         Period(ns)      Frequency(MHz)
-----          ------------         ----------      --------------
clk200         {0.000 2.500}        5.000           200.000         
  clk400_mmcm  {0.000 1.429}        2.857           350.000         
  clkfb_mmcm   {0.000 2.500}        5.000           200.000         


------------------------------------------------------------------------------------------------
| Intra Clock Table
| -----------------
------------------------------------------------------------------------------------------------

Clock              WNS(ns)      TNS(ns)  TNS Failing Endpoints  TNS Total Endpoints     WPWS(ns)     TPWS(ns)  TPWS Failing Endpoints  TPWS Total Endpoints  
-----              -------      -------  ---------------------  -------------------     --------     --------  ----------------------  --------------------  
clk200               0.141        0.000                      0                30498        0.750        0.000                       0                 52220  
  clk400_mmcm        0.031        0.000                      0               617127        1.154        0.000                       0                475912  
  clkfb_mmcm                                                                               3.710        0.000                       0                     3  


------------------------------------------------------------------------------------------------
| Inter Clock Table
| -----------------
------------------------------------------------------------------------------------------------

From Clock    To Clock          WNS(ns)      TNS(ns)  TNS Failing Endpoints  TNS Total Endpoints  
----------    --------          -------      -------  ---------------------  -------------------  


------------------------------------------------------------------------------------------------
| Other Path Groups Table
| -----------------------
------------------------------------------------------------------------------------------------

Path Group    From Clock    To Clock          WNS(ns)      TNS(ns)  TNS Failing Endpoints  TNS Total Endpoints  
----------    ----------    --------          -------      -------  ---------------------  -------------------  


------------------------------------------------------------------------------------------------
| Timing Details
| --------------
------------------------------------------------------------------------------------------------


---------------------------------------------------------------------------------------------------
From Clock:  clk200
  To Clock:  clk200

Setup :            0  Failing Endpoints,  Worst Slack        0.141ns,  Total Violation        0.000ns
Hold  :           NA  Failing Endpoints,  Worst Slack           NA  ,  Total Violation           NA
PW    :            0  Failing Endpoints,  Worst Slack        0.750ns,  Total Violation        0.000ns
---------------------------------------------------------------------------------------------------


Max Delay Paths
--------------------------------------------------------------------------------------
Slack (MET) :             0.141ns  (required time - arrival time)
  Source:                 scan_index200_reg[2]_rep__10/C
                            (rising edge-triggered cell FDRE clocked by clk200  {rise@0.000ns fall@2.500ns period=5.000ns})
  Destination:            scan_result200_reg[104]/D
                            (rising edge-triggered cell FDRE clocked by clk200  {rise@0.000ns fall@2.500ns period=5.000ns})
  Path Group:             clk200
  Path Type:              Setup (Max at Slow Process Corner)
  Requirement:            5.000ns  (clk200 rise@5.000ns - clk200 rise@0.000ns)
  Data Path Delay:        4.602ns  (logic 0.336ns (7.300%)  route 4.266ns (92.700%))
  Logic Levels:           3  (LUT5=1 LUT6=1 MUXF7=1)
  Clock Path Skew:        -0.246ns (DCD - SCD + CPR)
    Destination Clock Delay (DCD):    2.268ns = ( 7.268 - 5.000 ) 
    Source Clock Delay      (SCD):    2.715ns
    Clock Pessimism Removal (CPR):    0.200ns
  Clock Uncertainty:      0.035ns  ((TSJ^2 + TIJ^2)^1/2 + DJ) / 2 + PE
    Total System Jitter     (TSJ):    0.071ns
    Total Input Jitter      (TIJ):    0.000ns
    Discrete Jitter          (DJ):    0.000ns
    Phase Error              (PE):    0.000ns
  Clock Net Delay (Source):      1.418ns (routing 0.171ns, distribution 1.247ns)
  Clock Net Delay (Destination): 1.156ns (routing 0.155ns, distribution 1.001ns)

    Location             Delay type                Incr(ns)  Path(ns)    Netlist Resource(s)
  -------------------------------------------------------------------    -------------------
                         (clock clk200 rise edge)     0.000     0.000 r  <hidden>
    BC26                                              0.000     0.000 r  clk_p
                         net (fo=0)                   0.100     0.100    u_ibufds/I
    HPIOBDIFFINBUF_X0Y37 DIFFINBUF (Prop_DIFFINBUF_HPIOBDIFFINBUF_DIFF_IN_P_O)
                                                      0.784     0.884 r  u_ibufds/DIFFINBUF_INST/O
                         net (fo=1, routed)           0.050     0.934    u_ibufds/OUT
    BC26                 IBUFCTRL (Prop_IBUFCTRL_HPIOB_M_I_O)
                                                      0.000     0.934 r  u_ibufds/IBUFCTRL_INST/O
                         net (fo=1, routed)           0.335     1.269    clk200_raw
    BUFGCE_X0Y45         BUFGCE (Prop_BUFCE_BUFGCE_I_O)
                                                      0.028     1.297 r  u_bufg200/O
    X4Y1 (CLOCK_ROOT)    net (fo=52219, routed)       1.418     2.715    clk200
    SLICE_X86Y117        FDRE                                         r  scan_index200_reg[2]_rep__10/C
  -------------------------------------------------------------------    -------------------
    SLICE_X86Y117        FDRE (Prop_AFF_SLICEL_C_Q)
                                                      0.079     2.794 r  scan_index200_reg[2]_rep__10/Q
                         net (fo=124, routed)         2.439     5.233    scan_index200_reg[2]_rep__10_n_0
    SLICE_X163Y75        MUXF7 (Prop_F7MUX_CD_SLICEL_S_O)
                                                      0.070     5.303 r  scan_result200_reg[104]_i_12/O
                         net (fo=1, routed)           1.464     6.767    scan_result200_reg[104]_i_12_n_0
    SLICE_X116Y105       LUT6 (Prop_H6LUT_SLICEL_I1_O)
                                                      0.150     6.917 r  scan_result200[104]_i_4/O
                         net (fo=1, routed)           0.291     7.208    scan_result200[104]_i_4_n_0
    SLICE_X115Y123       LUT5 (Prop_D6LUT_SLICEM_I4_O)
                                                      0.037     7.245 r  scan_result200[104]_i_1/O
                         net (fo=1, routed)           0.072     7.317    candidate_bus200[104]
    SLICE_X115Y123       FDRE                                         r  scan_result200_reg[104]/D
  -------------------------------------------------------------------    -------------------

                         (clock clk200 rise edge)     5.000     5.000 r  <hidden>
    BC26                                              0.000     5.000 r  clk_p
                         net (fo=0)                   0.079     5.079    u_ibufds/I
    HPIOBDIFFINBUF_X0Y37 DIFFINBUF (Prop_DIFFINBUF_HPIOBDIFFINBUF_DIFF_IN_P_O)
                                                      0.672     5.751 r  u_ibufds/DIFFINBUF_INST/O
                         net (fo=1, routed)           0.040     5.791    u_ibufds/OUT
    BC26                 IBUFCTRL (Prop_IBUFCTRL_HPIOB_M_I_O)
                                                      0.000     5.791 r  u_ibufds/IBUFCTRL_INST/O
                         net (fo=1, routed)           0.297     6.088    clk200_raw
    BUFGCE_X0Y45         BUFGCE (Prop_BUFCE_BUFGCE_I_O)
                                                      0.024     6.112 r  u_bufg200/O
    X4Y1 (CLOCK_ROOT)    net (fo=52219, routed)       1.156     7.268    clk200
    SLICE_X115Y123       FDRE                                         r  scan_result200_reg[104]/C
                         clock pessimism              0.200     7.469    <hidden>
                         clock uncertainty           -0.035     7.433    <hidden>
    SLICE_X115Y123       FDRE (Setup_DFF_SLICEM_C_D)
                                                      0.025     7.458    scan_result200_reg[104]
  -------------------------------------------------------------------
                         required time                          7.458    <hidden>
                         arrival time                          -7.317    <hidden>
  -------------------------------------------------------------------
                         slack                                  0.141    <hidden>

Slack (MET) :             0.185ns  (required time - arrival time)
  Source:                 scan_index200_reg[2]_rep__16/C
                            (rising edge-triggered cell FDRE clocked by clk200  {rise@0.000ns fall@2.500ns period=5.000ns})
  Destination:            scan_result200_reg[29]/D
                            (rising edge-triggered cell FDRE clocked by clk200  {rise@0.000ns fall@2.500ns period=5.000ns})
  Path Group:             clk200
  Path Type:              Setup (Max at Slow Process Corner)
  Requirement:            5.000ns  (clk200 rise@5.000ns - clk200 rise@0.000ns)
  Data Path Delay:        4.498ns  (logic 0.277ns (6.159%)  route 4.221ns (93.841%))
  Logic Levels:           3  (LUT5=1 LUT6=1 MUXF7=1)
  Clock Path Skew:        -0.307ns (DCD - SCD + CPR)
    Destination Clock Delay (DCD):    2.182ns = ( 7.182 - 5.000 ) 
    Source Clock Delay      (SCD):    2.750ns
    Clock Pessimism Removal (CPR):    0.261ns
  Clock Uncertainty:      0.035ns  ((TSJ^2 + TIJ^2)^1/2 + DJ) / 2 + PE
    Total System Jitter     (TSJ):    0.071ns
    Total Input Jitter      (TIJ):    0.000ns
    Discrete Jitter          (DJ):    0.000ns
    Phase Error              (PE):    0.000ns
  Clock Net Delay (Source):      1.453ns (routing 0.171ns, distribution 1.282ns)
  Clock Net Delay (Destination): 1.070ns (routing 0.155ns, distribution 0.915ns)

    Location             Delay type                Incr(ns)  Path(ns)    Netlist Resource(s)
  -------------------------------------------------------------------    -------------------
                         (clock clk200 rise edge)     0.000     0.000 r  <hidden>
    BC26                                              0.000     0.000 r  clk_p
                         net (fo=0)                   0.100     0.100    u_ibufds/I
    HPIOBDIFFINBUF_X0Y37 DIFFINBUF (Prop_DIFFINBUF_HPIOBDIFFINBUF_DIFF_IN_P_O)
                                                      0.784     0.884 r  u_ibufds/DIFFINBUF_INST/O
                         net (fo=1, routed)           0.050     0.934    u_ibufds/OUT
    BC26                 IBUFCTRL (Prop_IBUFCTRL_HPIOB_M_I_O)
                                                      0.000     0.934 r  u_ibufds/IBUFCTRL_INST/O
                         net (fo=1, routed)           0.335     1.269    clk200_raw
    BUFGCE_X0Y45         BUFGCE (Prop_BUFCE_BUFGCE_I_O)
                                                      0.028     1.297 r  u_bufg200/O
    X4Y1 (CLOCK_ROOT)    net (fo=52219, routed)       1.453     2.750    clk200
    SLICE_X91Y129        FDRE                                         r  scan_index200_reg[2]_rep__16/C
  -------------------------------------------------------------------    -------------------
    SLICE_X91Y129        FDRE (Prop_EFF_SLICEM_C_Q)
                                                      0.076     2.826 r  scan_index200_reg[2]_rep__16/Q
                         net (fo=128, routed)         1.757     4.583    scan_index200_reg[2]_rep__16_n_0
    SLICE_X30Y92         MUXF7 (Prop_F7MUX_GH_SLICEM_S_O)
                                                      0.076     4.659 r  scan_result200_reg[29]_i_10/O
                         net (fo=1, routed)           2.095     6.754    scan_result200_reg[29]_i_10_n_0
    SLICE_X117Y120       LUT6 (Prop_H6LUT_SLICEL_I5_O)
                                                      0.090     6.844 r  scan_result200[29]_i_3/O
                         net (fo=1, routed)           0.319     7.163    scan_result200[29]_i_3_n_0
    SLICE_X120Y120       LUT5 (Prop_C6LUT_SLICEL_I2_O)
                                                      0.035     7.198 r  scan_result200[29]_i_1/O
                         net (fo=1, routed)           0.050     7.248    candidate_bus200[29]
    SLICE_X120Y120       FDRE                                         r  scan_result200_reg[29]/D
  -------------------------------------------------------------------    -------------------

                         (clock clk200 rise edge)     5.000     5.000 r  <hidden>
    BC26                                              0.000     5.000 r  clk_p
                         net (fo=0)                   0.079     5.079    u_ibufds/I
    HPIOBDIFFINBUF_X0Y37 DIFFINBUF (Prop_DIFFINBUF_HPIOBDIFFINBUF_DIFF_IN_P_O)
                                                      0.672     5.751 r  u_ibufds/DIFFINBUF_INST/O
                         net (fo=1, routed)           0.040     5.791    u_ibufds/OUT
    BC26                 IBUFCTRL (Prop_IBUFCTRL_HPIOB_M_I_O)
                                                      0.000     5.791 r  u_ibufds/IBUFCTRL_INST/O
                         net (fo=1, routed)           0.297     6.088    clk200_raw
    BUFGCE_X0Y45         BUFGCE (Prop_BUFCE_BUFGCE_I_O)
                                                      0.024     6.112 r  u_bufg200/O
    X4Y1 (CLOCK_ROOT)    net (fo=52219, routed)       1.070     7.182    clk200
    SLICE_X120Y120       FDRE                                         r  scan_result200_reg[29]/C
                         clock pessimism              0.261     7.443    <hidden>
                         clock uncertainty           -0.035     7.408    <hidden>
    SLICE_X120Y120       FDRE (Setup_CFF_SLICEL_C_D)
                                                      0.025     7.433    scan_result200_reg[29]
  -------------------------------------------------------------------
                         required time                          7.433    <hidden>
                         arrival time                          -7.248    <hidden>
  -------------------------------------------------------------------
                         slack                                  0.185    <hidden>

Slack (MET) :             0.200ns  (required time - arrival time)
  Source:                 scan_index200_reg[2]_rep__10/C
                            (rising edge-triggered cell FDRE clocked by clk200  {rise@0.000ns fall@2.500ns period=5.000ns})
  Destination:            scan_result200_reg[107]/D
                            (rising edge-triggered cell FDRE clocked by clk200  {rise@0.000ns fall@2.500ns period=5.000ns})
  Path Group:             clk200
  Path Type:              Setup (Max at Slow Process Corner)
  Requirement:            5.000ns  (clk200 rise@5.000ns - clk200 rise@0.000ns)
  Data Path Delay:        4.548ns  (logic 0.299ns (6.574%)  route 4.249ns (93.426%))
  Logic Levels:           3  (LUT5=1 LUT6=1 MUXF7=1)
  Clock Path Skew:        -0.241ns (DCD - SCD + CPR)
    Destination Clock Delay (DCD):    2.273ns = ( 7.273 - 5.000 ) 
    Source Clock Delay      (SCD):    2.715ns
    Clock Pessimism Removal (CPR):    0.200ns
  Clock Uncertainty:      0.035ns  ((TSJ^2 + TIJ^2)^1/2 + DJ) / 2 + PE
    Total System Jitter     (TSJ):    0.071ns
    Total Input Jitter      (TIJ):    0.000ns
    Discrete Jitter          (DJ):    0.000ns
    Phase Error              (PE):    0.000ns
  Clock Net Delay (Source):      1.418ns (routing 0.171ns, distribution 1.247ns)
  Clock Net Delay (Destination): 1.161ns (routing 0.155ns, distribution 1.006ns)

    Location             Delay type                Incr(ns)  Path(ns)    Netlist Resource(s)
  -------------------------------------------------------------------    -------------------
                         (clock clk200 rise edge)     0.000     0.000 r  <hidden>
    BC26                                              0.000     0.000 r  clk_p
                         net (fo=0)                   0.100     0.100    u_ibufds/I
    HPIOBDIFFINBUF_X0Y37 DIFFINBUF (Prop_DIFFINBUF_HPIOBDIFFINBUF_DIFF_IN_P_O)
                                                      0.784     0.884 r  u_ibufds/DIFFINBUF_INST/O
                         net (fo=1, routed)           0.050     0.934    u_ibufds/OUT
    BC26                 IBUFCTRL (Prop_IBUFCTRL_HPIOB_M_I_O)
                                                      0.000     0.934 r  u_ibufds/IBUFCTRL_INST/O
                         net (fo=1, routed)           0.335     1.269    clk200_raw
    BUFGCE_X0Y45         BUFGCE (Prop_BUFCE_BUFGCE_I_O)
                                                      0.028     1.297 r  u_bufg200/O
    X4Y1 (CLOCK_ROOT)    net (fo=52219, routed)       1.418     2.715    clk200
    SLICE_X86Y117        FDRE                                         r  scan_index200_reg[2]_rep__10/C
  -------------------------------------------------------------------    -------------------
    SLICE_X86Y117        FDRE (Prop_AFF_SLICEL_C_Q)
                                                      0.079     2.794 r  scan_index200_reg[2]_rep__10/Q
                         net (fo=124, routed)         2.399     5.193    scan_index200_reg[2]_rep__10_n_0
    SLICE_X164Y84        MUXF7 (Prop_F7MUX_CD_SLICEM_S_O)
                                                      0.077     5.270 r  scan_result200_reg[107]_i_12/O
                         net (fo=1, routed)           1.426     6.696    scan_result200_reg[107]_i_12_n_0
    SLICE_X116Y112       LUT6 (Prop_H6LUT_SLICEL_I1_O)
                                                      0.090     6.786 r  scan_result200[107]_i_4/O
                         net (fo=1, routed)           0.366     7.152    scan_result200[107]_i_4_n_0
    SLICE_X114Y127       LUT5 (Prop_H6LUT_SLICEM_I4_O)
                                                      0.053     7.205 r  scan_result200[107]_i_1/O
                         net (fo=1, routed)           0.058     7.263    candidate_bus200[107]
    SLICE_X114Y127       FDRE                                         r  scan_result200_reg[107]/D
  -------------------------------------------------------------------    -------------------

                         (clock clk200 rise edge)     5.000     5.000 r  <hidden>
    BC26                                              0.000     5.000 r  clk_p
                         net (fo=0)                   0.079     5.079    u_ibufds/I
    HPIOBDIFFINBUF_X0Y37 DIFFINBUF (Prop_DIFFINBUF_HPIOBDIFFINBUF_DIFF_IN_P_O)
                                                      0.672     5.751 r  u_ibufds/DIFFINBUF_INST/O
                         net (fo=1, routed)           0.040     5.791    u_ibufds/OUT
    BC26                 IBUFCTRL (Prop_IBUFCTRL_HPIOB_M_I_O)
                                                      0.000     5.791 r  u_ibufds/IBUFCTRL_INST/O
                         net (fo=1, routed)           0.297     6.088    clk200_raw
    BUFGCE_X0Y45         BUFGCE (Prop_BUFCE_BUFGCE_I_O)
                                                      0.024     6.112 r  u_bufg200/O
    X4Y1 (CLOCK_ROOT)    net (fo=52219, routed)       1.161     7.273    clk200
    SLICE_X114Y127       FDRE                                         r  scan_result200_reg[107]/C
                         clock pessimism              0.200     7.474    <hidden>
                         clock uncertainty           -0.035     7.438    <hidden>
    SLICE_X114Y127       FDRE (Setup_HFF_SLICEM_C_D)
                                                      0.025     7.463    scan_result200_reg[107]
  -------------------------------------------------------------------
                         required time                          7.463    <hidden>
                         arrival time                          -7.263    <hidden>
  -------------------------------------------------------------------
                         slack                                  0.200    <hidden>

Slack (MET) :             0.214ns  (required time - arrival time)
  Source:                 scan_index200_reg[2]_rep__15/C
                            (rising edge-triggered cell FDRE clocked by clk200  {rise@0.000ns fall@2.500ns period=5.000ns})
  Destination:            scan_result200_reg[48]/D
                            (rising edge-triggered cell FDRE clocked by clk200  {rise@0.000ns fall@2.500ns period=5.000ns})
  Path Group:             clk200
  Path Type:              Setup (Max at Slow Process Corner)
  Requirement:            5.000ns  (clk200 rise@5.000ns - clk200 rise@0.000ns)
  Data Path Delay:        4.519ns  (logic 0.328ns (7.259%)  route 4.191ns (92.741%))
  Logic Levels:           3  (LUT5=1 LUT6=1 MUXF7=1)
  Clock Path Skew:        -0.257ns (DCD - SCD + CPR)
    Destination Clock Delay (DCD):    2.264ns = ( 7.264 - 5.000 ) 
    Source Clock Delay      (SCD):    2.722ns
    Clock Pessimism Removal (CPR):    0.200ns
  Clock Uncertainty:      0.035ns  ((TSJ^2 + TIJ^2)^1/2 + DJ) / 2 + PE
    Total System Jitter     (TSJ):    0.071ns
    Total Input Jitter      (TIJ):    0.000ns
    Discrete Jitter          (DJ):    0.000ns
    Phase Error              (PE):    0.000ns
  Clock Net Delay (Source):      1.425ns (routing 0.171ns, distribution 1.254ns)
  Clock Net Delay (Destination): 1.152ns (routing 0.155ns, distribution 0.997ns)

    Location             Delay type                Incr(ns)  Path(ns)    Netlist Resource(s)
  -------------------------------------------------------------------    -------------------
                         (clock clk200 rise edge)     0.000     0.000 r  <hidden>
    BC26                                              0.000     0.000 r  clk_p
                         net (fo=0)                   0.100     0.100    u_ibufds/I
    HPIOBDIFFINBUF_X0Y37 DIFFINBUF (Prop_DIFFINBUF_HPIOBDIFFINBUF_DIFF_IN_P_O)
                                                      0.784     0.884 r  u_ibufds/DIFFINBUF_INST/O
                         net (fo=1, routed)           0.050     0.934    u_ibufds/OUT
    BC26                 IBUFCTRL (Prop_IBUFCTRL_HPIOB_M_I_O)
                                                      0.000     0.934 r  u_ibufds/IBUFCTRL_INST/O
                         net (fo=1, routed)           0.335     1.269    clk200_raw
    BUFGCE_X0Y45         BUFGCE (Prop_BUFCE_BUFGCE_I_O)
                                                      0.028     1.297 r  u_bufg200/O
    X4Y1 (CLOCK_ROOT)    net (fo=52219, routed)       1.425     2.722    clk200
    SLICE_X91Y117        FDRE                                         r  scan_index200_reg[2]_rep__15/C
  -------------------------------------------------------------------    -------------------
    SLICE_X91Y117        FDRE (Prop_AFF_SLICEM_C_Q)
                                                      0.077     2.799 r  scan_index200_reg[2]_rep__15/Q
                         net (fo=143, routed)         2.306     5.105    scan_index200_reg[2]_rep__15_n_0
    SLICE_X187Y128       MUXF7 (Prop_F7MUX_CD_SLICEM_S_O)
                                                      0.077     5.182 r  scan_result200_reg[48]_i_14/O
                         net (fo=1, routed)           1.733     6.915    scan_result200_reg[48]_i_14_n_0
    SLICE_X116Y118       LUT6 (Prop_G6LUT_SLICEL_I5_O)
                                                      0.050     6.965 r  scan_result200[48]_i_4/O
                         net (fo=1, routed)           0.103     7.068    scan_result200[48]_i_4_n_0
    SLICE_X116Y120       LUT5 (Prop_B6LUT_SLICEL_I4_O)
                                                      0.124     7.192 r  scan_result200[48]_i_1/O
                         net (fo=1, routed)           0.049     7.241    candidate_bus200[48]
    SLICE_X116Y120       FDRE                                         r  scan_result200_reg[48]/D
  -------------------------------------------------------------------    -------------------

                         (clock clk200 rise edge)     5.000     5.000 r  <hidden>
    BC26                                              0.000     5.000 r  clk_p
                         net (fo=0)                   0.079     5.079    u_ibufds/I
    HPIOBDIFFINBUF_X0Y37 DIFFINBUF (Prop_DIFFINBUF_HPIOBDIFFINBUF_DIFF_IN_P_O)
                                                      0.672     5.751 r  u_ibufds/DIFFINBUF_INST/O
                         net (fo=1, routed)           0.040     5.791    u_ibufds/OUT
    BC26                 IBUFCTRL (Prop_IBUFCTRL_HPIOB_M_I_O)
                                                      0.000     5.791 r  u_ibufds/IBUFCTRL_INST/O
                         net (fo=1, routed)           0.297     6.088    clk200_raw
    BUFGCE_X0Y45         BUFGCE (Prop_BUFCE_BUFGCE_I_O)
                                                      0.024     6.112 r  u_bufg200/O
    X4Y1 (CLOCK_ROOT)    net (fo=52219, routed)       1.152     7.264    clk200
    SLICE_X116Y120       FDRE                                         r  scan_result200_reg[48]/C
                         clock pessimism              0.200     7.465    <hidden>
                         clock uncertainty           -0.035     7.429    <hidden>
    SLICE_X116Y120       FDRE (Setup_BFF_SLICEL_C_D)
                                                      0.025     7.454    scan_result200_reg[48]
  -------------------------------------------------------------------
                         required time                          7.454    <hidden>
                         arrival time                          -7.241    <hidden>
  -------------------------------------------------------------------
                         slack                                  0.214    <hidden>

Slack (MET) :             0.229ns  (required time - arrival time)
  Source:                 scan_index200_reg[2]_rep/C
                            (rising edge-triggered cell FDRE clocked by clk200  {rise@0.000ns fall@2.500ns period=5.000ns})
  Destination:            scan_result200_reg[295]/D
                            (rising edge-triggered cell FDRE clocked by clk200  {rise@0.000ns fall@2.500ns period=5.000ns})
  Path Group:             clk200
  Path Type:              Setup (Max at Slow Process Corner)
  Requirement:            5.000ns  (clk200 rise@5.000ns - clk200 rise@0.000ns)
  Data Path Delay:        4.670ns  (logic 0.345ns (7.387%)  route 4.325ns (92.613%))
  Logic Levels:           3  (LUT5=1 LUT6=1 MUXF7=1)
  Clock Path Skew:        -0.090ns (DCD - SCD + CPR)
    Destination Clock Delay (DCD):    2.229ns = ( 7.229 - 5.000 ) 
    Source Clock Delay      (SCD):    2.520ns
    Clock Pessimism Removal (CPR):    0.200ns
  Clock Uncertainty:      0.035ns  ((TSJ^2 + TIJ^2)^1/2 + DJ) / 2 + PE
    Total System Jitter     (TSJ):    0.071ns
    Total Input Jitter      (TIJ):    0.000ns
    Discrete Jitter          (DJ):    0.000ns
    Phase Error              (PE):    0.000ns
  Clock Net Delay (Source):      1.223ns (routing 0.171ns, distribution 1.052ns)
  Clock Net Delay (Destination): 1.117ns (routing 0.155ns, distribution 0.962ns)

    Location             Delay type                Incr(ns)  Path(ns)    Netlist Resource(s)
  -------------------------------------------------------------------    -------------------
                         (clock clk200 rise edge)     0.000     0.000 r  <hidden>
    BC26                                              0.000     0.000 r  clk_p
                         net (fo=0)                   0.100     0.100    u_ibufds/I
    HPIOBDIFFINBUF_X0Y37 DIFFINBUF (Prop_DIFFINBUF_HPIOBDIFFINBUF_DIFF_IN_P_O)
                                                      0.784     0.884 r  u_ibufds/DIFFINBUF_INST/O
                         net (fo=1, routed)           0.050     0.934    u_ibufds/OUT
    BC26                 IBUFCTRL (Prop_IBUFCTRL_HPIOB_M_I_O)
                                                      0.000     0.934 r  u_ibufds/IBUFCTRL_INST/O
                         net (fo=1, routed)           0.335     1.269    clk200_raw
    BUFGCE_X0Y45         BUFGCE (Prop_BUFCE_BUFGCE_I_O)
                                                      0.028     1.297 r  u_bufg200/O
    X4Y1 (CLOCK_ROOT)    net (fo=52219, routed)       1.223     2.520    clk200
    SLICE_X121Y133       FDRE                                         r  scan_index200_reg[2]_rep/C
  -------------------------------------------------------------------    -------------------
    SLICE_X121Y133       FDRE (Prop_EFF_SLICEM_C_Q)
                                                      0.076     2.596 r  scan_index200_reg[2]_rep/Q
                         net (fo=124, routed)         2.411     5.007    scan_index200_reg[2]_rep_n_0
    SLICE_X32Y110        MUXF7 (Prop_F7MUX_CD_SLICEL_S_O)
                                                      0.070     5.077 r  scan_result200_reg[295]_i_20/O
                         net (fo=1, routed)           1.079     6.156    scan_result200_reg[295]_i_20_n_0
    SLICE_X87Y117        LUT6 (Prop_H6LUT_SLICEM_I5_O)
                                                      0.101     6.257 r  scan_result200[295]_i_6/O
                         net (fo=1, routed)           0.769     7.026    scan_result200[295]_i_6_n_0
    SLICE_X115Y117       LUT5 (Prop_C6LUT_SLICEM_I2_O)
                                                      0.098     7.124 r  scan_result200[295]_i_2/O
                         net (fo=1, routed)           0.066     7.190    candidate_bus200[295]
    SLICE_X115Y117       FDRE                                         r  scan_result200_reg[295]/D
  -------------------------------------------------------------------    -------------------

                         (clock clk200 rise edge)     5.000     5.000 r  <hidden>
    BC26                                              0.000     5.000 r  clk_p
                         net (fo=0)                   0.079     5.079    u_ibufds/I
    HPIOBDIFFINBUF_X0Y37 DIFFINBUF (Prop_DIFFINBUF_HPIOBDIFFINBUF_DIFF_IN_P_O)
                                                      0.672     5.751 r  u_ibufds/DIFFINBUF_INST/O
                         net (fo=1, routed)           0.040     5.791    u_ibufds/OUT
    BC26                 IBUFCTRL (Prop_IBUFCTRL_HPIOB_M_I_O)
                                                      0.000     5.791 r  u_ibufds/IBUFCTRL_INST/O
                         net (fo=1, routed)           0.297     6.088    clk200_raw
    BUFGCE_X0Y45         BUFGCE (Prop_BUFCE_BUFGCE_I_O)
                                                      0.024     6.112 r  u_bufg200/O
    X4Y1 (CLOCK_ROOT)    net (fo=52219, routed)       1.117     7.229    clk200
    SLICE_X115Y117       FDRE                                         r  scan_result200_reg[295]/C
                         clock pessimism              0.200     7.430    <hidden>
                         clock uncertainty           -0.035     7.394    <hidden>
    SLICE_X115Y117       FDRE (Setup_CFF_SLICEM_C_D)
                                                      0.025     7.419    scan_result200_reg[295]
  -------------------------------------------------------------------
                         required time                          7.419    <hidden>
                         arrival time                          -7.190    <hidden>
  -------------------------------------------------------------------
                         slack                                  0.229    <hidden>

Slack (MET) :             0.232ns  (required time - arrival time)
  Source:                 scan_index200_reg[2]_rep__7/C
                            (rising edge-triggered cell FDRE clocked by clk200  {rise@0.000ns fall@2.500ns period=5.000ns})
  Destination:            scan_result200_reg[150]/D
                            (rising edge-triggered cell FDRE clocked by clk200  {rise@0.000ns fall@2.500ns period=5.000ns})
  Path Group:             clk200
  Path Type:              Setup (Max at Slow Process Corner)
  Requirement:            5.000ns  (clk200 rise@5.000ns - clk200 rise@0.000ns)
  Data Path Delay:        4.516ns  (logic 0.307ns (6.798%)  route 4.209ns (93.202%))
  Logic Levels:           3  (LUT5=1 LUT6=1 MUXF7=1)
  Clock Path Skew:        -0.241ns (DCD - SCD + CPR)
    Destination Clock Delay (DCD):    2.271ns = ( 7.271 - 5.000 ) 
    Source Clock Delay      (SCD):    2.778ns
    Clock Pessimism Removal (CPR):    0.266ns
  Clock Uncertainty:      0.035ns  ((TSJ^2 + TIJ^2)^1/2 + DJ) / 2 + PE
    Total System Jitter     (TSJ):    0.071ns
    Total Input Jitter      (TIJ):    0.000ns
    Discrete Jitter          (DJ):    0.000ns
    Phase Error              (PE):    0.000ns
  Clock Net Delay (Source):      1.481ns (routing 0.171ns, distribution 1.310ns)
  Clock Net Delay (Destination): 1.158ns (routing 0.155ns, distribution 1.003ns)

    Location             Delay type                Incr(ns)  Path(ns)    Netlist Resource(s)
  -------------------------------------------------------------------    -------------------
                         (clock clk200 rise edge)     0.000     0.000 r  <hidden>
    BC26                                              0.000     0.000 r  clk_p
                         net (fo=0)                   0.100     0.100    u_ibufds/I
    HPIOBDIFFINBUF_X0Y37 DIFFINBUF (Prop_DIFFINBUF_HPIOBDIFFINBUF_DIFF_IN_P_O)
                                                      0.784     0.884 r  u_ibufds/DIFFINBUF_INST/O
                         net (fo=1, routed)           0.050     0.934    u_ibufds/OUT
    BC26                 IBUFCTRL (Prop_IBUFCTRL_HPIOB_M_I_O)
                                                      0.000     0.934 r  u_ibufds/IBUFCTRL_INST/O
                         net (fo=1, routed)           0.335     1.269    clk200_raw
    BUFGCE_X0Y45         BUFGCE (Prop_BUFCE_BUFGCE_I_O)
                                                      0.028     1.297 r  u_bufg200/O
    X4Y1 (CLOCK_ROOT)    net (fo=52219, routed)       1.481     2.778    clk200
    SLICE_X84Y126        FDRE                                         r  scan_index200_reg[2]_rep__7/C
  -------------------------------------------------------------------    -------------------
    SLICE_X84Y126        FDRE (Prop_EFF_SLICEL_C_Q)
                                                      0.079     2.857 r  scan_index200_reg[2]_rep__7/Q
                         net (fo=124, routed)         2.366     5.223    scan_index200_reg[2]_rep__7_n_0
    SLICE_X162Y76        MUXF7 (Prop_F7MUX_GH_SLICEM_S_O)
                                                      0.076     5.299 r  scan_result200_reg[150]_i_12/O
                         net (fo=1, routed)           1.417     6.716    scan_result200_reg[150]_i_12_n_0
    SLICE_X115Y102       LUT6 (Prop_H6LUT_SLICEM_I1_O)
                                                      0.101     6.817 r  scan_result200[150]_i_4/O
                         net (fo=1, routed)           0.359     7.176    scan_result200[150]_i_4_n_0
    SLICE_X115Y125       LUT5 (Prop_F6LUT_SLICEM_I4_O)
                                                      0.051     7.227 r  scan_result200[150]_i_1/O
                         net (fo=1, routed)           0.067     7.294    candidate_bus200[150]
    SLICE_X115Y125       FDRE                                         r  scan_result200_reg[150]/D
  -------------------------------------------------------------------    -------------------

                         (clock clk200 rise edge)     5.000     5.000 r  <hidden>
    BC26                                              0.000     5.000 r  clk_p
                         net (fo=0)                   0.079     5.079    u_ibufds/I
    HPIOBDIFFINBUF_X0Y37 DIFFINBUF (Prop_DIFFINBUF_HPIOBDIFFINBUF_DIFF_IN_P_O)
                                                      0.672     5.751 r  u_ibufds/DIFFINBUF_INST/O
                         net (fo=1, routed)           0.040     5.791    u_ibufds/OUT
    BC26                 IBUFCTRL (Prop_IBUFCTRL_HPIOB_M_I_O)
                                                      0.000     5.791 r  u_ibufds/IBUFCTRL_INST/O
                         net (fo=1, routed)           0.297     6.088    clk200_raw
    BUFGCE_X0Y45         BUFGCE (Prop_BUFCE_BUFGCE_I_O)
                                                      0.024     6.112 r  u_bufg200/O
    X4Y1 (CLOCK_ROOT)    net (fo=52219, routed)       1.158     7.271    clk200
    SLICE_X115Y125       FDRE                                         r  scan_result200_reg[150]/C
                         clock pessimism              0.266     7.537    <hidden>
                         clock uncertainty           -0.035     7.501    <hidden>
    SLICE_X115Y125       FDRE (Setup_FFF_SLICEM_C_D)
                                                      0.025     7.526    scan_result200_reg[150]
  -------------------------------------------------------------------
                         required time                          7.526    <hidden>
                         arrival time                          -7.294    <hidden>
  -------------------------------------------------------------------
                         slack                                  0.232    <hidden>

Slack (MET) :             0.233ns  (required time - arrival time)
  Source:                 scan_index200_reg[2]_rep__10/C
                            (rising edge-triggered cell FDRE clocked by clk200  {rise@0.000ns fall@2.500ns period=5.000ns})
  Destination:            scan_result200_reg[112]/D
                            (rising edge-triggered cell FDRE clocked by clk200  {rise@0.000ns fall@2.500ns period=5.000ns})
  Path Group:             clk200
  Path Type:              Setup (Max at Slow Process Corner)
  Requirement:            5.000ns  (clk200 rise@5.000ns - clk200 rise@0.000ns)
  Data Path Delay:        4.533ns  (logic 0.321ns (7.081%)  route 4.212ns (92.919%))
  Logic Levels:           3  (LUT5=1 MUXF7=1 MUXF8=1)
  Clock Path Skew:        -0.223ns (DCD - SCD + CPR)
    Destination Clock Delay (DCD):    2.229ns = ( 7.229 - 5.000 ) 
    Source Clock Delay      (SCD):    2.715ns
    Clock Pessimism Removal (CPR):    0.262ns
  Clock Uncertainty:      0.035ns  ((TSJ^2 + TIJ^2)^1/2 + DJ) / 2 + PE
    Total System Jitter     (TSJ):    0.071ns
    Total Input Jitter      (TIJ):    0.000ns
    Discrete Jitter          (DJ):    0.000ns
    Phase Error              (PE):    0.000ns
  Clock Net Delay (Source):      1.418ns (routing 0.171ns, distribution 1.247ns)
  Clock Net Delay (Destination): 1.117ns (routing 0.155ns, distribution 0.962ns)

    Location             Delay type                Incr(ns)  Path(ns)    Netlist Resource(s)
  -------------------------------------------------------------------    -------------------
                         (clock clk200 rise edge)     0.000     0.000 r  <hidden>
    BC26                                              0.000     0.000 r  clk_p
                         net (fo=0)                   0.100     0.100    u_ibufds/I
    HPIOBDIFFINBUF_X0Y37 DIFFINBUF (Prop_DIFFINBUF_HPIOBDIFFINBUF_DIFF_IN_P_O)
                                                      0.784     0.884 r  u_ibufds/DIFFINBUF_INST/O
                         net (fo=1, routed)           0.050     0.934    u_ibufds/OUT
    BC26                 IBUFCTRL (Prop_IBUFCTRL_HPIOB_M_I_O)
                                                      0.000     0.934 r  u_ibufds/IBUFCTRL_INST/O
                         net (fo=1, routed)           0.335     1.269    clk200_raw
    BUFGCE_X0Y45         BUFGCE (Prop_BUFCE_BUFGCE_I_O)
                                                      0.028     1.297 r  u_bufg200/O
    X4Y1 (CLOCK_ROOT)    net (fo=52219, routed)       1.418     2.715    clk200
    SLICE_X86Y117        FDRE                                         r  scan_index200_reg[2]_rep__10/C
  -------------------------------------------------------------------    -------------------
    SLICE_X86Y117        FDRE (Prop_AFF_SLICEL_C_Q)
                                                      0.079     2.794 r  scan_index200_reg[2]_rep__10/Q
                         net (fo=124, routed)         2.465     5.259    scan_index200_reg[2]_rep__10_n_0
    SLICE_X152Y175       MUXF7 (Prop_F7MUX_AB_SLICEM_S_O)
                                                      0.069     5.328 r  scan_result200_reg[112]_i_6/O
                         net (fo=1, routed)           0.000     5.328    scan_result200_reg[112]_i_6_n_0
    SLICE_X152Y175       MUXF8 (Prop_F8MUX_BOT_SLICEM_I1_O)
                                                      0.028     5.356 r  scan_result200_reg[112]_i_2/O
                         net (fo=1, routed)           1.675     7.031    scan_result200_reg[112]_i_2_n_0
    SLICE_X114Y109       LUT5 (Prop_D6LUT_SLICEM_I0_O)
                                                      0.145     7.176 r  scan_result200[112]_i_1/O
                         net (fo=1, routed)           0.072     7.248    candidate_bus200[112]
    SLICE_X114Y109       FDRE                                         r  scan_result200_reg[112]/D
  -------------------------------------------------------------------    -------------------

                         (clock clk200 rise edge)     5.000     5.000 r  <hidden>
    BC26                                              0.000     5.000 r  clk_p
                         net (fo=0)                   0.079     5.079    u_ibufds/I
    HPIOBDIFFINBUF_X0Y37 DIFFINBUF (Prop_DIFFINBUF_HPIOBDIFFINBUF_DIFF_IN_P_O)
                                                      0.672     5.751 r  u_ibufds/DIFFINBUF_INST/O
                         net (fo=1, routed)           0.040     5.791    u_ibufds/OUT
    BC26                 IBUFCTRL (Prop_IBUFCTRL_HPIOB_M_I_O)
                                                      0.000     5.791 r  u_ibufds/IBUFCTRL_INST/O
                         net (fo=1, routed)           0.297     6.088    clk200_raw
    BUFGCE_X0Y45         BUFGCE (Prop_BUFCE_BUFGCE_I_O)
                                                      0.024     6.112 r  u_bufg200/O
    X4Y1 (CLOCK_ROOT)    net (fo=52219, routed)       1.117     7.229    clk200
    SLICE_X114Y109       FDRE                                         r  scan_result200_reg[112]/C
                         clock pessimism              0.262     7.492    <hidden>
                         clock uncertainty           -0.035     7.456    <hidden>
    SLICE_X114Y109       FDRE (Setup_DFF_SLICEM_C_D)
                                                      0.025     7.481    scan_result200_reg[112]
  -------------------------------------------------------------------
                         required time                          7.481    <hidden>
                         arrival time                          -7.248    <hidden>
  -------------------------------------------------------------------
                         slack                                  0.233    <hidden>

Slack (MET) :             0.270ns  (required time - arrival time)
  Source:                 scan_index200_reg[2]_rep__10/C
                            (rising edge-triggered cell FDRE clocked by clk200  {rise@0.000ns fall@2.500ns period=5.000ns})
  Destination:            scan_result200_reg[111]/D
                            (rising edge-triggered cell FDRE clocked by clk200  {rise@0.000ns fall@2.500ns period=5.000ns})
  Path Group:             clk200
  Path Type:              Setup (Max at Slow Process Corner)
  Requirement:            5.000ns  (clk200 rise@5.000ns - clk200 rise@0.000ns)
  Data Path Delay:        4.501ns  (logic 0.301ns (6.687%)  route 4.200ns (93.313%))
  Logic Levels:           3  (LUT5=1 LUT6=1 MUXF7=1)
  Clock Path Skew:        -0.219ns (DCD - SCD + CPR)
    Destination Clock Delay (DCD):    2.234ns = ( 7.234 - 5.000 ) 
    Source Clock Delay      (SCD):    2.715ns
    Clock Pessimism Removal (CPR):    0.262ns
  Clock Uncertainty:      0.035ns  ((TSJ^2 + TIJ^2)^1/2 + DJ) / 2 + PE
    Total System Jitter     (TSJ):    0.071ns
    Total Input Jitter      (TIJ):    0.000ns
    Discrete Jitter          (DJ):    0.000ns
    Phase Error              (PE):    0.000ns
  Clock Net Delay (Source):      1.418ns (routing 0.171ns, distribution 1.247ns)
  Clock Net Delay (Destination): 1.122ns (routing 0.155ns, distribution 0.967ns)

    Location             Delay type                Incr(ns)  Path(ns)    Netlist Resource(s)
  -------------------------------------------------------------------    -------------------
                         (clock clk200 rise edge)     0.000     0.000 r  <hidden>
    BC26                                              0.000     0.000 r  clk_p
                         net (fo=0)                   0.100     0.100    u_ibufds/I
    HPIOBDIFFINBUF_X0Y37 DIFFINBUF (Prop_DIFFINBUF_HPIOBDIFFINBUF_DIFF_IN_P_O)
                                                      0.784     0.884 r  u_ibufds/DIFFINBUF_INST/O
                         net (fo=1, routed)           0.050     0.934    u_ibufds/OUT
    BC26                 IBUFCTRL (Prop_IBUFCTRL_HPIOB_M_I_O)
                                                      0.000     0.934 r  u_ibufds/IBUFCTRL_INST/O
                         net (fo=1, routed)           0.335     1.269    clk200_raw
    BUFGCE_X0Y45         BUFGCE (Prop_BUFCE_BUFGCE_I_O)
                                                      0.028     1.297 r  u_bufg200/O
    X4Y1 (CLOCK_ROOT)    net (fo=52219, routed)       1.418     2.715    clk200
    SLICE_X86Y117        FDRE                                         r  scan_index200_reg[2]_rep__10/C
  -------------------------------------------------------------------    -------------------
    SLICE_X86Y117        FDRE (Prop_AFF_SLICEL_C_Q)
                                                      0.079     2.794 r  scan_index200_reg[2]_rep__10/Q
                         net (fo=124, routed)         2.488     5.282    scan_index200_reg[2]_rep__10_n_0
    SLICE_X159Y74        MUXF7 (Prop_F7MUX_CD_SLICEL_S_O)
                                                      0.070     5.352 r  scan_result200_reg[111]_i_12/O
                         net (fo=1, routed)           1.481     6.833    scan_result200_reg[111]_i_12_n_0
    SLICE_X114Y104       LUT6 (Prop_H6LUT_SLICEM_I1_O)
                                                      0.053     6.886 r  scan_result200[111]_i_4/O
                         net (fo=1, routed)           0.159     7.045    scan_result200[111]_i_4_n_0
    SLICE_X114Y110       LUT5 (Prop_D6LUT_SLICEM_I4_O)
                                                      0.099     7.144 r  scan_result200[111]_i_1/O
                         net (fo=1, routed)           0.072     7.216    candidate_bus200[111]
    SLICE_X114Y110       FDRE                                         r  scan_result200_reg[111]/D
  -------------------------------------------------------------------    -------------------

                         (clock clk200 rise edge)     5.000     5.000 r  <hidden>
    BC26                                              0.000     5.000 r  clk_p
                         net (fo=0)                   0.079     5.079    u_ibufds/I
    HPIOBDIFFINBUF_X0Y37 DIFFINBUF (Prop_DIFFINBUF_HPIOBDIFFINBUF_DIFF_IN_P_O)
                                                      0.672     5.751 r  u_ibufds/DIFFINBUF_INST/O
                         net (fo=1, routed)           0.040     5.791    u_ibufds/OUT
    BC26                 IBUFCTRL (Prop_IBUFCTRL_HPIOB_M_I_O)
                                                      0.000     5.791 r  u_ibufds/IBUFCTRL_INST/O
                         net (fo=1, routed)           0.297     6.088    clk200_raw
    BUFGCE_X0Y45         BUFGCE (Prop_BUFCE_BUFGCE_I_O)
                                                      0.024     6.112 r  u_bufg200/O
    X4Y1 (CLOCK_ROOT)    net (fo=52219, routed)       1.122     7.234    clk200
    SLICE_X114Y110       FDRE                                         r  scan_result200_reg[111]/C
                         clock pessimism              0.262     7.496    <hidden>
                         clock uncertainty           -0.035     7.461    <hidden>
    SLICE_X114Y110       FDRE (Setup_DFF_SLICEM_C_D)
                                                      0.025     7.486    scan_result200_reg[111]
  -------------------------------------------------------------------
                         required time                          7.486    <hidden>
                         arrival time                          -7.216    <hidden>
  -------------------------------------------------------------------
                         slack                                  0.270    <hidden>

Slack (MET) :             0.280ns  (required time - arrival time)
  Source:                 scan_index200_reg[2]_rep__9/C
                            (rising edge-triggered cell FDRE clocked by clk200  {rise@0.000ns fall@2.500ns period=5.000ns})
  Destination:            scan_result200_reg[121]/D
                            (rising edge-triggered cell FDRE clocked by clk200  {rise@0.000ns fall@2.500ns period=5.000ns})
  Path Group:             clk200
  Path Type:              Setup (Max at Slow Process Corner)
  Requirement:            5.000ns  (clk200 rise@5.000ns - clk200 rise@0.000ns)
  Data Path Delay:        4.512ns  (logic 0.240ns (5.319%)  route 4.272ns (94.681%))
  Logic Levels:           3  (LUT5=1 LUT6=1 MUXF7=1)
  Clock Path Skew:        -0.198ns (DCD - SCD + CPR)
    Destination Clock Delay (DCD):    2.228ns = ( 7.228 - 5.000 ) 
    Source Clock Delay      (SCD):    2.688ns
    Clock Pessimism Removal (CPR):    0.262ns
  Clock Uncertainty:      0.035ns  ((TSJ^2 + TIJ^2)^1/2 + DJ) / 2 + PE
    Total System Jitter     (TSJ):    0.071ns
    Total Input Jitter      (TIJ):    0.000ns
    Discrete Jitter          (DJ):    0.000ns
    Phase Error              (PE):    0.000ns
  Clock Net Delay (Source):      1.391ns (routing 0.171ns, distribution 1.220ns)
  Clock Net Delay (Destination): 1.116ns (routing 0.155ns, distribution 0.961ns)

    Location             Delay type                Incr(ns)  Path(ns)    Netlist Resource(s)
  -------------------------------------------------------------------    -------------------
                         (clock clk200 rise edge)     0.000     0.000 r  <hidden>
    BC26                                              0.000     0.000 r  clk_p
                         net (fo=0)                   0.100     0.100    u_ibufds/I
    HPIOBDIFFINBUF_X0Y37 DIFFINBUF (Prop_DIFFINBUF_HPIOBDIFFINBUF_DIFF_IN_P_O)
                                                      0.784     0.884 r  u_ibufds/DIFFINBUF_INST/O
                         net (fo=1, routed)           0.050     0.934    u_ibufds/OUT
    BC26                 IBUFCTRL (Prop_IBUFCTRL_HPIOB_M_I_O)
                                                      0.000     0.934 r  u_ibufds/IBUFCTRL_INST/O
                         net (fo=1, routed)           0.335     1.269    clk200_raw
    BUFGCE_X0Y45         BUFGCE (Prop_BUFCE_BUFGCE_I_O)
                                                      0.028     1.297 r  u_bufg200/O
    X4Y1 (CLOCK_ROOT)    net (fo=52219, routed)       1.391     2.688    clk200
    SLICE_X93Y119        FDRE                                         r  scan_index200_reg[2]_rep__9/C
  -------------------------------------------------------------------    -------------------
    SLICE_X93Y119        FDRE (Prop_HFF2_SLICEL_C_Q)
                                                      0.080     2.768 r  scan_index200_reg[2]_rep__9/Q
                         net (fo=127, routed)         2.242     5.010    scan_index200_reg[2]_rep__9_n_0
    SLICE_X183Y129       MUXF7 (Prop_F7MUX_CD_SLICEL_S_O)
                                                      0.070     5.080 r  scan_result200_reg[121]_i_14/O
                         net (fo=1, routed)           1.752     6.832    scan_result200_reg[121]_i_14_n_0
    SLICE_X115Y108       LUT6 (Prop_H6LUT_SLICEM_I5_O)
                                                      0.053     6.885 r  scan_result200[121]_i_4/O
                         net (fo=1, routed)           0.219     7.104    scan_result200[121]_i_4_n_0
    SLICE_X115Y117       LUT5 (Prop_G6LUT_SLICEM_I4_O)
                                                      0.037     7.141 r  scan_result200[121]_i_1/O
                         net (fo=1, routed)           0.059     7.200    candidate_bus200[121]
    SLICE_X115Y117       FDRE                                         r  scan_result200_reg[121]/D
  -------------------------------------------------------------------    -------------------

                         (clock clk200 rise edge)     5.000     5.000 r  <hidden>
    BC26                                              0.000     5.000 r  clk_p
                         net (fo=0)                   0.079     5.079    u_ibufds/I
    HPIOBDIFFINBUF_X0Y37 DIFFINBUF (Prop_DIFFINBUF_HPIOBDIFFINBUF_DIFF_IN_P_O)
                                                      0.672     5.751 r  u_ibufds/DIFFINBUF_INST/O
                         net (fo=1, routed)           0.040     5.791    u_ibufds/OUT
    BC26                 IBUFCTRL (Prop_IBUFCTRL_HPIOB_M_I_O)
                                                      0.000     5.791 r  u_ibufds/IBUFCTRL_INST/O
                         net (fo=1, routed)           0.297     6.088    clk200_raw
    BUFGCE_X0Y45         BUFGCE (Prop_BUFCE_BUFGCE_I_O)
                                                      0.024     6.112 r  u_bufg200/O
    X4Y1 (CLOCK_ROOT)    net (fo=52219, routed)       1.116     7.228    clk200
    SLICE_X115Y117       FDRE                                         r  scan_result200_reg[121]/C
                         clock pessimism              0.262     7.490    <hidden>
                         clock uncertainty           -0.035     7.455    <hidden>
    SLICE_X115Y117       FDRE (Setup_GFF_SLICEM_C_D)
                                                      0.025     7.480    scan_result200_reg[121]
  -------------------------------------------------------------------
                         required time                          7.480    <hidden>
                         arrival time                          -7.200    <hidden>
  -------------------------------------------------------------------
                         slack                                  0.280    <hidden>

Slack (MET) :             0.283ns  (required time - arrival time)
  Source:                 scan_index200_reg[2]_rep__6/C
                            (rising edge-triggered cell FDRE clocked by clk200  {rise@0.000ns fall@2.500ns period=5.000ns})
  Destination:            scan_result200_reg[152]/D
                            (rising edge-triggered cell FDRE clocked by clk200  {rise@0.000ns fall@2.500ns period=5.000ns})
  Path Group:             clk200
  Path Type:              Setup (Max at Slow Process Corner)
  Requirement:            5.000ns  (clk200 rise@5.000ns - clk200 rise@0.000ns)
  Data Path Delay:        4.533ns  (logic 0.239ns (5.272%)  route 4.294ns (94.728%))
  Logic Levels:           3  (LUT5=1 LUT6=1 MUXF7=1)
  Clock Path Skew:        -0.174ns (DCD - SCD + CPR)
    Destination Clock Delay (DCD):    2.272ns = ( 7.272 - 5.000 ) 
    Source Clock Delay      (SCD):    2.646ns
    Clock Pessimism Removal (CPR):    0.200ns
  Clock Uncertainty:      0.035ns  ((TSJ^2 + TIJ^2)^1/2 + DJ) / 2 + PE
    Total System Jitter     (TSJ):    0.071ns
    Total Input Jitter      (TIJ):    0.000ns
    Discrete Jitter          (DJ):    0.000ns
    Phase Error              (PE):    0.000ns
  Clock Net Delay (Source):      1.349ns (routing 0.171ns, distribution 1.178ns)
  Clock Net Delay (Destination): 1.159ns (routing 0.155ns, distribution 1.004ns)

    Location             Delay type                Incr(ns)  Path(ns)    Netlist Resource(s)
  -------------------------------------------------------------------    -------------------
                         (clock clk200 rise edge)     0.000     0.000 r  <hidden>
    BC26                                              0.000     0.000 r  clk_p
                         net (fo=0)                   0.100     0.100    u_ibufds/I
    HPIOBDIFFINBUF_X0Y37 DIFFINBUF (Prop_DIFFINBUF_HPIOBDIFFINBUF_DIFF_IN_P_O)
                                                      0.784     0.884 r  u_ibufds/DIFFINBUF_INST/O
                         net (fo=1, routed)           0.050     0.934    u_ibufds/OUT
    BC26                 IBUFCTRL (Prop_IBUFCTRL_HPIOB_M_I_O)
                                                      0.000     0.934 r  u_ibufds/IBUFCTRL_INST/O
                         net (fo=1, routed)           0.335     1.269    clk200_raw
    BUFGCE_X0Y45         BUFGCE (Prop_BUFCE_BUFGCE_I_O)
                                                      0.028     1.297 r  u_bufg200/O
    X4Y1 (CLOCK_ROOT)    net (fo=52219, routed)       1.349     2.646    clk200
    SLICE_X98Y115        FDRE                                         r  scan_index200_reg[2]_rep__6/C
  -------------------------------------------------------------------    -------------------
    SLICE_X98Y115        FDRE (Prop_FFF_SLICEL_C_Q)
                                                      0.079     2.725 r  scan_index200_reg[2]_rep__6/Q
                         net (fo=126, routed)         2.345     5.070    scan_index200_reg[2]_rep__6_n_0
    SLICE_X159Y75        MUXF7 (Prop_F7MUX_CD_SLICEL_S_O)
                                                      0.070     5.140 r  scan_result200_reg[152]_i_12/O
                         net (fo=1, routed)           1.497     6.637    scan_result200_reg[152]_i_12_n_0
    SLICE_X115Y103       LUT6 (Prop_H6LUT_SLICEM_I1_O)
                                                      0.053     6.690 r  scan_result200[152]_i_4/O
                         net (fo=1, routed)           0.380     7.070    scan_result200[152]_i_4_n_0
    SLICE_X115Y125       LUT5 (Prop_D6LUT_SLICEM_I4_O)
                                                      0.037     7.107 r  scan_result200[152]_i_1/O
                         net (fo=1, routed)           0.072     7.179    candidate_bus200[152]
    SLICE_X115Y125       FDRE                                         r  scan_result200_reg[152]/D
  -------------------------------------------------------------------    -------------------

                         (clock clk200 rise edge)     5.000     5.000 r  <hidden>
    BC26                                              0.000     5.000 r  clk_p
                         net (fo=0)                   0.079     5.079    u_ibufds/I
    HPIOBDIFFINBUF_X0Y37 DIFFINBUF (Prop_DIFFINBUF_HPIOBDIFFINBUF_DIFF_IN_P_O)
                                                      0.672     5.751 r  u_ibufds/DIFFINBUF_INST/O
                         net (fo=1, routed)           0.040     5.791    u_ibufds/OUT
    BC26                 IBUFCTRL (Prop_IBUFCTRL_HPIOB_M_I_O)
                                                      0.000     5.791 r  u_ibufds/IBUFCTRL_INST/O
                         net (fo=1, routed)           0.297     6.088    clk200_raw
    BUFGCE_X0Y45         BUFGCE (Prop_BUFCE_BUFGCE_I_O)
                                                      0.024     6.112 r  u_bufg200/O
    X4Y1 (CLOCK_ROOT)    net (fo=52219, routed)       1.159     7.272    clk200
    SLICE_X115Y125       FDRE                                         r  scan_result200_reg[152]/C
                         clock pessimism              0.200     7.472    <hidden>
                         clock uncertainty           -0.035     7.437    <hidden>
    SLICE_X115Y125       FDRE (Setup_DFF_SLICEM_C_D)
                                                      0.025     7.462    scan_result200_reg[152]
  -------------------------------------------------------------------
                         required time                          7.462    <hidden>
                         arrival time                          -7.179    <hidden>
  -------------------------------------------------------------------
                         slack                                  0.283    <hidden>

Slack (MET) :             0.285ns  (required time - arrival time)
  Source:                 scan_index200_reg[2]_rep__22/C
                            (rising edge-triggered cell FDRE clocked by clk200  {rise@0.000ns fall@2.500ns period=5.000ns})
  Destination:            scan_result200_reg[238]/D
                            (rising edge-triggered cell FDRE clocked by clk200  {rise@0.000ns fall@2.500ns period=5.000ns})
  Path Group:             clk200
  Path Type:              Setup (Max at Slow Process Corner)
  Requirement:            5.000ns  (clk200 rise@5.000ns - clk200 rise@0.000ns)
  Data Path Delay:        4.566ns  (logic 0.241ns (5.278%)  route 4.325ns (94.722%))
  Logic Levels:           3  (LUT5=1 LUT6=1 MUXF7=1)
  Clock Path Skew:        -0.138ns (DCD - SCD + CPR)
    Destination Clock Delay (DCD):    2.236ns = ( 7.236 - 5.000 ) 
    Source Clock Delay      (SCD):    2.633ns
    Clock Pessimism Removal (CPR):    0.259ns
  Clock Uncertainty:      0.035ns  ((TSJ^2 + TIJ^2)^1/2 + DJ) / 2 + PE
    Total System Jitter     (TSJ):    0.071ns
    Total Input Jitter      (TIJ):    0.000ns
    Discrete Jitter          (DJ):    0.000ns
    Phase Error              (PE):    0.000ns
  Clock Net Delay (Source):      1.336ns (routing 0.171ns, distribution 1.165ns)
  Clock Net Delay (Destination): 1.124ns (routing 0.155ns, distribution 0.969ns)

    Location             Delay type                Incr(ns)  Path(ns)    Netlist Resource(s)
  -------------------------------------------------------------------    -------------------
                         (clock clk200 rise edge)     0.000     0.000 r  <hidden>
    BC26                                              0.000     0.000 r  clk_p
                         net (fo=0)                   0.100     0.100    u_ibufds/I
    HPIOBDIFFINBUF_X0Y37 DIFFINBUF (Prop_DIFFINBUF_HPIOBDIFFINBUF_DIFF_IN_P_O)
                                                      0.784     0.884 r  u_ibufds/DIFFINBUF_INST/O
                         net (fo=1, routed)           0.050     0.934    u_ibufds/OUT
    BC26                 IBUFCTRL (Prop_IBUFCTRL_HPIOB_M_I_O)
                                                      0.000     0.934 r  u_ibufds/IBUFCTRL_INST/O
                         net (fo=1, routed)           0.335     1.269    clk200_raw
    BUFGCE_X0Y45         BUFGCE (Prop_BUFCE_BUFGCE_I_O)
                                                      0.028     1.297 r  u_bufg200/O
    X4Y1 (CLOCK_ROOT)    net (fo=52219, routed)       1.336     2.633    clk200
    SLICE_X100Y113       FDRE                                         r  scan_index200_reg[2]_rep__22/C
  -------------------------------------------------------------------    -------------------
    SLICE_X100Y113       FDRE (Prop_EFF_SLICEM_C_Q)
                                                      0.076     2.709 r  scan_index200_reg[2]_rep__22/Q
                         net (fo=124, routed)         2.249     4.958    scan_index200_reg[2]_rep__22_n_0
    SLICE_X179Y124       MUXF7 (Prop_F7MUX_CD_SLICEM_S_O)
                                                      0.077     5.035 r  scan_result200_reg[238]_i_14/O
                         net (fo=1, routed)           1.708     6.743    scan_result200_reg[238]_i_14_n_0
    SLICE_X114Y103       LUT6 (Prop_H6LUT_SLICEM_I5_O)
                                                      0.053     6.796 r  scan_result200[238]_i_4/O
                         net (fo=1, routed)           0.320     7.116    scan_result200[238]_i_4_n_0
    SLICE_X113Y115       LUT5 (Prop_A6LUT_SLICEL_I4_O)
                                                      0.035     7.151 r  scan_result200[238]_i_1/O
                         net (fo=1, routed)           0.048     7.199    candidate_bus200[238]
    SLICE_X113Y115       FDRE                                         r  scan_result200_reg[238]/D
  -------------------------------------------------------------------    -------------------

                         (clock clk200 rise edge)     5.000     5.000 r  <hidden>
    BC26                                              0.000     5.000 r  clk_p
                         net (fo=0)                   0.079     5.079    u_ibufds/I
    HPIOBDIFFINBUF_X0Y37 DIFFINBUF (Prop_DIFFINBUF_HPIOBDIFFINBUF_DIFF_IN_P_O)
                                                      0.672     5.751 r  u_ibufds/DIFFINBUF_INST/O
                         net (fo=1, routed)           0.040     5.791    u_ibufds/OUT
    BC26                 IBUFCTRL (Prop_IBUFCTRL_HPIOB_M_I_O)
                                                      0.000     5.791 r  u_ibufds/IBUFCTRL_INST/O
                         net (fo=1, routed)           0.297     6.088    clk200_raw
    BUFGCE_X0Y45         BUFGCE (Prop_BUFCE_BUFGCE_I_O)
                                                      0.024     6.112 r  u_bufg200/O
    X4Y1 (CLOCK_ROOT)    net (fo=52219, routed)       1.124     7.236    clk200
    SLICE_X113Y115       FDRE                                         r  scan_result200_reg[238]/C
                         clock pessimism              0.259     7.495    <hidden>
                         clock uncertainty           -0.035     7.460    <hidden>
    SLICE_X113Y115       FDRE (Setup_AFF_SLICEL_C_D)
                                                      0.025     7.485    scan_result200_reg[238]
  -------------------------------------------------------------------
                         required time                          7.485    <hidden>
                         arrival time                          -7.199    <hidden>
  -------------------------------------------------------------------
                         slack                                  0.285    <hidden>

Slack (MET) :             0.297ns  (required time - arrival time)
  Source:                 scan_index200_reg[2]_rep__16/C
                            (rising edge-triggered cell FDRE clocked by clk200  {rise@0.000ns fall@2.500ns period=5.000ns})
  Destination:            scan_result200_reg[39]/D
                            (rising edge-triggered cell FDRE clocked by clk200  {rise@0.000ns fall@2.500ns period=5.000ns})
  Path Group:             clk200
  Path Type:              Setup (Max at Slow Process Corner)
  Requirement:            5.000ns  (clk200 rise@5.000ns - clk200 rise@0.000ns)
  Data Path Delay:        4.481ns  (logic 0.254ns (5.669%)  route 4.227ns (94.331%))
  Logic Levels:           3  (LUT5=1 LUT6=1 MUXF7=1)
  Clock Path Skew:        -0.212ns (DCD - SCD + CPR)
    Destination Clock Delay (DCD):    2.272ns = ( 7.272 - 5.000 ) 
    Source Clock Delay      (SCD):    2.750ns
    Clock Pessimism Removal (CPR):    0.266ns
  Clock Uncertainty:      0.035ns  ((TSJ^2 + TIJ^2)^1/2 + DJ) / 2 + PE
    Total System Jitter     (TSJ):    0.071ns
    Total Input Jitter      (TIJ):    0.000ns
    Discrete Jitter          (DJ):    0.000ns
    Phase Error              (PE):    0.000ns
  Clock Net Delay (Source):      1.453ns (routing 0.171ns, distribution 1.282ns)
  Clock Net Delay (Destination): 1.159ns (routing 0.155ns, distribution 1.004ns)

    Location             Delay type                Incr(ns)  Path(ns)    Netlist Resource(s)
  -------------------------------------------------------------------    -------------------
                         (clock clk200 rise edge)     0.000     0.000 r  <hidden>
    BC26                                              0.000     0.000 r  clk_p
                         net (fo=0)                   0.100     0.100    u_ibufds/I
    HPIOBDIFFINBUF_X0Y37 DIFFINBUF (Prop_DIFFINBUF_HPIOBDIFFINBUF_DIFF_IN_P_O)
                                                      0.784     0.884 r  u_ibufds/DIFFINBUF_INST/O
                         net (fo=1, routed)           0.050     0.934    u_ibufds/OUT
    BC26                 IBUFCTRL (Prop_IBUFCTRL_HPIOB_M_I_O)
                                                      0.000     0.934 r  u_ibufds/IBUFCTRL_INST/O
                         net (fo=1, routed)           0.335     1.269    clk200_raw
    BUFGCE_X0Y45         BUFGCE (Prop_BUFCE_BUFGCE_I_O)
                                                      0.028     1.297 r  u_bufg200/O
    X4Y1 (CLOCK_ROOT)    net (fo=52219, routed)       1.453     2.750    clk200
    SLICE_X91Y129        FDRE                                         r  scan_index200_reg[2]_rep__16/C
  -------------------------------------------------------------------    -------------------
    SLICE_X91Y129        FDRE (Prop_EFF_SLICEM_C_Q)
                                                      0.076     2.826 r  scan_index200_reg[2]_rep__16/Q
                         net (fo=128, routed)         2.135     4.961    scan_index200_reg[2]_rep__16_n_0
    SLICE_X187Y130       MUXF7 (Prop_F7MUX_AB_SLICEM_S_O)
                                                      0.076     5.037 r  scan_result200_reg[39]_i_14/O
                         net (fo=1, routed)           1.731     6.768    scan_result200_reg[39]_i_14_n_0
    SLICE_X116Y117       LUT6 (Prop_G6LUT_SLICEL_I5_O)
                                                      0.050     6.818 r  scan_result200[39]_i_4/O
                         net (fo=1, routed)           0.302     7.120    scan_result200[39]_i_4_n_0
    SLICE_X115Y125       LUT5 (Prop_B6LUT_SLICEM_I4_O)
                                                      0.052     7.172 r  scan_result200[39]_i_1/O
                         net (fo=1, routed)           0.059     7.231    candidate_bus200[39]
    SLICE_X115Y125       FDRE                                         r  scan_result200_reg[39]/D
  -------------------------------------------------------------------    -------------------

                         (clock clk200 rise edge)     5.000     5.000 r  <hidden>
    BC26                                              0.000     5.000 r  clk_p
                         net (fo=0)                   0.079     5.079    u_ibufds/I
    HPIOBDIFFINBUF_X0Y37 DIFFINBUF (Prop_DIFFINBUF_HPIOBDIFFINBUF_DIFF_IN_P_O)
                                                      0.672     5.751 r  u_ibufds/DIFFINBUF_INST/O
                         net (fo=1, routed)           0.040     5.791    u_ibufds/OUT
    BC26                 IBUFCTRL (Prop_IBUFCTRL_HPIOB_M_I_O)
                                                      0.000     5.791 r  u_ibufds/IBUFCTRL_INST/O
                         net (fo=1, routed)           0.297     6.088    clk200_raw
    BUFGCE_X0Y45         BUFGCE (Prop_BUFCE_BUFGCE_I_O)
                                                      0.024     6.112 r  u_bufg200/O
    X4Y1 (CLOCK_ROOT)    net (fo=52219, routed)       1.159     7.272    clk200
    SLICE_X115Y125       FDRE                                         r  scan_result200_reg[39]/C
                         clock pessimism              0.266     7.538    <hidden>
                         clock uncertainty           -0.035     7.502    <hidden>
    SLICE_X115Y125       FDRE (Setup_BFF_SLICEM_C_D)
                                                      0.025     7.527    scan_result200_reg[39]
  -------------------------------------------------------------------
                         required time                          7.527    <hidden>
                         arrival time                          -7.231    <hidden>
  -------------------------------------------------------------------
                         slack                                  0.297    <hidden>

Slack (MET) :             0.301ns  (required time - arrival time)
  Source:                 scan_index200_reg[2]_rep__10/C
                            (rising edge-triggered cell FDRE clocked by clk200  {rise@0.000ns fall@2.500ns period=5.000ns})
  Destination:            scan_result200_reg[106]/D
                            (rising edge-triggered cell FDRE clocked by clk200  {rise@0.000ns fall@2.500ns period=5.000ns})
  Path Group:             clk200
  Path Type:              Setup (Max at Slow Process Corner)
  Requirement:            5.000ns  (clk200 rise@5.000ns - clk200 rise@0.000ns)
  Data Path Delay:        4.472ns  (logic 0.282ns (6.306%)  route 4.190ns (93.694%))
  Logic Levels:           3  (LUT5=1 LUT6=1 MUXF7=1)
  Clock Path Skew:        -0.217ns (DCD - SCD + CPR)
    Destination Clock Delay (DCD):    2.236ns = ( 7.236 - 5.000 ) 
    Source Clock Delay      (SCD):    2.715ns
    Clock Pessimism Removal (CPR):    0.262ns
  Clock Uncertainty:      0.035ns  ((TSJ^2 + TIJ^2)^1/2 + DJ) / 2 + PE
    Total System Jitter     (TSJ):    0.071ns
    Total Input Jitter      (TIJ):    0.000ns
    Discrete Jitter          (DJ):    0.000ns
    Phase Error              (PE):    0.000ns
  Clock Net Delay (Source):      1.418ns (routing 0.171ns, distribution 1.247ns)
  Clock Net Delay (Destination): 1.124ns (routing 0.155ns, distribution 0.969ns)

    Location             Delay type                Incr(ns)  Path(ns)    Netlist Resource(s)
  -------------------------------------------------------------------    -------------------
                         (clock clk200 rise edge)     0.000     0.000 r  <hidden>
    BC26                                              0.000     0.000 r  clk_p
                         net (fo=0)                   0.100     0.100    u_ibufds/I
    HPIOBDIFFINBUF_X0Y37 DIFFINBUF (Prop_DIFFINBUF_HPIOBDIFFINBUF_DIFF_IN_P_O)
                                                      0.784     0.884 r  u_ibufds/DIFFINBUF_INST/O
                         net (fo=1, routed)           0.050     0.934    u_ibufds/OUT
    BC26                 IBUFCTRL (Prop_IBUFCTRL_HPIOB_M_I_O)
                                                      0.000     0.934 r  u_ibufds/IBUFCTRL_INST/O
                         net (fo=1, routed)           0.335     1.269    clk200_raw
    BUFGCE_X0Y45         BUFGCE (Prop_BUFCE_BUFGCE_I_O)
                                                      0.028     1.297 r  u_bufg200/O
    X4Y1 (CLOCK_ROOT)    net (fo=52219, routed)       1.418     2.715    clk200
    SLICE_X86Y117        FDRE                                         r  scan_index200_reg[2]_rep__10/C
  -------------------------------------------------------------------    -------------------
    SLICE_X86Y117        FDRE (Prop_AFF_SLICEL_C_Q)
                                                      0.079     2.794 r  scan_index200_reg[2]_rep__10/Q
                         net (fo=124, routed)         2.346     5.140    scan_index200_reg[2]_rep__10_n_0
    SLICE_X157Y75        MUXF7 (Prop_F7MUX_CD_SLICEM_S_O)
                                                      0.077     5.217 r  scan_result200_reg[106]_i_12/O
                         net (fo=1, routed)           1.499     6.716    scan_result200_reg[106]_i_12_n_0
    SLICE_X114Y100       LUT6 (Prop_G6LUT_SLICEM_I1_O)
                                                      0.037     6.753 r  scan_result200[106]_i_4/O
                         net (fo=1, routed)           0.296     7.049    scan_result200[106]_i_4_n_0
    SLICE_X113Y117       LUT5 (Prop_D6LUT_SLICEL_I4_O)
                                                      0.089     7.138 r  scan_result200[106]_i_1/O
                         net (fo=1, routed)           0.049     7.187    candidate_bus200[106]
    SLICE_X113Y117       FDRE                                         r  scan_result200_reg[106]/D
  -------------------------------------------------------------------    -------------------

                         (clock clk200 rise edge)     5.000     5.000 r  <hidden>
    BC26                                              0.000     5.000 r  clk_p
                         net (fo=0)                   0.079     5.079    u_ibufds/I
    HPIOBDIFFINBUF_X0Y37 DIFFINBUF (Prop_DIFFINBUF_HPIOBDIFFINBUF_DIFF_IN_P_O)
                                                      0.672     5.751 r  u_ibufds/DIFFINBUF_INST/O
                         net (fo=1, routed)           0.040     5.791    u_ibufds/OUT
    BC26                 IBUFCTRL (Prop_IBUFCTRL_HPIOB_M_I_O)
                                                      0.000     5.791 r  u_ibufds/IBUFCTRL_INST/O
                         net (fo=1, routed)           0.297     6.088    clk200_raw
    BUFGCE_X0Y45         BUFGCE (Prop_BUFCE_BUFGCE_I_O)
                                                      0.024     6.112 r  u_bufg200/O
    X4Y1 (CLOCK_ROOT)    net (fo=52219, routed)       1.124     7.236    clk200
    SLICE_X113Y117       FDRE                                         r  scan_result200_reg[106]/C
                         clock pessimism              0.262     7.498    <hidden>
                         clock uncertainty           -0.035     7.463    <hidden>
    SLICE_X113Y117       FDRE (Setup_DFF_SLICEL_C_D)
                                                      0.025     7.488    scan_result200_reg[106]
  -------------------------------------------------------------------
                         required time                          7.488    <hidden>
                         arrival time                          -7.187    <hidden>
  -------------------------------------------------------------------
                         slack                                  0.301    <hidden>

Slack (MET) :             0.301ns  (required time - arrival time)
  Source:                 scan_index200_reg[2]_rep__20/C
                            (rising edge-triggered cell FDRE clocked by clk200  {rise@0.000ns fall@2.500ns period=5.000ns})
  Destination:            scan_result200_reg[210]/D
                            (rising edge-triggered cell FDRE clocked by clk200  {rise@0.000ns fall@2.500ns period=5.000ns})
  Path Group:             clk200
  Path Type:              Setup (Max at Slow Process Corner)
  Requirement:            5.000ns  (clk200 rise@5.000ns - clk200 rise@0.000ns)
  Data Path Delay:        4.583ns  (logic 0.281ns (6.131%)  route 4.302ns (93.869%))
  Logic Levels:           3  (LUT5=1 LUT6=1 MUXF7=1)
  Clock Path Skew:        -0.106ns (DCD - SCD + CPR)
    Destination Clock Delay (DCD):    2.236ns = ( 7.236 - 5.000 ) 
    Source Clock Delay      (SCD):    2.601ns
    Clock Pessimism Removal (CPR):    0.259ns
  Clock Uncertainty:      0.035ns  ((TSJ^2 + TIJ^2)^1/2 + DJ) / 2 + PE
    Total System Jitter     (TSJ):    0.071ns
    Total Input Jitter      (TIJ):    0.000ns
    Discrete Jitter          (DJ):    0.000ns
    Phase Error              (PE):    0.000ns
  Clock Net Delay (Source):      1.304ns (routing 0.171ns, distribution 1.133ns)
  Clock Net Delay (Destination): 1.124ns (routing 0.155ns, distribution 0.969ns)

    Location             Delay type                Incr(ns)  Path(ns)    Netlist Resource(s)
  -------------------------------------------------------------------    -------------------
                         (clock clk200 rise edge)     0.000     0.000 r  <hidden>
    BC26                                              0.000     0.000 r  clk_p
                         net (fo=0)                   0.100     0.100    u_ibufds/I
    HPIOBDIFFINBUF_X0Y37 DIFFINBUF (Prop_DIFFINBUF_HPIOBDIFFINBUF_DIFF_IN_P_O)
                                                      0.784     0.884 r  u_ibufds/DIFFINBUF_INST/O
                         net (fo=1, routed)           0.050     0.934    u_ibufds/OUT
    BC26                 IBUFCTRL (Prop_IBUFCTRL_HPIOB_M_I_O)
                                                      0.000     0.934 r  u_ibufds/IBUFCTRL_INST/O
                         net (fo=1, routed)           0.335     1.269    clk200_raw
    BUFGCE_X0Y45         BUFGCE (Prop_BUFCE_BUFGCE_I_O)
                                                      0.028     1.297 r  u_bufg200/O
    X4Y1 (CLOCK_ROOT)    net (fo=52219, routed)       1.304     2.601    clk200
    SLICE_X103Y112       FDRE                                         r  scan_index200_reg[2]_rep__20/C
  -------------------------------------------------------------------    -------------------
    SLICE_X103Y112       FDRE (Prop_FFF_SLICEL_C_Q)
                                                      0.079     2.680 r  scan_index200_reg[2]_rep__20/Q
                         net (fo=126, routed)         2.234     4.914    scan_index200_reg[2]_rep__20_n_0
    SLICE_X186Y133       MUXF7 (Prop_F7MUX_CD_SLICEM_S_O)
                                                      0.077     4.991 r  scan_result200_reg[210]_i_14/O
                         net (fo=1, routed)           1.751     6.742    scan_result200_reg[210]_i_14_n_0
    SLICE_X116Y112       LUT6 (Prop_C6LUT_SLICEL_I5_O)
                                                      0.088     6.830 r  scan_result200[210]_i_4/O
                         net (fo=1, routed)           0.251     7.081    scan_result200[210]_i_4_n_0
    SLICE_X114Y117       LUT5 (Prop_C6LUT_SLICEM_I4_O)
                                                      0.037     7.118 r  scan_result200[210]_i_1/O
                         net (fo=1, routed)           0.066     7.184    candidate_bus200[210]
    SLICE_X114Y117       FDRE                                         r  scan_result200_reg[210]/D
  -------------------------------------------------------------------    -------------------

                         (clock clk200 rise edge)     5.000     5.000 r  <hidden>
    BC26                                              0.000     5.000 r  clk_p
                         net (fo=0)                   0.079     5.079    u_ibufds/I
    HPIOBDIFFINBUF_X0Y37 DIFFINBUF (Prop_DIFFINBUF_HPIOBDIFFINBUF_DIFF_IN_P_O)
                                                      0.672     5.751 r  u_ibufds/DIFFINBUF_INST/O
                         net (fo=1, routed)           0.040     5.791    u_ibufds/OUT
    BC26                 IBUFCTRL (Prop_IBUFCTRL_HPIOB_M_I_O)
                                                      0.000     5.791 r  u_ibufds/IBUFCTRL_INST/O
                         net (fo=1, routed)           0.297     6.088    clk200_raw
    BUFGCE_X0Y45         BUFGCE (Prop_BUFCE_BUFGCE_I_O)
                                                      0.024     6.112 r  u_bufg200/O
    X4Y1 (CLOCK_ROOT)    net (fo=52219, routed)       1.124     7.236    clk200
    SLICE_X114Y117       FDRE                                         r  scan_result200_reg[210]/C
                         clock pessimism              0.259     7.495    <hidden>
                         clock uncertainty           -0.035     7.460    <hidden>
    SLICE_X114Y117       FDRE (Setup_CFF_SLICEM_C_D)
                                                      0.025     7.485    scan_result200_reg[210]
  -------------------------------------------------------------------
                         required time                          7.485    <hidden>
                         arrival time                          -7.184    <hidden>
  -------------------------------------------------------------------
                         slack                                  0.301    <hidden>

Slack (MET) :             0.304ns  (required time - arrival time)
  Source:                 scan_index200_reg[2]_rep__7/C
                            (rising edge-triggered cell FDRE clocked by clk200  {rise@0.000ns fall@2.500ns period=5.000ns})
  Destination:            scan_result200_reg[142]/D
                            (rising edge-triggered cell FDRE clocked by clk200  {rise@0.000ns fall@2.500ns period=5.000ns})
  Path Group:             clk200
  Path Type:              Setup (Max at Slow Process Corner)
  Requirement:            5.000ns  (clk200 rise@5.000ns - clk200 rise@0.000ns)
  Data Path Delay:        4.334ns  (logic 0.407ns (9.390%)  route 3.927ns (90.610%))
  Logic Levels:           3  (LUT5=1 LUT6=1 MUXF7=1)
  Clock Path Skew:        -0.351ns (DCD - SCD + CPR)
    Destination Clock Delay (DCD):    2.226ns = ( 7.226 - 5.000 ) 
    Source Clock Delay      (SCD):    2.778ns
    Clock Pessimism Removal (CPR):    0.200ns
  Clock Uncertainty:      0.035ns  ((TSJ^2 + TIJ^2)^1/2 + DJ) / 2 + PE
    Total System Jitter     (TSJ):    0.071ns
    Total Input Jitter      (TIJ):    0.000ns
    Discrete Jitter          (DJ):    0.000ns
    Phase Error              (PE):    0.000ns
  Clock Net Delay (Source):      1.481ns (routing 0.171ns, distribution 1.310ns)
  Clock Net Delay (Destination): 1.114ns (routing 0.155ns, distribution 0.959ns)

    Location             Delay type                Incr(ns)  Path(ns)    Netlist Resource(s)
  -------------------------------------------------------------------    -------------------
                         (clock clk200 rise edge)     0.000     0.000 r  <hidden>
    BC26                                              0.000     0.000 r  clk_p
                         net (fo=0)                   0.100     0.100    u_ibufds/I
    HPIOBDIFFINBUF_X0Y37 DIFFINBUF (Prop_DIFFINBUF_HPIOBDIFFINBUF_DIFF_IN_P_O)
                                                      0.784     0.884 r  u_ibufds/DIFFINBUF_INST/O
                         net (fo=1, routed)           0.050     0.934    u_ibufds/OUT
    BC26                 IBUFCTRL (Prop_IBUFCTRL_HPIOB_M_I_O)
                                                      0.000     0.934 r  u_ibufds/IBUFCTRL_INST/O
                         net (fo=1, routed)           0.335     1.269    clk200_raw
    BUFGCE_X0Y45         BUFGCE (Prop_BUFCE_BUFGCE_I_O)
                                                      0.028     1.297 r  u_bufg200/O
    X4Y1 (CLOCK_ROOT)    net (fo=52219, routed)       1.481     2.778    clk200
    SLICE_X84Y126        FDRE                                         r  scan_index200_reg[2]_rep__7/C
  -------------------------------------------------------------------    -------------------
    SLICE_X84Y126        FDRE (Prop_EFF_SLICEL_C_Q)
                                                      0.079     2.857 r  scan_index200_reg[2]_rep__7/Q
                         net (fo=124, routed)         2.338     5.195    scan_index200_reg[2]_rep__7_n_0
    SLICE_X161Y76        MUXF7 (Prop_F7MUX_CD_SLICEM_S_O)
                                                      0.077     5.272 r  scan_result200_reg[142]_i_12/O
                         net (fo=1, routed)           1.292     6.564    scan_result200_reg[142]_i_12_n_0
    SLICE_X115Y98        LUT6 (Prop_H6LUT_SLICEM_I1_O)
                                                      0.152     6.716 r  scan_result200[142]_i_4/O
                         net (fo=1, routed)           0.225     6.941    scan_result200[142]_i_4_n_0
    SLICE_X115Y108       LUT5 (Prop_D6LUT_SLICEM_I4_O)
                                                      0.099     7.040 r  scan_result200[142]_i_1/O
                         net (fo=1, routed)           0.072     7.112    candidate_bus200[142]
    SLICE_X115Y108       FDRE                                         r  scan_result200_reg[142]/D
  -------------------------------------------------------------------    -------------------

                         (clock clk200 rise edge)     5.000     5.000 r  <hidden>
    BC26                                              0.000     5.000 r  clk_p
                         net (fo=0)                   0.079     5.079    u_ibufds/I
    HPIOBDIFFINBUF_X0Y37 DIFFINBUF (Prop_DIFFINBUF_HPIOBDIFFINBUF_DIFF_IN_P_O)
                                                      0.672     5.751 r  u_ibufds/DIFFINBUF_INST/O
                         net (fo=1, routed)           0.040     5.791    u_ibufds/OUT
    BC26                 IBUFCTRL (Prop_IBUFCTRL_HPIOB_M_I_O)
                                                      0.000     5.791 r  u_ibufds/IBUFCTRL_INST/O
                         net (fo=1, routed)           0.297     6.088    clk200_raw
    BUFGCE_X0Y45         BUFGCE (Prop_BUFCE_BUFGCE_I_O)
                                                      0.024     6.112 r  u_bufg200/O
    X4Y1 (CLOCK_ROOT)    net (fo=52219, routed)       1.114     7.226    clk200
    SLICE_X115Y108       FDRE                                         r  scan_result200_reg[142]/C
                         clock pessimism              0.200     7.427    <hidden>
                         clock uncertainty           -0.035     7.391    <hidden>
    SLICE_X115Y108       FDRE (Setup_DFF_SLICEM_C_D)
                                                      0.025     7.416    scan_result200_reg[142]
  -------------------------------------------------------------------
                         required time                          7.416    <hidden>
                         arrival time                          -7.112    <hidden>
  -------------------------------------------------------------------
                         slack                                  0.304    <hidden>

Slack (MET) :             0.304ns  (required time - arrival time)
  Source:                 scan_index200_reg[2]_rep__13/C
                            (rising edge-triggered cell FDRE clocked by clk200  {rise@0.000ns fall@2.500ns period=5.000ns})
  Destination:            scan_result200_reg[76]/D
                            (rising edge-triggered cell FDRE clocked by clk200  {rise@0.000ns fall@2.500ns period=5.000ns})
  Path Group:             clk200
  Path Type:              Setup (Max at Slow Process Corner)
  Requirement:            5.000ns  (clk200 rise@5.000ns - clk200 rise@0.000ns)
  Data Path Delay:        4.585ns  (logic 0.455ns (9.924%)  route 4.130ns (90.076%))
  Logic Levels:           3  (LUT5=1 LUT6=1 MUXF7=1)
  Clock Path Skew:        -0.101ns (DCD - SCD + CPR)
    Destination Clock Delay (DCD):    2.295ns = ( 7.295 - 5.000 ) 
    Source Clock Delay      (SCD):    2.659ns
    Clock Pessimism Removal (CPR):    0.263ns
  Clock Uncertainty:      0.035ns  ((TSJ^2 + TIJ^2)^1/2 + DJ) / 2 + PE
    Total System Jitter     (TSJ):    0.071ns
    Total Input Jitter      (TIJ):    0.000ns
    Discrete Jitter          (DJ):    0.000ns
    Phase Error              (PE):    0.000ns
  Clock Net Delay (Source):      1.362ns (routing 0.171ns, distribution 1.191ns)
  Clock Net Delay (Destination): 1.183ns (routing 0.155ns, distribution 1.028ns)

    Location             Delay type                Incr(ns)  Path(ns)    Netlist Resource(s)
  -------------------------------------------------------------------    -------------------
                         (clock clk200 rise edge)     0.000     0.000 r  <hidden>
    BC26                                              0.000     0.000 r  clk_p
                         net (fo=0)                   0.100     0.100    u_ibufds/I
    HPIOBDIFFINBUF_X0Y37 DIFFINBUF (Prop_DIFFINBUF_HPIOBDIFFINBUF_DIFF_IN_P_O)
                                                      0.784     0.884 r  u_ibufds/DIFFINBUF_INST/O
                         net (fo=1, routed)           0.050     0.934    u_ibufds/OUT
    BC26                 IBUFCTRL (Prop_IBUFCTRL_HPIOB_M_I_O)
                                                      0.000     0.934 r  u_ibufds/IBUFCTRL_INST/O
                         net (fo=1, routed)           0.335     1.269    clk200_raw
    BUFGCE_X0Y45         BUFGCE (Prop_BUFCE_BUFGCE_I_O)
                                                      0.028     1.297 r  u_bufg200/O
    X4Y1 (CLOCK_ROOT)    net (fo=52219, routed)       1.362     2.659    clk200
    SLICE_X99Y120        FDRE                                         r  scan_index200_reg[2]_rep__13/C
  -------------------------------------------------------------------    -------------------
    SLICE_X99Y120        FDRE (Prop_AFF2_SLICEM_C_Q)
                                                      0.080     2.739 r  scan_index200_reg[2]_rep__13/Q
                         net (fo=124, routed)         2.196     4.935    scan_index200_reg[2]_rep__13_n_0
    SLICE_X167Y79        MUXF7 (Prop_F7MUX_CD_SLICEM_S_O)
                                                      0.077     5.012 r  scan_result200_reg[76]_i_12/O
                         net (fo=1, routed)           1.629     6.641    scan_result200_reg[76]_i_12_n_0
    SLICE_X112Y107       LUT6 (Prop_H6LUT_SLICEL_I1_O)
                                                      0.150     6.791 r  scan_result200[76]_i_4/O
                         net (fo=1, routed)           0.256     7.047    scan_result200[76]_i_4_n_0
    SLICE_X112Y122       LUT5 (Prop_B6LUT_SLICEL_I4_O)
                                                      0.148     7.195 r  scan_result200[76]_i_1/O
                         net (fo=1, routed)           0.049     7.244    candidate_bus200[76]
    SLICE_X112Y122       FDRE                                         r  scan_result200_reg[76]/D
  -------------------------------------------------------------------    -------------------

                         (clock clk200 rise edge)     5.000     5.000 r  <hidden>
    BC26                                              0.000     5.000 r  clk_p
                         net (fo=0)                   0.079     5.079    u_ibufds/I
    HPIOBDIFFINBUF_X0Y37 DIFFINBUF (Prop_DIFFINBUF_HPIOBDIFFINBUF_DIFF_IN_P_O)
                                                      0.672     5.751 r  u_ibufds/DIFFINBUF_INST/O
                         net (fo=1, routed)           0.040     5.791    u_ibufds/OUT
    BC26                 IBUFCTRL (Prop_IBUFCTRL_HPIOB_M_I_O)
                                                      0.000     5.791 r  u_ibufds/IBUFCTRL_INST/O
                         net (fo=1, routed)           0.297     6.088    clk200_raw
    BUFGCE_X0Y45         BUFGCE (Prop_BUFCE_BUFGCE_I_O)
                                                      0.024     6.112 r  u_bufg200/O
    X4Y1 (CLOCK_ROOT)    net (fo=52219, routed)       1.183     7.295    clk200
    SLICE_X112Y122       FDRE                                         r  scan_result200_reg[76]/C
                         clock pessimism              0.263     7.558    <hidden>
                         clock uncertainty           -0.035     7.523    <hidden>
    SLICE_X112Y122       FDRE (Setup_BFF_SLICEL_C_D)
                                                      0.025     7.548    scan_result200_reg[76]
  -------------------------------------------------------------------
                         required time                          7.548    <hidden>
                         arrival time                          -7.244    <hidden>
  -------------------------------------------------------------------
                         slack                                  0.304    <hidden>

Slack (MET) :             0.308ns  (required time - arrival time)
  Source:                 scan_index200_reg[2]_rep__16/C
                            (rising edge-triggered cell FDRE clocked by clk200  {rise@0.000ns fall@2.500ns period=5.000ns})
  Destination:            scan_result200_reg[33]/D
                            (rising edge-triggered cell FDRE clocked by clk200  {rise@0.000ns fall@2.500ns period=5.000ns})
  Path Group:             clk200
  Path Type:              Setup (Max at Slow Process Corner)
  Requirement:            5.000ns  (clk200 rise@5.000ns - clk200 rise@0.000ns)
  Data Path Delay:        4.369ns  (logic 0.240ns (5.493%)  route 4.129ns (94.507%))
  Logic Levels:           3  (LUT5=1 LUT6=1 MUXF7=1)
  Clock Path Skew:        -0.313ns (DCD - SCD + CPR)
    Destination Clock Delay (DCD):    2.236ns = ( 7.236 - 5.000 ) 
    Source Clock Delay      (SCD):    2.750ns
    Clock Pessimism Removal (CPR):    0.200ns
  Clock Uncertainty:      0.035ns  ((TSJ^2 + TIJ^2)^1/2 + DJ) / 2 + PE
    Total System Jitter     (TSJ):    0.071ns
    Total Input Jitter      (TIJ):    0.000ns
    Discrete Jitter          (DJ):    0.000ns
    Phase Error              (PE):    0.000ns
  Clock Net Delay (Source):      1.453ns (routing 0.171ns, distribution 1.282ns)
  Clock Net Delay (Destination): 1.124ns (routing 0.155ns, distribution 0.969ns)

    Location             Delay type                Incr(ns)  Path(ns)    Netlist Resource(s)
  -------------------------------------------------------------------    -------------------
                         (clock clk200 rise edge)     0.000     0.000 r  <hidden>
    BC26                                              0.000     0.000 r  clk_p
                         net (fo=0)                   0.100     0.100    u_ibufds/I
    HPIOBDIFFINBUF_X0Y37 DIFFINBUF (Prop_DIFFINBUF_HPIOBDIFFINBUF_DIFF_IN_P_O)
                                                      0.784     0.884 r  u_ibufds/DIFFINBUF_INST/O
                         net (fo=1, routed)           0.050     0.934    u_ibufds/OUT
    BC26                 IBUFCTRL (Prop_IBUFCTRL_HPIOB_M_I_O)
                                                      0.000     0.934 r  u_ibufds/IBUFCTRL_INST/O
                         net (fo=1, routed)           0.335     1.269    clk200_raw
    BUFGCE_X0Y45         BUFGCE (Prop_BUFCE_BUFGCE_I_O)
                                                      0.028     1.297 r  u_bufg200/O
    X4Y1 (CLOCK_ROOT)    net (fo=52219, routed)       1.453     2.750    clk200
    SLICE_X91Y129        FDRE                                         r  scan_index200_reg[2]_rep__16/C
  -------------------------------------------------------------------    -------------------
    SLICE_X91Y129        FDRE (Prop_EFF_SLICEM_C_Q)
                                                      0.076     2.826 r  scan_index200_reg[2]_rep__16/Q
                         net (fo=128, routed)         2.135     4.961    scan_index200_reg[2]_rep__16_n_0
    SLICE_X187Y130       MUXF7 (Prop_F7MUX_CD_SLICEM_S_O)
                                                      0.077     5.038 r  scan_result200_reg[33]_i_14/O
                         net (fo=1, routed)           1.806     6.844    scan_result200_reg[33]_i_14_n_0
    SLICE_X116Y115       LUT6 (Prop_H6LUT_SLICEL_I5_O)
                                                      0.051     6.895 r  scan_result200[33]_i_4/O
                         net (fo=1, routed)           0.137     7.032    scan_result200[33]_i_4_n_0
    SLICE_X116Y119       LUT5 (Prop_H6LUT_SLICEL_I4_O)
                                                      0.036     7.068 r  scan_result200[33]_i_1/O
                         net (fo=1, routed)           0.051     7.119    candidate_bus200[33]
    SLICE_X116Y119       FDRE                                         r  scan_result200_reg[33]/D
  -------------------------------------------------------------------    -------------------

                         (clock clk200 rise edge)     5.000     5.000 r  <hidden>
    BC26                                              0.000     5.000 r  clk_p
                         net (fo=0)                   0.079     5.079    u_ibufds/I
    HPIOBDIFFINBUF_X0Y37 DIFFINBUF (Prop_DIFFINBUF_HPIOBDIFFINBUF_DIFF_IN_P_O)
                                                      0.672     5.751 r  u_ibufds/DIFFINBUF_INST/O
                         net (fo=1, routed)           0.040     5.791    u_ibufds/OUT
    BC26                 IBUFCTRL (Prop_IBUFCTRL_HPIOB_M_I_O)
                                                      0.000     5.791 r  u_ibufds/IBUFCTRL_INST/O
                         net (fo=1, routed)           0.297     6.088    clk200_raw
    BUFGCE_X0Y45         BUFGCE (Prop_BUFCE_BUFGCE_I_O)
                                                      0.024     6.112 r  u_bufg200/O
    X4Y1 (CLOCK_ROOT)    net (fo=52219, routed)       1.124     7.236    clk200
    SLICE_X116Y119       FDRE                                         r  scan_result200_reg[33]/C
                         clock pessimism              0.200     7.437    <hidden>
                         clock uncertainty           -0.035     7.401    <hidden>
    SLICE_X116Y119       FDRE (Setup_HFF_SLICEL_C_D)
                                                      0.025     7.426    scan_result200_reg[33]
  -------------------------------------------------------------------
                         required time                          7.426    <hidden>
                         arrival time                          -7.119    <hidden>
  -------------------------------------------------------------------
                         slack                                  0.308    <hidden>

Slack (MET) :             0.312ns  (required time - arrival time)
  Source:                 scan_index200_reg[2]_rep__12/C
                            (rising edge-triggered cell FDRE clocked by clk200  {rise@0.000ns fall@2.500ns period=5.000ns})
  Destination:            scan_result200_reg[82]/D
                            (rising edge-triggered cell FDRE clocked by clk200  {rise@0.000ns fall@2.500ns period=5.000ns})
  Path Group:             clk200
  Path Type:              Setup (Max at Slow Process Corner)
  Requirement:            5.000ns  (clk200 rise@5.000ns - clk200 rise@0.000ns)
  Data Path Delay:        4.452ns  (logic 0.430ns (9.660%)  route 4.022ns (90.340%))
  Logic Levels:           3  (LUT5=1 LUT6=1 MUXF7=1)
  Clock Path Skew:        -0.226ns (DCD - SCD + CPR)
    Destination Clock Delay (DCD):    2.175ns = ( 7.175 - 5.000 ) 
    Source Clock Delay      (SCD):    2.601ns
    Clock Pessimism Removal (CPR):    0.200ns
  Clock Uncertainty:      0.035ns  ((TSJ^2 + TIJ^2)^1/2 + DJ) / 2 + PE
    Total System Jitter     (TSJ):    0.071ns
    Total Input Jitter      (TIJ):    0.000ns
    Discrete Jitter          (DJ):    0.000ns
    Phase Error              (PE):    0.000ns
  Clock Net Delay (Source):      1.304ns (routing 0.171ns, distribution 1.133ns)
  Clock Net Delay (Destination): 1.062ns (routing 0.155ns, distribution 0.907ns)

    Location             Delay type                Incr(ns)  Path(ns)    Netlist Resource(s)
  -------------------------------------------------------------------    -------------------
                         (clock clk200 rise edge)     0.000     0.000 r  <hidden>
    BC26                                              0.000     0.000 r  clk_p
                         net (fo=0)                   0.100     0.100    u_ibufds/I
    HPIOBDIFFINBUF_X0Y37 DIFFINBUF (Prop_DIFFINBUF_HPIOBDIFFINBUF_DIFF_IN_P_O)
                                                      0.784     0.884 r  u_ibufds/DIFFINBUF_INST/O
                         net (fo=1, routed)           0.050     0.934    u_ibufds/OUT
    BC26                 IBUFCTRL (Prop_IBUFCTRL_HPIOB_M_I_O)
                                                      0.000     0.934 r  u_ibufds/IBUFCTRL_INST/O
                         net (fo=1, routed)           0.335     1.269    clk200_raw
    BUFGCE_X0Y45         BUFGCE (Prop_BUFCE_BUFGCE_I_O)
                                                      0.028     1.297 r  u_bufg200/O
    X4Y1 (CLOCK_ROOT)    net (fo=52219, routed)       1.304     2.601    clk200
    SLICE_X103Y112       FDRE                                         r  scan_index200_reg[2]_rep__12/C
  -------------------------------------------------------------------    -------------------
    SLICE_X103Y112       FDRE (Prop_EFF2_SLICEL_C_Q)
                                                      0.081     2.682 r  scan_index200_reg[2]_rep__12/Q
                         net (fo=128, routed)         1.827     4.508    scan_index200_reg[2]_rep__12_n_0
    SLICE_X31Y102        MUXF7 (Prop_F7MUX_GH_SLICEM_S_O)
                                                      0.076     4.584 r  scan_result200_reg[82]_i_10/O
                         net (fo=1, routed)           2.027     6.611    scan_result200_reg[82]_i_10_n_0
    SLICE_X117Y129       LUT6 (Prop_F6LUT_SLICEL_I5_O)
                                                      0.123     6.734 r  scan_result200[82]_i_3/O
                         net (fo=1, routed)           0.109     6.843    scan_result200[82]_i_3_n_0
    SLICE_X118Y130       LUT5 (Prop_G6LUT_SLICEM_I2_O)
                                                      0.150     6.993 r  scan_result200[82]_i_1/O
                         net (fo=1, routed)           0.059     7.052    candidate_bus200[82]
    SLICE_X118Y130       FDRE                                         r  scan_result200_reg[82]/D
  -------------------------------------------------------------------    -------------------

                         (clock clk200 rise edge)     5.000     5.000 r  <hidden>
    BC26                                              0.000     5.000 r  clk_p
                         net (fo=0)                   0.079     5.079    u_ibufds/I
    HPIOBDIFFINBUF_X0Y37 DIFFINBUF (Prop_DIFFINBUF_HPIOBDIFFINBUF_DIFF_IN_P_O)
                                                      0.672     5.751 r  u_ibufds/DIFFINBUF_INST/O
                         net (fo=1, routed)           0.040     5.791    u_ibufds/OUT
    BC26                 IBUFCTRL (Prop_IBUFCTRL_HPIOB_M_I_O)
                                                      0.000     5.791 r  u_ibufds/IBUFCTRL_INST/O
                         net (fo=1, routed)           0.297     6.088    clk200_raw
    BUFGCE_X0Y45         BUFGCE (Prop_BUFCE_BUFGCE_I_O)
                                                      0.024     6.112 r  u_bufg200/O
    X4Y1 (CLOCK_ROOT)    net (fo=52219, routed)       1.062     7.175    clk200
    SLICE_X118Y130       FDRE                                         r  scan_result200_reg[82]/C
                         clock pessimism              0.200     7.375    <hidden>
                         clock uncertainty           -0.035     7.340    <hidden>
    SLICE_X118Y130       FDRE (Setup_GFF_SLICEM_C_D)
                                                      0.025     7.365    scan_result200_reg[82]
  -------------------------------------------------------------------
                         required time                          7.365    <hidden>
                         arrival time                          -7.052    <hidden>
  -------------------------------------------------------------------
                         slack                                  0.312    <hidden>

Slack (MET) :             0.321ns  (required time - arrival time)
  Source:                 scan_index200_reg[2]_rep__14/C
                            (rising edge-triggered cell FDRE clocked by clk200  {rise@0.000ns fall@2.500ns period=5.000ns})
  Destination:            scan_result200_reg[54]/D
                            (rising edge-triggered cell FDRE clocked by clk200  {rise@0.000ns fall@2.500ns period=5.000ns})
  Path Group:             clk200
  Path Type:              Setup (Max at Slow Process Corner)
  Requirement:            5.000ns  (clk200 rise@5.000ns - clk200 rise@0.000ns)
  Data Path Delay:        4.414ns  (logic 0.296ns (6.705%)  route 4.118ns (93.295%))
  Logic Levels:           3  (LUT5=1 MUXF7=1 MUXF8=1)
  Clock Path Skew:        -0.254ns (DCD - SCD + CPR)
    Destination Clock Delay (DCD):    2.267ns = ( 7.267 - 5.000 ) 
    Source Clock Delay      (SCD):    2.722ns
    Clock Pessimism Removal (CPR):    0.200ns
  Clock Uncertainty:      0.035ns  ((TSJ^2 + TIJ^2)^1/2 + DJ) / 2 + PE
    Total System Jitter     (TSJ):    0.071ns
    Total Input Jitter      (TIJ):    0.000ns
    Discrete Jitter          (DJ):    0.000ns
    Phase Error              (PE):    0.000ns
  Clock Net Delay (Source):      1.425ns (routing 0.171ns, distribution 1.254ns)
  Clock Net Delay (Destination): 1.155ns (routing 0.155ns, distribution 1.000ns)

    Location             Delay type                Incr(ns)  Path(ns)    Netlist Resource(s)
  -------------------------------------------------------------------    -------------------
                         (clock clk200 rise edge)     0.000     0.000 r  <hidden>
    BC26                                              0.000     0.000 r  clk_p
                         net (fo=0)                   0.100     0.100    u_ibufds/I
    HPIOBDIFFINBUF_X0Y37 DIFFINBUF (Prop_DIFFINBUF_HPIOBDIFFINBUF_DIFF_IN_P_O)
                                                      0.784     0.884 r  u_ibufds/DIFFINBUF_INST/O
                         net (fo=1, routed)           0.050     0.934    u_ibufds/OUT
    BC26                 IBUFCTRL (Prop_IBUFCTRL_HPIOB_M_I_O)
                                                      0.000     0.934 r  u_ibufds/IBUFCTRL_INST/O
                         net (fo=1, routed)           0.335     1.269    clk200_raw
    BUFGCE_X0Y45         BUFGCE (Prop_BUFCE_BUFGCE_I_O)
                                                      0.028     1.297 r  u_bufg200/O
    X4Y1 (CLOCK_ROOT)    net (fo=52219, routed)       1.425     2.722    clk200
    SLICE_X91Y117        FDRE                                         r  scan_index200_reg[2]_rep__14/C
  -------------------------------------------------------------------    -------------------
    SLICE_X91Y117        FDRE (Prop_DFF2_SLICEM_C_Q)
                                                      0.080     2.802 r  scan_index200_reg[2]_rep__14/Q
                         net (fo=126, routed)         2.553     5.355    scan_index200_reg[2]_rep__14_n_0
    SLICE_X140Y188       MUXF7 (Prop_F7MUX_AB_SLICEL_S_O)
                                                      0.065     5.420 r  scan_result200_reg[54]_i_6/O
                         net (fo=1, routed)           0.000     5.420    scan_result200_reg[54]_i_6_n_0
    SLICE_X140Y188       MUXF8 (Prop_F8MUX_BOT_SLICEL_I1_O)
                                                      0.026     5.446 r  scan_result200_reg[54]_i_2/O
                         net (fo=1, routed)           1.507     6.953    scan_result200_reg[54]_i_2_n_0
    SLICE_X115Y123       LUT5 (Prop_H6LUT_SLICEM_I0_O)
                                                      0.125     7.078 r  scan_result200[54]_i_1/O
                         net (fo=1, routed)           0.058     7.136    candidate_bus200[54]
    SLICE_X115Y123       FDRE                                         r  scan_result200_reg[54]/D
  -------------------------------------------------------------------    -------------------

                         (clock clk200 rise edge)     5.000     5.000 r  <hidden>
    BC26                                              0.000     5.000 r  clk_p
                         net (fo=0)                   0.079     5.079    u_ibufds/I
    HPIOBDIFFINBUF_X0Y37 DIFFINBUF (Prop_DIFFINBUF_HPIOBDIFFINBUF_DIFF_IN_P_O)
                                                      0.672     5.751 r  u_ibufds/DIFFINBUF_INST/O
                         net (fo=1, routed)           0.040     5.791    u_ibufds/OUT
    BC26                 IBUFCTRL (Prop_IBUFCTRL_HPIOB_M_I_O)
                                                      0.000     5.791 r  u_ibufds/IBUFCTRL_INST/O
                         net (fo=1, routed)           0.297     6.088    clk200_raw
    BUFGCE_X0Y45         BUFGCE (Prop_BUFCE_BUFGCE_I_O)
                                                      0.024     6.112 r  u_bufg200/O
    X4Y1 (CLOCK_ROOT)    net (fo=52219, routed)       1.155     7.267    clk200
    SLICE_X115Y123       FDRE                                         r  scan_result200_reg[54]/C
                         clock pessimism              0.200     7.468    <hidden>
                         clock uncertainty           -0.035     7.432    <hidden>
    SLICE_X115Y123       FDRE (Setup_HFF_SLICEM_C_D)
                                                      0.025     7.457    scan_result200_reg[54]
  -------------------------------------------------------------------
                         required time                          7.457    <hidden>
                         arrival time                          -7.136    <hidden>
  -------------------------------------------------------------------
                         slack                                  0.321    <hidden>

Slack (MET) :             0.322ns  (required time - arrival time)
  Source:                 scan_index200_reg[2]_rep__7/C
                            (rising edge-triggered cell FDRE clocked by clk200  {rise@0.000ns fall@2.500ns period=5.000ns})
  Destination:            scan_result200_reg[146]/D
                            (rising edge-triggered cell FDRE clocked by clk200  {rise@0.000ns fall@2.500ns period=5.000ns})
  Path Group:             clk200
  Path Type:              Setup (Max at Slow Process Corner)
  Requirement:            5.000ns  (clk200 rise@5.000ns - clk200 rise@0.000ns)
  Data Path Delay:        4.323ns  (logic 0.294ns (6.800%)  route 4.029ns (93.200%))
  Logic Levels:           3  (LUT5=1 LUT6=1 MUXF7=1)
  Clock Path Skew:        -0.345ns (DCD - SCD + CPR)
    Destination Clock Delay (DCD):    2.233ns = ( 7.233 - 5.000 ) 
    Source Clock Delay      (SCD):    2.778ns
    Clock Pessimism Removal (CPR):    0.200ns
  Clock Uncertainty:      0.035ns  ((TSJ^2 + TIJ^2)^1/2 + DJ) / 2 + PE
    Total System Jitter     (TSJ):    0.071ns
    Total Input Jitter      (TIJ):    0.000ns
    Discrete Jitter          (DJ):    0.000ns
    Phase Error              (PE):    0.000ns
  Clock Net Delay (Source):      1.481ns (routing 0.171ns, distribution 1.310ns)
  Clock Net Delay (Destination): 1.120ns (routing 0.155ns, distribution 0.965ns)

    Location             Delay type                Incr(ns)  Path(ns)    Netlist Resource(s)
  -------------------------------------------------------------------    -------------------
                         (clock clk200 rise edge)     0.000     0.000 r  <hidden>
    BC26                                              0.000     0.000 r  clk_p
                         net (fo=0)                   0.100     0.100    u_ibufds/I
    HPIOBDIFFINBUF_X0Y37 DIFFINBUF (Prop_DIFFINBUF_HPIOBDIFFINBUF_DIFF_IN_P_O)
                                                      0.784     0.884 r  u_ibufds/DIFFINBUF_INST/O
                         net (fo=1, routed)           0.050     0.934    u_ibufds/OUT
    BC26                 IBUFCTRL (Prop_IBUFCTRL_HPIOB_M_I_O)
                                                      0.000     0.934 r  u_ibufds/IBUFCTRL_INST/O
                         net (fo=1, routed)           0.335     1.269    clk200_raw
    BUFGCE_X0Y45         BUFGCE (Prop_BUFCE_BUFGCE_I_O)
                                                      0.028     1.297 r  u_bufg200/O
    X4Y1 (CLOCK_ROOT)    net (fo=52219, routed)       1.481     2.778    clk200
    SLICE_X84Y126        FDRE                                         r  scan_index200_reg[2]_rep__7/C
  -------------------------------------------------------------------    -------------------
    SLICE_X84Y126        FDRE (Prop_EFF_SLICEL_C_Q)
                                                      0.079     2.857 r  scan_index200_reg[2]_rep__7/Q
                         net (fo=124, routed)         2.344     5.201    scan_index200_reg[2]_rep__7_n_0
    SLICE_X161Y75        MUXF7 (Prop_F7MUX_CD_SLICEM_S_O)
                                                      0.077     5.278 r  scan_result200_reg[146]_i_12/O
                         net (fo=1, routed)           1.386     6.664    scan_result200_reg[146]_i_12_n_0
    SLICE_X115Y98        LUT6 (Prop_G6LUT_SLICEM_I1_O)
                                                      0.037     6.701 r  scan_result200[146]_i_4/O
                         net (fo=1, routed)           0.241     6.942    scan_result200[146]_i_4_n_0
    SLICE_X115Y114       LUT5 (Prop_H6LUT_SLICEM_I4_O)
                                                      0.101     7.043 r  scan_result200[146]_i_1/O
                         net (fo=1, routed)           0.058     7.101    candidate_bus200[146]
    SLICE_X115Y114       FDRE                                         r  scan_result200_reg[146]/D
  -------------------------------------------------------------------    -------------------

                         (clock clk200 rise edge)     5.000     5.000 r  <hidden>
    BC26                                              0.000     5.000 r  clk_p
                         net (fo=0)                   0.079     5.079    u_ibufds/I
    HPIOBDIFFINBUF_X0Y37 DIFFINBUF (Prop_DIFFINBUF_HPIOBDIFFINBUF_DIFF_IN_P_O)
                                                      0.672     5.751 r  u_ibufds/DIFFINBUF_INST/O
                         net (fo=1, routed)           0.040     5.791    u_ibufds/OUT
    BC26                 IBUFCTRL (Prop_IBUFCTRL_HPIOB_M_I_O)
                                                      0.000     5.791 r  u_ibufds/IBUFCTRL_INST/O
                         net (fo=1, routed)           0.297     6.088    clk200_raw
    BUFGCE_X0Y45         BUFGCE (Prop_BUFCE_BUFGCE_I_O)
                                                      0.024     6.112 r  u_bufg200/O
    X4Y1 (CLOCK_ROOT)    net (fo=52219, routed)       1.120     7.233    clk200
    SLICE_X115Y114       FDRE                                         r  scan_result200_reg[146]/C
                         clock pessimism              0.200     7.433    <hidden>
                         clock uncertainty           -0.035     7.398    <hidden>
    SLICE_X115Y114       FDRE (Setup_HFF_SLICEM_C_D)
                                                      0.025     7.423    scan_result200_reg[146]
  -------------------------------------------------------------------
                         required time                          7.423    <hidden>
                         arrival time                          -7.101    <hidden>
  -------------------------------------------------------------------
                         slack                                  0.322    <hidden>





Pulse Width Checks
--------------------------------------------------------------------------------------
Clock Name:         clk200
Waveform(ns):       { 0.000 2.500 }
Period(ns):         5.000
Sources:            { clk_p }

Check Type        Corner  Lib Pin            Reference Pin  Required(ns)  Actual(ns)  Slack(ns)  Location        Pin
Min Period        n/a     BUFGCE/I           n/a            1.290         5.000       3.710      BUFGCE_X0Y45    u_bufg200/I
Min Period        n/a     MMCME4_ADV/CLKIN1  n/a            1.071         5.000       3.929      MMCM_X0Y1       u_mmcm/CLKIN1
Min Period        n/a     FDRE/C             n/a            0.550         5.000       4.450      SLICE_X113Y134  bscan_share_digest_reg[0]/C
Min Period        n/a     FDRE/C             n/a            0.550         5.000       4.450      SLICE_X110Y129  bscan_share_digest_reg[100]/C
Min Period        n/a     FDRE/C             n/a            0.550         5.000       4.450      SLICE_X114Y135  bscan_share_digest_reg[101]/C
Min Period        n/a     FDRE/C             n/a            0.550         5.000       4.450      SLICE_X115Y134  bscan_share_digest_reg[102]/C
Min Period        n/a     FDRE/C             n/a            0.550         5.000       4.450      SLICE_X111Y130  bscan_share_digest_reg[103]/C
Min Period        n/a     FDRE/C             n/a            0.550         5.000       4.450      SLICE_X111Y132  bscan_share_digest_reg[104]/C
Min Period        n/a     FDRE/C             n/a            0.550         5.000       4.450      SLICE_X109Y130  bscan_share_digest_reg[105]/C
Min Period        n/a     FDRE/C             n/a            0.550         5.000       4.450      SLICE_X112Y128  bscan_share_digest_reg[106]/C
Min Period        n/a     FDRE/C             n/a            0.550         5.000       4.450      SLICE_X110Y127  bscan_share_digest_reg[107]/C
Min Period        n/a     FDRE/C             n/a            0.550         5.000       4.450      SLICE_X111Y132  bscan_share_digest_reg[108]/C
Min Period        n/a     FDRE/C             n/a            0.550         5.000       4.450      SLICE_X109Y131  bscan_share_digest_reg[109]/C
Min Period        n/a     FDRE/C             n/a            0.550         5.000       4.450      SLICE_X113Y134  bscan_share_digest_reg[10]/C
Min Period        n/a     FDRE/C             n/a            0.550         5.000       4.450      SLICE_X112Y129  bscan_share_digest_reg[110]/C
Min Period        n/a     FDRE/C             n/a            0.550         5.000       4.450      SLICE_X111Y127  bscan_share_digest_reg[111]/C
Min Period        n/a     FDRE/C             n/a            0.550         5.000       4.450      SLICE_X114Y126  bscan_share_digest_reg[112]/C
Min Period        n/a     FDRE/C             n/a            0.550         5.000       4.450      SLICE_X114Y127  bscan_share_digest_reg[113]/C
Min Period        n/a     FDRE/C             n/a            0.550         5.000       4.450      SLICE_X114Y128  bscan_share_digest_reg[114]/C
Min Period        n/a     FDRE/C             n/a            0.550         5.000       4.450      SLICE_X112Y126  bscan_share_digest_reg[115]/C
Max Period        n/a     MMCME4_ADV/CLKIN1  n/a            100.000       5.000       95.000     MMCM_X0Y1       u_mmcm/CLKIN1
Low Pulse Width   Slow    MMCME4_ADV/CLKIN1  n/a            1.750         2.500       0.750      MMCM_X0Y1       u_mmcm/CLKIN1
Low Pulse Width   Fast    MMCME4_ADV/CLKIN1  n/a            1.750         2.500       0.750      MMCM_X0Y1       u_mmcm/CLKIN1
Low Pulse Width   Slow    FDRE/C             n/a            0.275         2.500       2.225      SLICE_X113Y134  bscan_share_digest_reg[0]/C
Low Pulse Width   Fast    FDRE/C             n/a            0.275         2.500       2.225      SLICE_X113Y134  bscan_share_digest_reg[0]/C
Low Pulse Width   Slow    FDRE/C             n/a            0.275         2.500       2.225      SLICE_X110Y129  bscan_share_digest_reg[100]/C
Low Pulse Width   Fast    FDRE/C             n/a            0.275         2.500       2.225      SLICE_X110Y129  bscan_share_digest_reg[100]/C
Low Pulse Width   Slow    FDRE/C             n/a            0.275         2.500       2.225      SLICE_X114Y135  bscan_share_digest_reg[101]/C
Low Pulse Width   Fast    FDRE/C             n/a            0.275         2.500       2.225      SLICE_X114Y135  bscan_share_digest_reg[101]/C
Low Pulse Width   Slow    FDRE/C             n/a            0.275         2.500       2.225      SLICE_X115Y134  bscan_share_digest_reg[102]/C
Low Pulse Width   Fast    FDRE/C             n/a            0.275         2.500       2.225      SLICE_X115Y134  bscan_share_digest_reg[102]/C
Low Pulse Width   Slow    FDRE/C             n/a            0.275         2.500       2.225      SLICE_X111Y130  bscan_share_digest_reg[103]/C
Low Pulse Width   Fast    FDRE/C             n/a            0.275         2.500       2.225      SLICE_X111Y130  bscan_share_digest_reg[103]/C
Low Pulse Width   Slow    FDRE/C             n/a            0.275         2.500       2.225      SLICE_X111Y132  bscan_share_digest_reg[104]/C
Low Pulse Width   Fast    FDRE/C             n/a            0.275         2.500       2.225      SLICE_X111Y132  bscan_share_digest_reg[104]/C
Low Pulse Width   Slow    FDRE/C             n/a            0.275         2.500       2.225      SLICE_X109Y130  bscan_share_digest_reg[105]/C
Low Pulse Width   Fast    FDRE/C             n/a            0.275         2.500       2.225      SLICE_X109Y130  bscan_share_digest_reg[105]/C
Low Pulse Width   Slow    FDRE/C             n/a            0.275         2.500       2.225      SLICE_X112Y128  bscan_share_digest_reg[106]/C
Low Pulse Width   Fast    FDRE/C             n/a            0.275         2.500       2.225      SLICE_X112Y128  bscan_share_digest_reg[106]/C
Low Pulse Width   Slow    FDRE/C             n/a            0.275         2.500       2.225      SLICE_X110Y127  bscan_share_digest_reg[107]/C
Low Pulse Width   Fast    FDRE/C             n/a            0.275         2.500       2.225      SLICE_X110Y127  bscan_share_digest_reg[107]/C
High Pulse Width  Slow    MMCME4_ADV/CLKIN1  n/a            1.750         2.500       0.750      MMCM_X0Y1       u_mmcm/CLKIN1
High Pulse Width  Fast    MMCME4_ADV/CLKIN1  n/a            1.750         2.500       0.750      MMCM_X0Y1       u_mmcm/CLKIN1
High Pulse Width  Slow    FDRE/C             n/a            0.275         2.500       2.225      SLICE_X113Y134  bscan_share_digest_reg[0]/C
High Pulse Width  Fast    FDRE/C             n/a            0.275         2.500       2.225      SLICE_X113Y134  bscan_share_digest_reg[0]/C
High Pulse Width  Slow    FDRE/C             n/a            0.275         2.500       2.225      SLICE_X110Y129  bscan_share_digest_reg[100]/C
High Pulse Width  Fast    FDRE/C             n/a            0.275         2.500       2.225      SLICE_X110Y129  bscan_share_digest_reg[100]/C
High Pulse Width  Slow    FDRE/C             n/a            0.275         2.500       2.225      SLICE_X114Y135  bscan_share_digest_reg[101]/C
High Pulse Width  Fast    FDRE/C             n/a            0.275         2.500       2.225      SLICE_X114Y135  bscan_share_digest_reg[101]/C
High Pulse Width  Slow    FDRE/C             n/a            0.275         2.500       2.225      SLICE_X115Y134  bscan_share_digest_reg[102]/C
High Pulse Width  Fast    FDRE/C             n/a            0.275         2.500       2.225      SLICE_X115Y134  bscan_share_digest_reg[102]/C
High Pulse Width  Slow    FDRE/C             n/a            0.275         2.500       2.225      SLICE_X111Y130  bscan_share_digest_reg[103]/C
High Pulse Width  Fast    FDRE/C             n/a            0.275         2.500       2.225      SLICE_X111Y130  bscan_share_digest_reg[103]/C
High Pulse Width  Slow    FDRE/C             n/a            0.275         2.500       2.225      SLICE_X111Y132  bscan_share_digest_reg[104]/C
High Pulse Width  Fast    FDRE/C             n/a            0.275         2.500       2.225      SLICE_X111Y132  bscan_share_digest_reg[104]/C
High Pulse Width  Slow    FDRE/C             n/a            0.275         2.500       2.225      SLICE_X109Y130  bscan_share_digest_reg[105]/C
High Pulse Width  Fast    FDRE/C             n/a            0.275         2.500       2.225      SLICE_X109Y130  bscan_share_digest_reg[105]/C
High Pulse Width  Slow    FDRE/C             n/a            0.275         2.500       2.225      SLICE_X112Y128  bscan_share_digest_reg[106]/C
High Pulse Width  Fast    FDRE/C             n/a            0.275         2.500       2.225      SLICE_X112Y128  bscan_share_digest_reg[106]/C
High Pulse Width  Slow    FDRE/C             n/a            0.275         2.500       2.225      SLICE_X110Y127  bscan_share_digest_reg[107]/C
High Pulse Width  Fast    FDRE/C             n/a            0.275         2.500       2.225      SLICE_X110Y127  bscan_share_digest_reg[107]/C



---------------------------------------------------------------------------------------------------
From Clock:  clk400_mmcm
  To Clock:  clk400_mmcm

Setup :            0  Failing Endpoints,  Worst Slack        0.031ns,  Total Violation        0.000ns
Hold  :           NA  Failing Endpoints,  Worst Slack           NA  ,  Total Violation           NA
PW    :            0  Failing Endpoints,  Worst Slack        1.154ns,  Total Violation        0.000ns
---------------------------------------------------------------------------------------------------


Max Delay Paths
--------------------------------------------------------------------------------------
Slack (MET) :             0.031ns  (required time - arrival time)
  Source:                 bank_header400_reg[3][499]/C
                            (rising edge-triggered cell FDRE clocked by clk400_mmcm  {rise@0.000ns fall@1.429ns period=2.857ns})
  Destination:            PIPE_ARRAY[27].u_pipe/s1_c_reg[179]/D
                            (rising edge-triggered cell FDRE clocked by clk400_mmcm  {rise@0.000ns fall@1.429ns period=2.857ns})
  Path Group:             clk400_mmcm
  Path Type:              Setup (Max at Slow Process Corner)
  Requirement:            2.857ns  (clk400_mmcm rise@2.857ns - clk400_mmcm rise@0.000ns)
  Data Path Delay:        2.597ns  (logic 0.372ns (14.322%)  route 2.225ns (85.678%))
  Logic Levels:           3  (LUT3=1 LUT6=2)
  Clock Path Skew:        -0.198ns (DCD - SCD + CPR)
    Destination Clock Delay (DCD):    2.307ns = ( 5.164 - 2.857 ) 
    Source Clock Delay      (SCD):    2.318ns
    Clock Pessimism Removal (CPR):    -0.187ns
  Clock Uncertainty:      0.056ns  ((TSJ^2 + DJ^2)^1/2) / 2 + PE
    Total System Jitter     (TSJ):    0.071ns
    Discrete Jitter          (DJ):    0.087ns
    Phase Error              (PE):    0.000ns
  Clock Net Delay (Source):      1.778ns (routing 0.579ns, distribution 1.199ns)
  Clock Net Delay (Destination): 1.524ns (routing 0.527ns, distribution 0.997ns)

    Location             Delay type                Incr(ns)  Path(ns)    Netlist Resource(s)
  -------------------------------------------------------------------    -------------------
                         (clock clk400_mmcm rise edge)
                                                      0.000     0.000 r  <hidden>
    BC26                                              0.000     0.000 r  clk_p
                         net (fo=0)                   0.100     0.100    u_ibufds/I
    HPIOBDIFFINBUF_X0Y37 DIFFINBUF (Prop_DIFFINBUF_HPIOBDIFFINBUF_DIFF_IN_P_O)
                                                      0.784     0.884 r  u_ibufds/DIFFINBUF_INST/O
                         net (fo=1, routed)           0.050     0.934    u_ibufds/OUT
    BC26                 IBUFCTRL (Prop_IBUFCTRL_HPIOB_M_I_O)
                                                      0.000     0.934 r  u_ibufds/IBUFCTRL_INST/O
                         net (fo=1, routed)           0.335     1.269    clk200_raw
    BUFGCE_X0Y45         BUFGCE (Prop_BUFCE_BUFGCE_I_O)
                                                      0.028     1.297 r  u_bufg200/O
                         net (fo=52219, routed)       0.979     2.276    clk200
    MMCM_X0Y1            MMCME4_ADV (Prop_MMCM_CLKIN1_CLKOUT0)
                                                     -2.009     0.267 r  u_mmcm/CLKOUT0
                         net (fo=1, routed)           0.245     0.512    clk400_mmcm
    BUFGCE_X0Y28         BUFGCE (Prop_BUFCE_BUFGCE_I_O)
                                                      0.028     0.540 r  u_bufg400/O
    X3Y1 (CLOCK_ROOT)    net (fo=475910, routed)      1.778     2.318    clk400
    SLICE_X124Y78        FDRE                                         r  bank_header400_reg[3][499]/C
  -------------------------------------------------------------------    -------------------
    SLICE_X124Y78        FDRE (Prop_HFF_SLICEM_C_Q)
                                                      0.079     2.397 r  bank_header400_reg[3][499]/Q
                         net (fo=24, routed)          1.932     4.329    PIPE_ARRAY[27].u_pipe/header1[499]
    SLICE_X78Y4          LUT6 (Prop_C6LUT_SLICEL_I2_O)
                                                      0.096     4.425 r  PIPE_ARRAY[27].u_pipe/s1_state[499]_i_2/O
                         net (fo=1, routed)           0.112     4.537    PIPE_ARRAY[27].u_pipe/s1_state[499]_i_2_n_0
    SLICE_X78Y4          LUT3 (Prop_E6LUT_SLICEL_I2_O)
                                                      0.147     4.684 r  PIPE_ARRAY[27].u_pipe/s1_state[499]_i_1/O
                         net (fo=2, routed)           0.132     4.816    PIPE_ARRAY[27].u_pipe/s1_state[499]_i_1_n_0
    SLICE_X79Y5          LUT6 (Prop_D6LUT_SLICEL_I4_O)
                                                      0.050     4.866 r  PIPE_ARRAY[27].u_pipe/s1_c[179]_i_1/O
                         net (fo=1, routed)           0.049     4.915    PIPE_ARRAY[27].u_pipe/parity_comb[179]
    SLICE_X79Y5          FDRE                                         r  PIPE_ARRAY[27].u_pipe/s1_c_reg[179]/D
  -------------------------------------------------------------------    -------------------

                         (clock clk400_mmcm rise edge)
                                                      2.857     2.857 r  <hidden>
    BC26                                              0.000     2.857 r  clk_p
                         net (fo=0)                   0.079     2.936    u_ibufds/I
    HPIOBDIFFINBUF_X0Y37 DIFFINBUF (Prop_DIFFINBUF_HPIOBDIFFINBUF_DIFF_IN_P_O)
                                                      0.672     3.609 r  u_ibufds/DIFFINBUF_INST/O
                         net (fo=1, routed)           0.040     3.649    u_ibufds/OUT
    BC26                 IBUFCTRL (Prop_IBUFCTRL_HPIOB_M_I_O)
                                                      0.000     3.649 r  u_ibufds/IBUFCTRL_INST/O
                         net (fo=1, routed)           0.297     3.946    clk200_raw
    BUFGCE_X0Y45         BUFGCE (Prop_BUFCE_BUFGCE_I_O)
                                                      0.024     3.970 r  u_bufg200/O
                         net (fo=52219, routed)       0.864     4.834    clk200
    MMCM_X0Y1            MMCME4_ADV (Prop_MMCM_CLKIN1_CLKOUT0)
                                                     -1.433     3.401 r  u_mmcm/CLKOUT0
                         net (fo=1, routed)           0.215     3.616    clk400_mmcm
    BUFGCE_X0Y28         BUFGCE (Prop_BUFCE_BUFGCE_I_O)
                                                      0.024     3.640 r  u_bufg400/O
    X3Y1 (CLOCK_ROOT)    net (fo=475910, routed)      1.524     5.164    PIPE_ARRAY[27].u_pipe/clk
    SLICE_X79Y5          FDRE                                         r  PIPE_ARRAY[27].u_pipe/s1_c_reg[179]/C
                         clock pessimism             -0.187     4.977    <hidden>
                         clock uncertainty           -0.056     4.921    <hidden>
    SLICE_X79Y5          FDRE (Setup_DFF_SLICEL_C_D)
                                                      0.025     4.946    PIPE_ARRAY[27].u_pipe/s1_c_reg[179]
  -------------------------------------------------------------------
                         required time                          4.946    <hidden>
                         arrival time                          -4.915    <hidden>
  -------------------------------------------------------------------
                         slack                                  0.031    <hidden>

Slack (MET) :             0.033ns  (required time - arrival time)
  Source:                 bank_header400_reg[3][520]/C
                            (rising edge-triggered cell FDRE clocked by clk400_mmcm  {rise@0.000ns fall@1.429ns period=2.857ns})
  Destination:            PIPE_ARRAY[27].u_pipe/s1_c_reg[200]/D
                            (rising edge-triggered cell FDRE clocked by clk400_mmcm  {rise@0.000ns fall@1.429ns period=2.857ns})
  Path Group:             clk400_mmcm
  Path Type:              Setup (Max at Slow Process Corner)
  Requirement:            2.857ns  (clk400_mmcm rise@2.857ns - clk400_mmcm rise@0.000ns)
  Data Path Delay:        2.629ns  (logic 0.330ns (12.550%)  route 2.299ns (87.450%))
  Logic Levels:           3  (LUT3=1 LUT6=2)
  Clock Path Skew:        -0.163ns (DCD - SCD + CPR)
    Destination Clock Delay (DCD):    2.308ns = ( 5.165 - 2.857 ) 
    Source Clock Delay      (SCD):    2.285ns
    Clock Pessimism Removal (CPR):    -0.187ns
  Clock Uncertainty:      0.056ns  ((TSJ^2 + DJ^2)^1/2) / 2 + PE
    Total System Jitter     (TSJ):    0.071ns
    Discrete Jitter          (DJ):    0.087ns
    Phase Error              (PE):    0.000ns
  Clock Net Delay (Source):      1.745ns (routing 0.579ns, distribution 1.166ns)
  Clock Net Delay (Destination): 1.526ns (routing 0.527ns, distribution 0.999ns)

    Location             Delay type                Incr(ns)  Path(ns)    Netlist Resource(s)
  -------------------------------------------------------------------    -------------------
                         (clock clk400_mmcm rise edge)
                                                      0.000     0.000 r  <hidden>
    BC26                                              0.000     0.000 r  clk_p
                         net (fo=0)                   0.100     0.100    u_ibufds/I
    HPIOBDIFFINBUF_X0Y37 DIFFINBUF (Prop_DIFFINBUF_HPIOBDIFFINBUF_DIFF_IN_P_O)
                                                      0.784     0.884 r  u_ibufds/DIFFINBUF_INST/O
                         net (fo=1, routed)           0.050     0.934    u_ibufds/OUT
    BC26                 IBUFCTRL (Prop_IBUFCTRL_HPIOB_M_I_O)
                                                      0.000     0.934 r  u_ibufds/IBUFCTRL_INST/O
                         net (fo=1, routed)           0.335     1.269    clk200_raw
    BUFGCE_X0Y45         BUFGCE (Prop_BUFCE_BUFGCE_I_O)
                                                      0.028     1.297 r  u_bufg200/O
                         net (fo=52219, routed)       0.979     2.276    clk200
    MMCM_X0Y1            MMCME4_ADV (Prop_MMCM_CLKIN1_CLKOUT0)
                                                     -2.009     0.267 r  u_mmcm/CLKOUT0
                         net (fo=1, routed)           0.245     0.512    clk400_mmcm
    BUFGCE_X0Y28         BUFGCE (Prop_BUFCE_BUFGCE_I_O)
                                                      0.028     0.540 r  u_bufg400/O
    X3Y1 (CLOCK_ROOT)    net (fo=475910, routed)      1.745     2.285    clk400
    SLICE_X121Y79        FDRE                                         r  bank_header400_reg[3][520]/C
  -------------------------------------------------------------------    -------------------
    SLICE_X121Y79        FDRE (Prop_FFF2_SLICEM_C_Q)
                                                      0.079     2.364 r  bank_header400_reg[3][520]/Q
                         net (fo=24, routed)          1.861     4.225    PIPE_ARRAY[27].u_pipe/header1[520]
    SLICE_X80Y9          LUT6 (Prop_E6LUT_SLICEL_I2_O)
                                                      0.099     4.324 r  PIPE_ARRAY[27].u_pipe/s1_state[520]_i_2/O
                         net (fo=1, routed)           0.177     4.501    PIPE_ARRAY[27].u_pipe/s1_state[520]_i_2_n_0
    SLICE_X77Y10         LUT3 (Prop_D6LUT_SLICEM_I2_O)
                                                      0.099     4.600 r  PIPE_ARRAY[27].u_pipe/s1_state[520]_i_1/O
                         net (fo=2, routed)           0.203     4.803    PIPE_ARRAY[27].u_pipe/s1_state[520]_i_1_n_0
    SLICE_X76Y7          LUT6 (Prop_H6LUT_SLICEM_I4_O)
                                                      0.053     4.856 r  PIPE_ARRAY[27].u_pipe/s1_c[200]_i_1/O
                         net (fo=1, routed)           0.058     4.914    PIPE_ARRAY[27].u_pipe/parity_comb[200]
    SLICE_X76Y7          FDRE                                         r  PIPE_ARRAY[27].u_pipe/s1_c_reg[200]/D
  -------------------------------------------------------------------    -------------------

                         (clock clk400_mmcm rise edge)
                                                      2.857     2.857 r  <hidden>
    BC26                                              0.000     2.857 r  clk_p
                         net (fo=0)                   0.079     2.936    u_ibufds/I
    HPIOBDIFFINBUF_X0Y37 DIFFINBUF (Prop_DIFFINBUF_HPIOBDIFFINBUF_DIFF_IN_P_O)
                                                      0.672     3.609 r  u_ibufds/DIFFINBUF_INST/O
                         net (fo=1, routed)           0.040     3.649    u_ibufds/OUT
    BC26                 IBUFCTRL (Prop_IBUFCTRL_HPIOB_M_I_O)
                                                      0.000     3.649 r  u_ibufds/IBUFCTRL_INST/O
                         net (fo=1, routed)           0.297     3.946    clk200_raw
    BUFGCE_X0Y45         BUFGCE (Prop_BUFCE_BUFGCE_I_O)
                                                      0.024     3.970 r  u_bufg200/O
                         net (fo=52219, routed)       0.864     4.834    clk200
    MMCM_X0Y1            MMCME4_ADV (Prop_MMCM_CLKIN1_CLKOUT0)
                                                     -1.433     3.401 r  u_mmcm/CLKOUT0
                         net (fo=1, routed)           0.215     3.616    clk400_mmcm
    BUFGCE_X0Y28         BUFGCE (Prop_BUFCE_BUFGCE_I_O)
                                                      0.024     3.640 r  u_bufg400/O
    X3Y1 (CLOCK_ROOT)    net (fo=475910, routed)      1.526     5.165    PIPE_ARRAY[27].u_pipe/clk
    SLICE_X76Y7          FDRE                                         r  PIPE_ARRAY[27].u_pipe/s1_c_reg[200]/C
                         clock pessimism             -0.187     4.979    <hidden>
                         clock uncertainty           -0.056     4.923    <hidden>
    SLICE_X76Y7          FDRE (Setup_HFF_SLICEM_C_D)
                                                      0.025     4.948    PIPE_ARRAY[27].u_pipe/s1_c_reg[200]
  -------------------------------------------------------------------
                         required time                          4.948    <hidden>
                         arrival time                          -4.914    <hidden>
  -------------------------------------------------------------------
                         slack                                  0.033    <hidden>

Slack (MET) :             0.040ns  (required time - arrival time)
  Source:                 bank_header400_reg[5][431]/C
                            (rising edge-triggered cell FDRE clocked by clk400_mmcm  {rise@0.000ns fall@1.429ns period=2.857ns})
  Destination:            PIPE_ARRAY[44].u_pipe/s1_c_reg[111]/D
                            (rising edge-triggered cell FDRE clocked by clk400_mmcm  {rise@0.000ns fall@1.429ns period=2.857ns})
  Path Group:             clk400_mmcm
  Path Type:              Setup (Max at Slow Process Corner)
  Requirement:            2.857ns  (clk400_mmcm rise@2.857ns - clk400_mmcm rise@0.000ns)
  Data Path Delay:        2.767ns  (logic 0.285ns (10.298%)  route 2.482ns (89.702%))
  Logic Levels:           3  (LUT3=1 LUT6=2)
  Clock Path Skew:        -0.018ns (DCD - SCD + CPR)
    Destination Clock Delay (DCD):    2.456ns = ( 5.313 - 2.857 ) 
    Source Clock Delay      (SCD):    2.342ns
    Clock Pessimism Removal (CPR):    -0.133ns
  Clock Uncertainty:      0.056ns  ((TSJ^2 + DJ^2)^1/2) / 2 + PE
    Total System Jitter     (TSJ):    0.071ns
    Discrete Jitter          (DJ):    0.087ns
    Phase Error              (PE):    0.000ns
  Clock Net Delay (Source):      1.802ns (routing 0.579ns, distribution 1.223ns)
  Clock Net Delay (Destination): 1.674ns (routing 0.527ns, distribution 1.147ns)

    Location             Delay type                Incr(ns)  Path(ns)    Netlist Resource(s)
  -------------------------------------------------------------------    -------------------
                         (clock clk400_mmcm rise edge)
                                                      0.000     0.000 r  <hidden>
    BC26                                              0.000     0.000 r  clk_p
                         net (fo=0)                   0.100     0.100    u_ibufds/I
    HPIOBDIFFINBUF_X0Y37 DIFFINBUF (Prop_DIFFINBUF_HPIOBDIFFINBUF_DIFF_IN_P_O)
                                                      0.784     0.884 r  u_ibufds/DIFFINBUF_INST/O
                         net (fo=1, routed)           0.050     0.934    u_ibufds/OUT
    BC26                 IBUFCTRL (Prop_IBUFCTRL_HPIOB_M_I_O)
                                                      0.000     0.934 r  u_ibufds/IBUFCTRL_INST/O
                         net (fo=1, routed)           0.335     1.269    clk200_raw
    BUFGCE_X0Y45         BUFGCE (Prop_BUFCE_BUFGCE_I_O)
                                                      0.028     1.297 r  u_bufg200/O
                         net (fo=52219, routed)       0.979     2.276    clk200
    MMCM_X0Y1            MMCME4_ADV (Prop_MMCM_CLKIN1_CLKOUT0)
                                                     -2.009     0.267 r  u_mmcm/CLKOUT0
                         net (fo=1, routed)           0.245     0.512    clk400_mmcm
    BUFGCE_X0Y28         BUFGCE (Prop_BUFCE_BUFGCE_I_O)
                                                      0.028     0.540 r  u_bufg400/O
    X3Y1 (CLOCK_ROOT)    net (fo=475910, routed)      1.802     2.342    clk400
    SLICE_X118Y131       FDRE                                         r  bank_header400_reg[5][431]/C
  -------------------------------------------------------------------    -------------------
    SLICE_X118Y131       FDRE (Prop_CFF_SLICEM_C_Q)
                                                      0.078     2.420 r  bank_header400_reg[5][431]/Q
                         net (fo=24, routed)          1.848     4.267    PIPE_ARRAY[44].u_pipe/header1[431]
    SLICE_X50Y126        LUT6 (Prop_H6LUT_SLICEM_I2_O)
                                                      0.101     4.368 r  PIPE_ARRAY[44].u_pipe/s1_state[431]_i_2/O
                         net (fo=1, routed)           0.325     4.693    PIPE_ARRAY[44].u_pipe/s1_state[431]_i_2_n_0
    SLICE_X41Y124        LUT3 (Prop_H6LUT_SLICEM_I2_O)
                                                      0.053     4.746 r  PIPE_ARRAY[44].u_pipe/s1_state[431]_i_1/O
                         net (fo=2, routed)           0.252     4.998    PIPE_ARRAY[44].u_pipe/s1_state[431]_i_1_n_0
    SLICE_X39Y124        LUT6 (Prop_H6LUT_SLICEM_I4_O)
                                                      0.053     5.051 r  PIPE_ARRAY[44].u_pipe/s1_c[111]_i_1/O
                         net (fo=1, routed)           0.058     5.109    PIPE_ARRAY[44].u_pipe/parity_comb[111]
    SLICE_X39Y124        FDRE                                         r  PIPE_ARRAY[44].u_pipe/s1_c_reg[111]/D
  -------------------------------------------------------------------    -------------------

                         (clock clk400_mmcm rise edge)
                                                      2.857     2.857 r  <hidden>
    BC26                                              0.000     2.857 r  clk_p
                         net (fo=0)                   0.079     2.936    u_ibufds/I
    HPIOBDIFFINBUF_X0Y37 DIFFINBUF (Prop_DIFFINBUF_HPIOBDIFFINBUF_DIFF_IN_P_O)
                                                      0.672     3.609 r  u_ibufds/DIFFINBUF_INST/O
                         net (fo=1, routed)           0.040     3.649    u_ibufds/OUT
    BC26                 IBUFCTRL (Prop_IBUFCTRL_HPIOB_M_I_O)
                                                      0.000     3.649 r  u_ibufds/IBUFCTRL_INST/O
                         net (fo=1, routed)           0.297     3.946    clk200_raw
    BUFGCE_X0Y45         BUFGCE (Prop_BUFCE_BUFGCE_I_O)
                                                      0.024     3.970 r  u_bufg200/O
                         net (fo=52219, routed)       0.864     4.834    clk200
    MMCM_X0Y1            MMCME4_ADV (Prop_MMCM_CLKIN1_CLKOUT0)
                                                     -1.433     3.401 r  u_mmcm/CLKOUT0
                         net (fo=1, routed)           0.215     3.616    clk400_mmcm
    BUFGCE_X0Y28         BUFGCE (Prop_BUFCE_BUFGCE_I_O)
                                                      0.024     3.640 r  u_bufg400/O
    X3Y1 (CLOCK_ROOT)    net (fo=475910, routed)      1.674     5.313    PIPE_ARRAY[44].u_pipe/clk
    SLICE_X39Y124        FDRE                                         r  PIPE_ARRAY[44].u_pipe/s1_c_reg[111]/C
                         clock pessimism             -0.133     5.181    <hidden>
                         clock uncertainty           -0.056     5.125    <hidden>
    SLICE_X39Y124        FDRE (Setup_HFF_SLICEM_C_D)
                                                      0.025     5.150    PIPE_ARRAY[44].u_pipe/s1_c_reg[111]
  -------------------------------------------------------------------
                         required time                          5.150    <hidden>
                         arrival time                          -5.109    <hidden>
  -------------------------------------------------------------------
                         slack                                  0.040    <hidden>

Slack (MET) :             0.042ns  (required time - arrival time)
  Source:                 bank_header400_reg[3][583]/C
                            (rising edge-triggered cell FDRE clocked by clk400_mmcm  {rise@0.000ns fall@1.429ns period=2.857ns})
  Destination:            PIPE_ARRAY[27].u_pipe/s1_c_reg[263]/D
                            (rising edge-triggered cell FDRE clocked by clk400_mmcm  {rise@0.000ns fall@1.429ns period=2.857ns})
  Path Group:             clk400_mmcm
  Path Type:              Setup (Max at Slow Process Corner)
  Requirement:            2.857ns  (clk400_mmcm rise@2.857ns - clk400_mmcm rise@0.000ns)
  Data Path Delay:        2.616ns  (logic 0.313ns (11.964%)  route 2.303ns (88.036%))
  Logic Levels:           3  (LUT3=1 LUT6=2)
  Clock Path Skew:        -0.168ns (DCD - SCD + CPR)
    Destination Clock Delay (DCD):    2.308ns = ( 5.165 - 2.857 ) 
    Source Clock Delay      (SCD):    2.290ns
    Clock Pessimism Removal (CPR):    -0.187ns
  Clock Uncertainty:      0.056ns  ((TSJ^2 + DJ^2)^1/2) / 2 + PE
    Total System Jitter     (TSJ):    0.071ns
    Discrete Jitter          (DJ):    0.087ns
    Phase Error              (PE):    0.000ns
  Clock Net Delay (Source):      1.750ns (routing 0.579ns, distribution 1.171ns)
  Clock Net Delay (Destination): 1.526ns (routing 0.527ns, distribution 0.999ns)

    Location             Delay type                Incr(ns)  Path(ns)    Netlist Resource(s)
  -------------------------------------------------------------------    -------------------
                         (clock clk400_mmcm rise edge)
                                                      0.000     0.000 r  <hidden>
    BC26                                              0.000     0.000 r  clk_p
                         net (fo=0)                   0.100     0.100    u_ibufds/I
    HPIOBDIFFINBUF_X0Y37 DIFFINBUF (Prop_DIFFINBUF_HPIOBDIFFINBUF_DIFF_IN_P_O)
                                                      0.784     0.884 r  u_ibufds/DIFFINBUF_INST/O
                         net (fo=1, routed)           0.050     0.934    u_ibufds/OUT
    BC26                 IBUFCTRL (Prop_IBUFCTRL_HPIOB_M_I_O)
                                                      0.000     0.934 r  u_ibufds/IBUFCTRL_INST/O
                         net (fo=1, routed)           0.335     1.269    clk200_raw
    BUFGCE_X0Y45         BUFGCE (Prop_BUFCE_BUFGCE_I_O)
                                                      0.028     1.297 r  u_bufg200/O
                         net (fo=52219, routed)       0.979     2.276    clk200
    MMCM_X0Y1            MMCME4_ADV (Prop_MMCM_CLKIN1_CLKOUT0)
                                                     -2.009     0.267 r  u_mmcm/CLKOUT0
                         net (fo=1, routed)           0.245     0.512    clk400_mmcm
    BUFGCE_X0Y28         BUFGCE (Prop_BUFCE_BUFGCE_I_O)
                                                      0.028     0.540 r  u_bufg400/O
    X3Y1 (CLOCK_ROOT)    net (fo=475910, routed)      1.750     2.290    clk400
    SLICE_X121Y76        FDRE                                         r  bank_header400_reg[3][583]/C
  -------------------------------------------------------------------    -------------------
    SLICE_X121Y76        FDRE (Prop_DFF_SLICEM_C_Q)
                                                      0.078     2.368 r  bank_header400_reg[3][583]/Q
                         net (fo=24, routed)          1.905     4.273    PIPE_ARRAY[27].u_pipe/header1[583]
    SLICE_X78Y4          LUT6 (Prop_F6LUT_SLICEL_I2_O)
                                                      0.097     4.370 r  PIPE_ARRAY[27].u_pipe/s1_state[583]_i_2/O
                         net (fo=1, routed)           0.147     4.517    PIPE_ARRAY[27].u_pipe/s1_state[583]_i_2_n_0
    SLICE_X77Y4          LUT3 (Prop_B6LUT_SLICEM_I2_O)
                                                      0.037     4.554 r  PIPE_ARRAY[27].u_pipe/s1_state[583]_i_1/O
                         net (fo=2, routed)           0.193     4.747    PIPE_ARRAY[27].u_pipe/s1_state[583]_i_1_n_0
    SLICE_X76Y5          LUT6 (Prop_H6LUT_SLICEM_I4_O)
                                                      0.101     4.848 r  PIPE_ARRAY[27].u_pipe/s1_c[263]_i_1/O
                         net (fo=1, routed)           0.058     4.906    PIPE_ARRAY[27].u_pipe/parity_comb[263]
    SLICE_X76Y5          FDRE                                         r  PIPE_ARRAY[27].u_pipe/s1_c_reg[263]/D
  -------------------------------------------------------------------    -------------------

                         (clock clk400_mmcm rise edge)
                                                      2.857     2.857 r  <hidden>
    BC26                                              0.000     2.857 r  clk_p
                         net (fo=0)                   0.079     2.936    u_ibufds/I
    HPIOBDIFFINBUF_X0Y37 DIFFINBUF (Prop_DIFFINBUF_HPIOBDIFFINBUF_DIFF_IN_P_O)
                                                      0.672     3.609 r  u_ibufds/DIFFINBUF_INST/O
                         net (fo=1, routed)           0.040     3.649    u_ibufds/OUT
    BC26                 IBUFCTRL (Prop_IBUFCTRL_HPIOB_M_I_O)
                                                      0.000     3.649 r  u_ibufds/IBUFCTRL_INST/O
                         net (fo=1, routed)           0.297     3.946    clk200_raw
    BUFGCE_X0Y45         BUFGCE (Prop_BUFCE_BUFGCE_I_O)
                                                      0.024     3.970 r  u_bufg200/O
                         net (fo=52219, routed)       0.864     4.834    clk200
    MMCM_X0Y1            MMCME4_ADV (Prop_MMCM_CLKIN1_CLKOUT0)
                                                     -1.433     3.401 r  u_mmcm/CLKOUT0
                         net (fo=1, routed)           0.215     3.616    clk400_mmcm
    BUFGCE_X0Y28         BUFGCE (Prop_BUFCE_BUFGCE_I_O)
                                                      0.024     3.640 r  u_bufg400/O
    X3Y1 (CLOCK_ROOT)    net (fo=475910, routed)      1.526     5.165    PIPE_ARRAY[27].u_pipe/clk
    SLICE_X76Y5          FDRE                                         r  PIPE_ARRAY[27].u_pipe/s1_c_reg[263]/C
                         clock pessimism             -0.187     4.979    <hidden>
                         clock uncertainty           -0.056     4.923    <hidden>
    SLICE_X76Y5          FDRE (Setup_HFF_SLICEM_C_D)
                                                      0.025     4.948    PIPE_ARRAY[27].u_pipe/s1_c_reg[263]
  -------------------------------------------------------------------
                         required time                          4.948    <hidden>
                         arrival time                          -4.906    <hidden>
  -------------------------------------------------------------------
                         slack                                  0.042    <hidden>

Slack (MET) :             0.043ns  (required time - arrival time)
  Source:                 bank_header400_reg[5][335]/C
                            (rising edge-triggered cell FDRE clocked by clk400_mmcm  {rise@0.000ns fall@1.429ns period=2.857ns})
  Destination:            PIPE_ARRAY[45].u_pipe/s1_state_reg[335]/D
                            (rising edge-triggered cell FDRE clocked by clk400_mmcm  {rise@0.000ns fall@1.429ns period=2.857ns})
  Path Group:             clk400_mmcm
  Path Type:              Setup (Max at Slow Process Corner)
  Requirement:            2.857ns  (clk400_mmcm rise@2.857ns - clk400_mmcm rise@0.000ns)
  Data Path Delay:        2.620ns  (logic 0.227ns (8.663%)  route 2.393ns (91.337%))
  Logic Levels:           2  (LUT3=1 LUT6=1)
  Clock Path Skew:        -0.162ns (DCD - SCD + CPR)
    Destination Clock Delay (DCD):    2.288ns = ( 5.145 - 2.857 ) 
    Source Clock Delay      (SCD):    2.260ns
    Clock Pessimism Removal (CPR):    -0.191ns
  Clock Uncertainty:      0.056ns  ((TSJ^2 + DJ^2)^1/2) / 2 + PE
    Total System Jitter     (TSJ):    0.071ns
    Discrete Jitter          (DJ):    0.087ns
    Phase Error              (PE):    0.000ns
  Clock Net Delay (Source):      1.720ns (routing 0.579ns, distribution 1.141ns)
  Clock Net Delay (Destination): 1.506ns (routing 0.527ns, distribution 0.979ns)

    Location             Delay type                Incr(ns)  Path(ns)    Netlist Resource(s)
  -------------------------------------------------------------------    -------------------
                         (clock clk400_mmcm rise edge)
                                                      0.000     0.000 r  <hidden>
    BC26                                              0.000     0.000 r  clk_p
                         net (fo=0)                   0.100     0.100    u_ibufds/I
    HPIOBDIFFINBUF_X0Y37 DIFFINBUF (Prop_DIFFINBUF_HPIOBDIFFINBUF_DIFF_IN_P_O)
                                                      0.784     0.884 r  u_ibufds/DIFFINBUF_INST/O
                         net (fo=1, routed)           0.050     0.934    u_ibufds/OUT
    BC26                 IBUFCTRL (Prop_IBUFCTRL_HPIOB_M_I_O)
                                                      0.000     0.934 r  u_ibufds/IBUFCTRL_INST/O
                         net (fo=1, routed)           0.335     1.269    clk200_raw
    BUFGCE_X0Y45         BUFGCE (Prop_BUFCE_BUFGCE_I_O)
                                                      0.028     1.297 r  u_bufg200/O
                         net (fo=52219, routed)       0.979     2.276    clk200
    MMCM_X0Y1            MMCME4_ADV (Prop_MMCM_CLKIN1_CLKOUT0)
                                                     -2.009     0.267 r  u_mmcm/CLKOUT0
                         net (fo=1, routed)           0.245     0.512    clk400_mmcm
    BUFGCE_X0Y28         BUFGCE (Prop_BUFCE_BUFGCE_I_O)
                                                      0.028     0.540 r  u_bufg400/O
    X3Y1 (CLOCK_ROOT)    net (fo=475910, routed)      1.720     2.260    clk400
    SLICE_X118Y114       FDRE                                         r  bank_header400_reg[5][335]/C
  -------------------------------------------------------------------    -------------------
    SLICE_X118Y114       FDRE (Prop_EFF_SLICEM_C_Q)
                                                      0.076     2.336 r  bank_header400_reg[5][335]/Q
                         net (fo=24, routed)          1.919     4.255    PIPE_ARRAY[45].u_pipe/header1[335]
    SLICE_X94Y230        LUT6 (Prop_H6LUT_SLICEM_I2_O)
                                                      0.101     4.356 r  PIPE_ARRAY[45].u_pipe/s1_state[335]_i_2/O
                         net (fo=1, routed)           0.159     4.515    PIPE_ARRAY[45].u_pipe/s1_state[335]_i_2_n_0
    SLICE_X93Y230        LUT3 (Prop_C6LUT_SLICEL_I2_O)
                                                      0.050     4.565 r  PIPE_ARRAY[45].u_pipe/s1_state[335]_i_1/O
                         net (fo=2, routed)           0.315     4.880    PIPE_ARRAY[45].u_pipe/s1_state[335]_i_1_n_0
    SLICE_X93Y229        FDRE                                         r  PIPE_ARRAY[45].u_pipe/s1_state_reg[335]/D
  -------------------------------------------------------------------    -------------------

                         (clock clk400_mmcm rise edge)
                                                      2.857     2.857 r  <hidden>
    BC26                                              0.000     2.857 r  clk_p
                         net (fo=0)                   0.079     2.936    u_ibufds/I
    HPIOBDIFFINBUF_X0Y37 DIFFINBUF (Prop_DIFFINBUF_HPIOBDIFFINBUF_DIFF_IN_P_O)
                                                      0.672     3.609 r  u_ibufds/DIFFINBUF_INST/O
                         net (fo=1, routed)           0.040     3.649    u_ibufds/OUT
    BC26                 IBUFCTRL (Prop_IBUFCTRL_HPIOB_M_I_O)
                                                      0.000     3.649 r  u_ibufds/IBUFCTRL_INST/O
                         net (fo=1, routed)           0.297     3.946    clk200_raw
    BUFGCE_X0Y45         BUFGCE (Prop_BUFCE_BUFGCE_I_O)
                                                      0.024     3.970 r  u_bufg200/O
                         net (fo=52219, routed)       0.864     4.834    clk200
    MMCM_X0Y1            MMCME4_ADV (Prop_MMCM_CLKIN1_CLKOUT0)
                                                     -1.433     3.401 r  u_mmcm/CLKOUT0
                         net (fo=1, routed)           0.215     3.616    clk400_mmcm
    BUFGCE_X0Y28         BUFGCE (Prop_BUFCE_BUFGCE_I_O)
                                                      0.024     3.640 r  u_bufg400/O
    X3Y1 (CLOCK_ROOT)    net (fo=475910, routed)      1.506     5.145    PIPE_ARRAY[45].u_pipe/clk
    SLICE_X93Y229        FDRE                                         r  PIPE_ARRAY[45].u_pipe/s1_state_reg[335]/C
                         clock pessimism             -0.191     4.955    <hidden>
                         clock uncertainty           -0.056     4.899    <hidden>
    SLICE_X93Y229        FDRE (Setup_EFF_SLICEL_C_D)
                                                      0.025     4.924    PIPE_ARRAY[45].u_pipe/s1_state_reg[335]
  -------------------------------------------------------------------
                         required time                          4.924    <hidden>
                         arrival time                          -4.880    <hidden>
  -------------------------------------------------------------------
                         slack                                  0.043    <hidden>

Slack (MET) :             0.050ns  (required time - arrival time)
  Source:                 bank_header400_reg[3][405]/C
                            (rising edge-triggered cell FDRE clocked by clk400_mmcm  {rise@0.000ns fall@1.429ns period=2.857ns})
  Destination:            PIPE_ARRAY[27].u_pipe/s1_c_reg[85]/D
                            (rising edge-triggered cell FDRE clocked by clk400_mmcm  {rise@0.000ns fall@1.429ns period=2.857ns})
  Path Group:             clk400_mmcm
  Path Type:              Setup (Max at Slow Process Corner)
  Requirement:            2.857ns  (clk400_mmcm rise@2.857ns - clk400_mmcm rise@0.000ns)
  Data Path Delay:        2.678ns  (logic 0.375ns (14.004%)  route 2.303ns (85.996%))
  Logic Levels:           3  (LUT3=1 LUT6=2)
  Clock Path Skew:        -0.098ns (DCD - SCD + CPR)
    Destination Clock Delay (DCD):    2.327ns = ( 5.184 - 2.857 ) 
    Source Clock Delay      (SCD):    2.239ns
    Clock Pessimism Removal (CPR):    -0.187ns
  Clock Uncertainty:      0.056ns  ((TSJ^2 + DJ^2)^1/2) / 2 + PE
    Total System Jitter     (TSJ):    0.071ns
    Discrete Jitter          (DJ):    0.087ns
    Phase Error              (PE):    0.000ns
  Clock Net Delay (Source):      1.699ns (routing 0.579ns, distribution 1.120ns)
  Clock Net Delay (Destination): 1.545ns (routing 0.527ns, distribution 1.018ns)

    Location             Delay type                Incr(ns)  Path(ns)    Netlist Resource(s)
  -------------------------------------------------------------------    -------------------
                         (clock clk400_mmcm rise edge)
                                                      0.000     0.000 r  <hidden>
    BC26                                              0.000     0.000 r  clk_p
                         net (fo=0)                   0.100     0.100    u_ibufds/I
    HPIOBDIFFINBUF_X0Y37 DIFFINBUF (Prop_DIFFINBUF_HPIOBDIFFINBUF_DIFF_IN_P_O)
                                                      0.784     0.884 r  u_ibufds/DIFFINBUF_INST/O
                         net (fo=1, routed)           0.050     0.934    u_ibufds/OUT
    BC26                 IBUFCTRL (Prop_IBUFCTRL_HPIOB_M_I_O)
                                                      0.000     0.934 r  u_ibufds/IBUFCTRL_INST/O
                         net (fo=1, routed)           0.335     1.269    clk200_raw
    BUFGCE_X0Y45         BUFGCE (Prop_BUFCE_BUFGCE_I_O)
                                                      0.028     1.297 r  u_bufg200/O
                         net (fo=52219, routed)       0.979     2.276    clk200
    MMCM_X0Y1            MMCME4_ADV (Prop_MMCM_CLKIN1_CLKOUT0)
                                                     -2.009     0.267 r  u_mmcm/CLKOUT0
                         net (fo=1, routed)           0.245     0.512    clk400_mmcm
    BUFGCE_X0Y28         BUFGCE (Prop_BUFCE_BUFGCE_I_O)
                                                      0.028     0.540 r  u_bufg400/O
    X3Y1 (CLOCK_ROOT)    net (fo=475910, routed)      1.699     2.239    clk400
    SLICE_X117Y94        FDRE                                         r  bank_header400_reg[3][405]/C
  -------------------------------------------------------------------    -------------------
    SLICE_X117Y94        FDRE (Prop_FFF_SLICEL_C_Q)
                                                      0.079     2.318 r  bank_header400_reg[3][405]/Q
                         net (fo=24, routed)          1.812     4.129    PIPE_ARRAY[27].u_pipe/header1[405]
    SLICE_X76Y13         LUT6 (Prop_G6LUT_SLICEM_I2_O)
                                                      0.100     4.229 r  PIPE_ARRAY[27].u_pipe/s1_state[405]_i_2/O
                         net (fo=1, routed)           0.335     4.564    PIPE_ARRAY[27].u_pipe/s1_state[405]_i_2_n_0
    SLICE_X67Y13         LUT3 (Prop_D6LUT_SLICEL_I2_O)
                                                      0.050     4.614 r  PIPE_ARRAY[27].u_pipe/s1_state[405]_i_1/O
                         net (fo=2, routed)           0.107     4.722    PIPE_ARRAY[27].u_pipe/s1_state[405]_i_1_n_0
    SLICE_X66Y13         LUT6 (Prop_D6LUT_SLICEL_I4_O)
                                                      0.146     4.868 r  PIPE_ARRAY[27].u_pipe/s1_c[85]_i_1/O
                         net (fo=1, routed)           0.049     4.917    PIPE_ARRAY[27].u_pipe/parity_comb[85]
    SLICE_X66Y13         FDRE                                         r  PIPE_ARRAY[27].u_pipe/s1_c_reg[85]/D
  -------------------------------------------------------------------    -------------------

                         (clock clk400_mmcm rise edge)
                                                      2.857     2.857 r  <hidden>
    BC26                                              0.000     2.857 r  clk_p
                         net (fo=0)                   0.079     2.936    u_ibufds/I
    HPIOBDIFFINBUF_X0Y37 DIFFINBUF (Prop_DIFFINBUF_HPIOBDIFFINBUF_DIFF_IN_P_O)
                                                      0.672     3.609 r  u_ibufds/DIFFINBUF_INST/O
                         net (fo=1, routed)           0.040     3.649    u_ibufds/OUT
    BC26                 IBUFCTRL (Prop_IBUFCTRL_HPIOB_M_I_O)
                                                      0.000     3.649 r  u_ibufds/IBUFCTRL_INST/O
                         net (fo=1, routed)           0.297     3.946    clk200_raw
    BUFGCE_X0Y45         BUFGCE (Prop_BUFCE_BUFGCE_I_O)
                                                      0.024     3.970 r  u_bufg200/O
                         net (fo=52219, routed)       0.864     4.834    clk200
    MMCM_X0Y1            MMCME4_ADV (Prop_MMCM_CLKIN1_CLKOUT0)
                                                     -1.433     3.401 r  u_mmcm/CLKOUT0
                         net (fo=1, routed)           0.215     3.616    clk400_mmcm
    BUFGCE_X0Y28         BUFGCE (Prop_BUFCE_BUFGCE_I_O)
                                                      0.024     3.640 r  u_bufg400/O
    X3Y1 (CLOCK_ROOT)    net (fo=475910, routed)      1.545     5.184    PIPE_ARRAY[27].u_pipe/clk
    SLICE_X66Y13         FDRE                                         r  PIPE_ARRAY[27].u_pipe/s1_c_reg[85]/C
                         clock pessimism             -0.187     4.998    <hidden>
                         clock uncertainty           -0.056     4.942    <hidden>
    SLICE_X66Y13         FDRE (Setup_DFF_SLICEL_C_D)
                                                      0.025     4.967    PIPE_ARRAY[27].u_pipe/s1_c_reg[85]
  -------------------------------------------------------------------
                         required time                          4.967    <hidden>
                         arrival time                          -4.917    <hidden>
  -------------------------------------------------------------------
                         slack                                  0.050    <hidden>

Slack (MET) :             0.053ns  (required time - arrival time)
  Source:                 PIPE_ARRAY[31].u_pipe/load_count_reg[1]/C
                            (rising edge-triggered cell FDRE clocked by clk400_mmcm  {rise@0.000ns fall@1.429ns period=2.857ns})
  Destination:            PIPE_ARRAY[31].u_pipe/s1_c_reg[98]/D
                            (rising edge-triggered cell FDRE clocked by clk400_mmcm  {rise@0.000ns fall@1.429ns period=2.857ns})
  Path Group:             clk400_mmcm
  Path Type:              Setup (Max at Slow Process Corner)
  Requirement:            2.857ns  (clk400_mmcm rise@2.857ns - clk400_mmcm rise@0.000ns)
  Data Path Delay:        2.684ns  (logic 0.452ns (16.840%)  route 2.232ns (83.160%))
  Logic Levels:           4  (LUT2=1 LUT3=1 LUT6=2)
  Clock Path Skew:        -0.089ns (DCD - SCD + CPR)
    Destination Clock Delay (DCD):    2.327ns = ( 5.185 - 2.857 ) 
    Source Clock Delay      (SCD):    2.286ns
    Clock Pessimism Removal (CPR):    -0.131ns
  Clock Uncertainty:      0.056ns  ((TSJ^2 + DJ^2)^1/2) / 2 + PE
    Total System Jitter     (TSJ):    0.071ns
    Discrete Jitter          (DJ):    0.087ns
    Phase Error              (PE):    0.000ns
  Clock Net Delay (Source):      1.746ns (routing 0.579ns, distribution 1.167ns)
  Clock Net Delay (Destination): 1.545ns (routing 0.527ns, distribution 1.018ns)

    Location             Delay type                Incr(ns)  Path(ns)    Netlist Resource(s)
  -------------------------------------------------------------------    -------------------
                         (clock clk400_mmcm rise edge)
                                                      0.000     0.000 r  <hidden>
    BC26                                              0.000     0.000 r  clk_p
                         net (fo=0)                   0.100     0.100    u_ibufds/I
    HPIOBDIFFINBUF_X0Y37 DIFFINBUF (Prop_DIFFINBUF_HPIOBDIFFINBUF_DIFF_IN_P_O)
                                                      0.784     0.884 r  u_ibufds/DIFFINBUF_INST/O
                         net (fo=1, routed)           0.050     0.934    u_ibufds/OUT
    BC26                 IBUFCTRL (Prop_IBUFCTRL_HPIOB_M_I_O)
                                                      0.000     0.934 r  u_ibufds/IBUFCTRL_INST/O
                         net (fo=1, routed)           0.335     1.269    clk200_raw
    BUFGCE_X0Y45         BUFGCE (Prop_BUFCE_BUFGCE_I_O)
                                                      0.028     1.297 r  u_bufg200/O
                         net (fo=52219, routed)       0.979     2.276    clk200
    MMCM_X0Y1            MMCME4_ADV (Prop_MMCM_CLKIN1_CLKOUT0)
                                                     -2.009     0.267 r  u_mmcm/CLKOUT0
                         net (fo=1, routed)           0.245     0.512    clk400_mmcm
    BUFGCE_X0Y28         BUFGCE (Prop_BUFCE_BUFGCE_I_O)
                                                      0.028     0.540 r  u_bufg400/O
    X3Y1 (CLOCK_ROOT)    net (fo=475910, routed)      1.746     2.286    PIPE_ARRAY[31].u_pipe/clk
    SLICE_X119Y81        FDRE                                         r  PIPE_ARRAY[31].u_pipe/load_count_reg[1]/C
  -------------------------------------------------------------------    -------------------
    SLICE_X119Y81        FDRE (Prop_HFF_SLICEL_C_Q)
                                                      0.079     2.365 r  PIPE_ARRAY[31].u_pipe/load_count_reg[1]/Q
                         net (fo=9, routed)           0.282     2.647    PIPE_ARRAY[31].u_pipe/p_0_in0
    SLICE_X119Y82        LUT2 (Prop_C5LUT_SLICEL_I0_O)
                                                      0.110     2.757 r  PIPE_ARRAY[31].u_pipe/s1_ctx[1]_i_3/O
                         net (fo=674, routed)         1.044     3.801    PIPE_ARRAY[31].u_pipe/s1_ctx[1]_i_3_n_0
    SLICE_X112Y101       LUT6 (Prop_C6LUT_SLICEL_I3_O)
                                                      0.123     3.924 r  PIPE_ARRAY[31].u_pipe/s1_state[98]_i_2/O
                         net (fo=1, routed)           0.082     4.006    PIPE_ARRAY[31].u_pipe/s1_state[98]_i_2_n_0
    SLICE_X112Y102       LUT3 (Prop_D6LUT_SLICEL_I2_O)
                                                      0.089     4.095 r  PIPE_ARRAY[31].u_pipe/s1_state[98]_i_1/O
                         net (fo=2, routed)           0.752     4.847    PIPE_ARRAY[31].u_pipe/s1_state[98]_i_1_n_0
    SLICE_X122Y101       LUT6 (Prop_D6LUT_SLICEM_I5_O)
                                                      0.051     4.898 r  PIPE_ARRAY[31].u_pipe/s1_c[98]_i_1/O
                         net (fo=1, routed)           0.072     4.970    PIPE_ARRAY[31].u_pipe/parity_comb[98]
    SLICE_X122Y101       FDRE                                         r  PIPE_ARRAY[31].u_pipe/s1_c_reg[98]/D
  -------------------------------------------------------------------    -------------------

                         (clock clk400_mmcm rise edge)
                                                      2.857     2.857 r  <hidden>
    BC26                                              0.000     2.857 r  clk_p
                         net (fo=0)                   0.079     2.936    u_ibufds/I
    HPIOBDIFFINBUF_X0Y37 DIFFINBUF (Prop_DIFFINBUF_HPIOBDIFFINBUF_DIFF_IN_P_O)
                                                      0.672     3.609 r  u_ibufds/DIFFINBUF_INST/O
                         net (fo=1, routed)           0.040     3.649    u_ibufds/OUT
    BC26                 IBUFCTRL (Prop_IBUFCTRL_HPIOB_M_I_O)
                                                      0.000     3.649 r  u_ibufds/IBUFCTRL_INST/O
                         net (fo=1, routed)           0.297     3.946    clk200_raw
    BUFGCE_X0Y45         BUFGCE (Prop_BUFCE_BUFGCE_I_O)
                                                      0.024     3.970 r  u_bufg200/O
                         net (fo=52219, routed)       0.864     4.834    clk200
    MMCM_X0Y1            MMCME4_ADV (Prop_MMCM_CLKIN1_CLKOUT0)
                                                     -1.433     3.401 r  u_mmcm/CLKOUT0
                         net (fo=1, routed)           0.215     3.616    clk400_mmcm
    BUFGCE_X0Y28         BUFGCE (Prop_BUFCE_BUFGCE_I_O)
                                                      0.024     3.640 r  u_bufg400/O
    X3Y1 (CLOCK_ROOT)    net (fo=475910, routed)      1.545     5.185    PIPE_ARRAY[31].u_pipe/clk
    SLICE_X122Y101       FDRE                                         r  PIPE_ARRAY[31].u_pipe/s1_c_reg[98]/C
                         clock pessimism             -0.131     5.054    <hidden>
                         clock uncertainty           -0.056     4.998    <hidden>
    SLICE_X122Y101       FDRE (Setup_DFF_SLICEM_C_D)
                                                      0.025     5.023    PIPE_ARRAY[31].u_pipe/s1_c_reg[98]
  -------------------------------------------------------------------
                         required time                          5.023    <hidden>
                         arrival time                          -4.970    <hidden>
  -------------------------------------------------------------------
                         slack                                  0.053    <hidden>

Slack (MET) :             0.054ns  (required time - arrival time)
  Source:                 reset400_reg_replica_55/C
                            (rising edge-triggered cell FDRE clocked by clk400_mmcm  {rise@0.000ns fall@1.429ns period=2.857ns})
  Destination:            bank_header400_reg[9][181]/R
                            (rising edge-triggered cell FDRE clocked by clk400_mmcm  {rise@0.000ns fall@1.429ns period=2.857ns})
  Path Group:             clk400_mmcm
  Path Type:              Setup (Max at Slow Process Corner)
  Requirement:            2.857ns  (clk400_mmcm rise@2.857ns - clk400_mmcm rise@0.000ns)
  Data Path Delay:        2.505ns  (logic 0.081ns (3.234%)  route 2.424ns (96.766%))
  Logic Levels:           0  
  Clock Path Skew:        -0.168ns (DCD - SCD + CPR)
    Destination Clock Delay (DCD):    2.368ns = ( 5.225 - 2.857 ) 
    Source Clock Delay      (SCD):    2.346ns
    Clock Pessimism Removal (CPR):    -0.191ns
  Clock Uncertainty:      0.056ns  ((TSJ^2 + DJ^2)^1/2) / 2 + PE
    Total System Jitter     (TSJ):    0.071ns
    Discrete Jitter          (DJ):    0.087ns
    Phase Error              (PE):    0.000ns
  Clock Net Delay (Source):      1.806ns (routing 0.579ns, distribution 1.227ns)
  Clock Net Delay (Destination): 1.586ns (routing 0.527ns, distribution 1.059ns)

    Location             Delay type                Incr(ns)  Path(ns)    Netlist Resource(s)
  -------------------------------------------------------------------    -------------------
                         (clock clk400_mmcm rise edge)
                                                      0.000     0.000 r  <hidden>
    BC26                                              0.000     0.000 r  clk_p
                         net (fo=0)                   0.100     0.100    u_ibufds/I
    HPIOBDIFFINBUF_X0Y37 DIFFINBUF (Prop_DIFFINBUF_HPIOBDIFFINBUF_DIFF_IN_P_O)
                                                      0.784     0.884 r  u_ibufds/DIFFINBUF_INST/O
                         net (fo=1, routed)           0.050     0.934    u_ibufds/OUT
    BC26                 IBUFCTRL (Prop_IBUFCTRL_HPIOB_M_I_O)
                                                      0.000     0.934 r  u_ibufds/IBUFCTRL_INST/O
                         net (fo=1, routed)           0.335     1.269    clk200_raw
    BUFGCE_X0Y45         BUFGCE (Prop_BUFCE_BUFGCE_I_O)
                                                      0.028     1.297 r  u_bufg200/O
                         net (fo=52219, routed)       0.979     2.276    clk200
    MMCM_X0Y1            MMCME4_ADV (Prop_MMCM_CLKIN1_CLKOUT0)
                                                     -2.009     0.267 r  u_mmcm/CLKOUT0
                         net (fo=1, routed)           0.245     0.512    clk400_mmcm
    BUFGCE_X0Y28         BUFGCE (Prop_BUFCE_BUFGCE_I_O)
                                                      0.028     0.540 r  u_bufg400/O
    X3Y1 (CLOCK_ROOT)    net (fo=475910, routed)      1.806     2.346    clk400
    SLICE_X131Y106       FDRE                                         r  reset400_reg_replica_55/C
  -------------------------------------------------------------------    -------------------
    SLICE_X131Y106       FDRE (Prop_GFF2_SLICEL_C_Q)
                                                      0.081     2.427 r  reset400_reg_replica_55/Q
                         net (fo=132, routed)         2.424     4.851    reset400_repN_55
    SLICE_X126Y151       FDRE                                         r  bank_header400_reg[9][181]/R
  -------------------------------------------------------------------    -------------------

                         (clock clk400_mmcm rise edge)
                                                      2.857     2.857 r  <hidden>
    BC26                                              0.000     2.857 r  clk_p
                         net (fo=0)                   0.079     2.936    u_ibufds/I
    HPIOBDIFFINBUF_X0Y37 DIFFINBUF (Prop_DIFFINBUF_HPIOBDIFFINBUF_DIFF_IN_P_O)
                                                      0.672     3.609 r  u_ibufds/DIFFINBUF_INST/O
                         net (fo=1, routed)           0.040     3.649    u_ibufds/OUT
    BC26                 IBUFCTRL (Prop_IBUFCTRL_HPIOB_M_I_O)
                                                      0.000     3.649 r  u_ibufds/IBUFCTRL_INST/O
                         net (fo=1, routed)           0.297     3.946    clk200_raw
    BUFGCE_X0Y45         BUFGCE (Prop_BUFCE_BUFGCE_I_O)
                                                      0.024     3.970 r  u_bufg200/O
                         net (fo=52219, routed)       0.864     4.834    clk200
    MMCM_X0Y1            MMCME4_ADV (Prop_MMCM_CLKIN1_CLKOUT0)
                                                     -1.433     3.401 r  u_mmcm/CLKOUT0
                         net (fo=1, routed)           0.215     3.616    clk400_mmcm
    BUFGCE_X0Y28         BUFGCE (Prop_BUFCE_BUFGCE_I_O)
                                                      0.024     3.640 r  u_bufg400/O
    X3Y1 (CLOCK_ROOT)    net (fo=475910, routed)      1.586     5.225    clk400
    SLICE_X126Y151       FDRE                                         r  bank_header400_reg[9][181]/C
                         clock pessimism             -0.191     5.035    <hidden>
                         clock uncertainty           -0.056     4.979    <hidden>
    SLICE_X126Y151       FDRE (Setup_EFF_SLICEM_C_R)
                                                     -0.074     4.905    bank_header400_reg[9][181]
  -------------------------------------------------------------------
                         required time                          4.905    <hidden>
                         arrival time                          -4.851    <hidden>
  -------------------------------------------------------------------
                         slack                                  0.054    <hidden>

Slack (MET) :             0.054ns  (required time - arrival time)
  Source:                 reset400_reg_replica_55/C
                            (rising edge-triggered cell FDRE clocked by clk400_mmcm  {rise@0.000ns fall@1.429ns period=2.857ns})
  Destination:            bank_header400_reg[9][321]/R
                            (rising edge-triggered cell FDRE clocked by clk400_mmcm  {rise@0.000ns fall@1.429ns period=2.857ns})
  Path Group:             clk400_mmcm
  Path Type:              Setup (Max at Slow Process Corner)
  Requirement:            2.857ns  (clk400_mmcm rise@2.857ns - clk400_mmcm rise@0.000ns)
  Data Path Delay:        2.505ns  (logic 0.081ns (3.234%)  route 2.424ns (96.766%))
  Logic Levels:           0  
  Clock Path Skew:        -0.168ns (DCD - SCD + CPR)
    Destination Clock Delay (DCD):    2.368ns = ( 5.225 - 2.857 ) 
    Source Clock Delay      (SCD):    2.346ns
    Clock Pessimism Removal (CPR):    -0.191ns
  Clock Uncertainty:      0.056ns  ((TSJ^2 + DJ^2)^1/2) / 2 + PE
    Total System Jitter     (TSJ):    0.071ns
    Discrete Jitter          (DJ):    0.087ns
    Phase Error              (PE):    0.000ns
  Clock Net Delay (Source):      1.806ns (routing 0.579ns, distribution 1.227ns)
  Clock Net Delay (Destination): 1.586ns (routing 0.527ns, distribution 1.059ns)

    Location             Delay type                Incr(ns)  Path(ns)    Netlist Resource(s)
  -------------------------------------------------------------------    -------------------
                         (clock clk400_mmcm rise edge)
                                                      0.000     0.000 r  <hidden>
    BC26                                              0.000     0.000 r  clk_p
                         net (fo=0)                   0.100     0.100    u_ibufds/I
    HPIOBDIFFINBUF_X0Y37 DIFFINBUF (Prop_DIFFINBUF_HPIOBDIFFINBUF_DIFF_IN_P_O)
                                                      0.784     0.884 r  u_ibufds/DIFFINBUF_INST/O
                         net (fo=1, routed)           0.050     0.934    u_ibufds/OUT
    BC26                 IBUFCTRL (Prop_IBUFCTRL_HPIOB_M_I_O)
                                                      0.000     0.934 r  u_ibufds/IBUFCTRL_INST/O
                         net (fo=1, routed)           0.335     1.269    clk200_raw
    BUFGCE_X0Y45         BUFGCE (Prop_BUFCE_BUFGCE_I_O)
                                                      0.028     1.297 r  u_bufg200/O
                         net (fo=52219, routed)       0.979     2.276    clk200
    MMCM_X0Y1            MMCME4_ADV (Prop_MMCM_CLKIN1_CLKOUT0)
                                                     -2.009     0.267 r  u_mmcm/CLKOUT0
                         net (fo=1, routed)           0.245     0.512    clk400_mmcm
    BUFGCE_X0Y28         BUFGCE (Prop_BUFCE_BUFGCE_I_O)
                                                      0.028     0.540 r  u_bufg400/O
    X3Y1 (CLOCK_ROOT)    net (fo=475910, routed)      1.806     2.346    clk400
    SLICE_X131Y106       FDRE                                         r  reset400_reg_replica_55/C
  -------------------------------------------------------------------    -------------------
    SLICE_X131Y106       FDRE (Prop_GFF2_SLICEL_C_Q)
                                                      0.081     2.427 r  reset400_reg_replica_55/Q
                         net (fo=132, routed)         2.424     4.851    reset400_repN_55
    SLICE_X126Y151       FDRE                                         r  bank_header400_reg[9][321]/R
  -------------------------------------------------------------------    -------------------

                         (clock clk400_mmcm rise edge)
                                                      2.857     2.857 r  <hidden>
    BC26                                              0.000     2.857 r  clk_p
                         net (fo=0)                   0.079     2.936    u_ibufds/I
    HPIOBDIFFINBUF_X0Y37 DIFFINBUF (Prop_DIFFINBUF_HPIOBDIFFINBUF_DIFF_IN_P_O)
                                                      0.672     3.609 r  u_ibufds/DIFFINBUF_INST/O
                         net (fo=1, routed)           0.040     3.649    u_ibufds/OUT
    BC26                 IBUFCTRL (Prop_IBUFCTRL_HPIOB_M_I_O)
                                                      0.000     3.649 r  u_ibufds/IBUFCTRL_INST/O
                         net (fo=1, routed)           0.297     3.946    clk200_raw
    BUFGCE_X0Y45         BUFGCE (Prop_BUFCE_BUFGCE_I_O)
                                                      0.024     3.970 r  u_bufg200/O
                         net (fo=52219, routed)       0.864     4.834    clk200
    MMCM_X0Y1            MMCME4_ADV (Prop_MMCM_CLKIN1_CLKOUT0)
                                                     -1.433     3.401 r  u_mmcm/CLKOUT0
                         net (fo=1, routed)           0.215     3.616    clk400_mmcm
    BUFGCE_X0Y28         BUFGCE (Prop_BUFCE_BUFGCE_I_O)
                                                      0.024     3.640 r  u_bufg400/O
    X3Y1 (CLOCK_ROOT)    net (fo=475910, routed)      1.586     5.225    clk400
    SLICE_X126Y151       FDRE                                         r  bank_header400_reg[9][321]/C
                         clock pessimism             -0.191     5.035    <hidden>
                         clock uncertainty           -0.056     4.979    <hidden>
    SLICE_X126Y151       FDRE (Setup_EFF2_SLICEM_C_R)
                                                     -0.074     4.905    bank_header400_reg[9][321]
  -------------------------------------------------------------------
                         required time                          4.905    <hidden>
                         arrival time                          -4.851    <hidden>
  -------------------------------------------------------------------
                         slack                                  0.054    <hidden>

Slack (MET) :             0.054ns  (required time - arrival time)
  Source:                 reset400_reg_replica_55/C
                            (rising edge-triggered cell FDRE clocked by clk400_mmcm  {rise@0.000ns fall@1.429ns period=2.857ns})
  Destination:            bank_header400_reg[9][349]/R
                            (rising edge-triggered cell FDRE clocked by clk400_mmcm  {rise@0.000ns fall@1.429ns period=2.857ns})
  Path Group:             clk400_mmcm
  Path Type:              Setup (Max at Slow Process Corner)
  Requirement:            2.857ns  (clk400_mmcm rise@2.857ns - clk400_mmcm rise@0.000ns)
  Data Path Delay:        2.505ns  (logic 0.081ns (3.234%)  route 2.424ns (96.766%))
  Logic Levels:           0  
  Clock Path Skew:        -0.168ns (DCD - SCD + CPR)
    Destination Clock Delay (DCD):    2.368ns = ( 5.225 - 2.857 ) 
    Source Clock Delay      (SCD):    2.346ns
    Clock Pessimism Removal (CPR):    -0.191ns
  Clock Uncertainty:      0.056ns  ((TSJ^2 + DJ^2)^1/2) / 2 + PE
    Total System Jitter     (TSJ):    0.071ns
    Discrete Jitter          (DJ):    0.087ns
    Phase Error              (PE):    0.000ns
  Clock Net Delay (Source):      1.806ns (routing 0.579ns, distribution 1.227ns)
  Clock Net Delay (Destination): 1.586ns (routing 0.527ns, distribution 1.059ns)

    Location             Delay type                Incr(ns)  Path(ns)    Netlist Resource(s)
  -------------------------------------------------------------------    -------------------
                         (clock clk400_mmcm rise edge)
                                                      0.000     0.000 r  <hidden>
    BC26                                              0.000     0.000 r  clk_p
                         net (fo=0)                   0.100     0.100    u_ibufds/I
    HPIOBDIFFINBUF_X0Y37 DIFFINBUF (Prop_DIFFINBUF_HPIOBDIFFINBUF_DIFF_IN_P_O)
                                                      0.784     0.884 r  u_ibufds/DIFFINBUF_INST/O
                         net (fo=1, routed)           0.050     0.934    u_ibufds/OUT
    BC26                 IBUFCTRL (Prop_IBUFCTRL_HPIOB_M_I_O)
                                                      0.000     0.934 r  u_ibufds/IBUFCTRL_INST/O
                         net (fo=1, routed)           0.335     1.269    clk200_raw
    BUFGCE_X0Y45         BUFGCE (Prop_BUFCE_BUFGCE_I_O)
                                                      0.028     1.297 r  u_bufg200/O
                         net (fo=52219, routed)       0.979     2.276    clk200
    MMCM_X0Y1            MMCME4_ADV (Prop_MMCM_CLKIN1_CLKOUT0)
                                                     -2.009     0.267 r  u_mmcm/CLKOUT0
                         net (fo=1, routed)           0.245     0.512    clk400_mmcm
    BUFGCE_X0Y28         BUFGCE (Prop_BUFCE_BUFGCE_I_O)
                                                      0.028     0.540 r  u_bufg400/O
    X3Y1 (CLOCK_ROOT)    net (fo=475910, routed)      1.806     2.346    clk400
    SLICE_X131Y106       FDRE                                         r  reset400_reg_replica_55/C
  -------------------------------------------------------------------    -------------------
    SLICE_X131Y106       FDRE (Prop_GFF2_SLICEL_C_Q)
                                                      0.081     2.427 r  reset400_reg_replica_55/Q
                         net (fo=132, routed)         2.424     4.851    reset400_repN_55
    SLICE_X126Y151       FDRE                                         r  bank_header400_reg[9][349]/R
  -------------------------------------------------------------------    -------------------

                         (clock clk400_mmcm rise edge)
                                                      2.857     2.857 r  <hidden>
    BC26                                              0.000     2.857 r  clk_p
                         net (fo=0)                   0.079     2.936    u_ibufds/I
    HPIOBDIFFINBUF_X0Y37 DIFFINBUF (Prop_DIFFINBUF_HPIOBDIFFINBUF_DIFF_IN_P_O)
                                                      0.672     3.609 r  u_ibufds/DIFFINBUF_INST/O
                         net (fo=1, routed)           0.040     3.649    u_ibufds/OUT
    BC26                 IBUFCTRL (Prop_IBUFCTRL_HPIOB_M_I_O)
                                                      0.000     3.649 r  u_ibufds/IBUFCTRL_INST/O
                         net (fo=1, routed)           0.297     3.946    clk200_raw
    BUFGCE_X0Y45         BUFGCE (Prop_BUFCE_BUFGCE_I_O)
                                                      0.024     3.970 r  u_bufg200/O
                         net (fo=52219, routed)       0.864     4.834    clk200
    MMCM_X0Y1            MMCME4_ADV (Prop_MMCM_CLKIN1_CLKOUT0)
                                                     -1.433     3.401 r  u_mmcm/CLKOUT0
                         net (fo=1, routed)           0.215     3.616    clk400_mmcm
    BUFGCE_X0Y28         BUFGCE (Prop_BUFCE_BUFGCE_I_O)
                                                      0.024     3.640 r  u_bufg400/O
    X3Y1 (CLOCK_ROOT)    net (fo=475910, routed)      1.586     5.225    clk400
    SLICE_X126Y151       FDRE                                         r  bank_header400_reg[9][349]/C
                         clock pessimism             -0.191     5.035    <hidden>
                         clock uncertainty           -0.056     4.979    <hidden>
    SLICE_X126Y151       FDRE (Setup_FFF_SLICEM_C_R)
                                                     -0.074     4.905    bank_header400_reg[9][349]
  -------------------------------------------------------------------
                         required time                          4.905    <hidden>
                         arrival time                          -4.851    <hidden>
  -------------------------------------------------------------------
                         slack                                  0.054    <hidden>

Slack (MET) :             0.054ns  (required time - arrival time)
  Source:                 reset400_reg_replica_55/C
                            (rising edge-triggered cell FDRE clocked by clk400_mmcm  {rise@0.000ns fall@1.429ns period=2.857ns})
  Destination:            bank_header400_reg[9][397]/R
                            (rising edge-triggered cell FDRE clocked by clk400_mmcm  {rise@0.000ns fall@1.429ns period=2.857ns})
  Path Group:             clk400_mmcm
  Path Type:              Setup (Max at Slow Process Corner)
  Requirement:            2.857ns  (clk400_mmcm rise@2.857ns - clk400_mmcm rise@0.000ns)
  Data Path Delay:        2.505ns  (logic 0.081ns (3.234%)  route 2.424ns (96.766%))
  Logic Levels:           0  
  Clock Path Skew:        -0.168ns (DCD - SCD + CPR)
    Destination Clock Delay (DCD):    2.368ns = ( 5.225 - 2.857 ) 
    Source Clock Delay      (SCD):    2.346ns
    Clock Pessimism Removal (CPR):    -0.191ns
  Clock Uncertainty:      0.056ns  ((TSJ^2 + DJ^2)^1/2) / 2 + PE
    Total System Jitter     (TSJ):    0.071ns
    Discrete Jitter          (DJ):    0.087ns
    Phase Error              (PE):    0.000ns
  Clock Net Delay (Source):      1.806ns (routing 0.579ns, distribution 1.227ns)
  Clock Net Delay (Destination): 1.586ns (routing 0.527ns, distribution 1.059ns)

    Location             Delay type                Incr(ns)  Path(ns)    Netlist Resource(s)
  -------------------------------------------------------------------    -------------------
                         (clock clk400_mmcm rise edge)
                                                      0.000     0.000 r  <hidden>
    BC26                                              0.000     0.000 r  clk_p
                         net (fo=0)                   0.100     0.100    u_ibufds/I
    HPIOBDIFFINBUF_X0Y37 DIFFINBUF (Prop_DIFFINBUF_HPIOBDIFFINBUF_DIFF_IN_P_O)
                                                      0.784     0.884 r  u_ibufds/DIFFINBUF_INST/O
                         net (fo=1, routed)           0.050     0.934    u_ibufds/OUT
    BC26                 IBUFCTRL (Prop_IBUFCTRL_HPIOB_M_I_O)
                                                      0.000     0.934 r  u_ibufds/IBUFCTRL_INST/O
                         net (fo=1, routed)           0.335     1.269    clk200_raw
    BUFGCE_X0Y45         BUFGCE (Prop_BUFCE_BUFGCE_I_O)
                                                      0.028     1.297 r  u_bufg200/O
                         net (fo=52219, routed)       0.979     2.276    clk200
    MMCM_X0Y1            MMCME4_ADV (Prop_MMCM_CLKIN1_CLKOUT0)
                                                     -2.009     0.267 r  u_mmcm/CLKOUT0
                         net (fo=1, routed)           0.245     0.512    clk400_mmcm
    BUFGCE_X0Y28         BUFGCE (Prop_BUFCE_BUFGCE_I_O)
                                                      0.028     0.540 r  u_bufg400/O
    X3Y1 (CLOCK_ROOT)    net (fo=475910, routed)      1.806     2.346    clk400
    SLICE_X131Y106       FDRE                                         r  reset400_reg_replica_55/C
  -------------------------------------------------------------------    -------------------
    SLICE_X131Y106       FDRE (Prop_GFF2_SLICEL_C_Q)
                                                      0.081     2.427 r  reset400_reg_replica_55/Q
                         net (fo=132, routed)         2.424     4.851    reset400_repN_55
    SLICE_X126Y151       FDRE                                         r  bank_header400_reg[9][397]/R
  -------------------------------------------------------------------    -------------------

                         (clock clk400_mmcm rise edge)
                                                      2.857     2.857 r  <hidden>
    BC26                                              0.000     2.857 r  clk_p
                         net (fo=0)                   0.079     2.936    u_ibufds/I
    HPIOBDIFFINBUF_X0Y37 DIFFINBUF (Prop_DIFFINBUF_HPIOBDIFFINBUF_DIFF_IN_P_O)
                                                      0.672     3.609 r  u_ibufds/DIFFINBUF_INST/O
                         net (fo=1, routed)           0.040     3.649    u_ibufds/OUT
    BC26                 IBUFCTRL (Prop_IBUFCTRL_HPIOB_M_I_O)
                                                      0.000     3.649 r  u_ibufds/IBUFCTRL_INST/O
                         net (fo=1, routed)           0.297     3.946    clk200_raw
    BUFGCE_X0Y45         BUFGCE (Prop_BUFCE_BUFGCE_I_O)
                                                      0.024     3.970 r  u_bufg200/O
                         net (fo=52219, routed)       0.864     4.834    clk200
    MMCM_X0Y1            MMCME4_ADV (Prop_MMCM_CLKIN1_CLKOUT0)
                                                     -1.433     3.401 r  u_mmcm/CLKOUT0
                         net (fo=1, routed)           0.215     3.616    clk400_mmcm
    BUFGCE_X0Y28         BUFGCE (Prop_BUFCE_BUFGCE_I_O)
                                                      0.024     3.640 r  u_bufg400/O
    X3Y1 (CLOCK_ROOT)    net (fo=475910, routed)      1.586     5.225    clk400
    SLICE_X126Y151       FDRE                                         r  bank_header400_reg[9][397]/C
                         clock pessimism             -0.191     5.035    <hidden>
                         clock uncertainty           -0.056     4.979    <hidden>
    SLICE_X126Y151       FDRE (Setup_FFF2_SLICEM_C_R)
                                                     -0.074     4.905    bank_header400_reg[9][397]
  -------------------------------------------------------------------
                         required time                          4.905    <hidden>
                         arrival time                          -4.851    <hidden>
  -------------------------------------------------------------------
                         slack                                  0.054    <hidden>

Slack (MET) :             0.054ns  (required time - arrival time)
  Source:                 reset400_reg_replica_55/C
                            (rising edge-triggered cell FDRE clocked by clk400_mmcm  {rise@0.000ns fall@1.429ns period=2.857ns})
  Destination:            bank_header400_reg[9][523]/R
                            (rising edge-triggered cell FDRE clocked by clk400_mmcm  {rise@0.000ns fall@1.429ns period=2.857ns})
  Path Group:             clk400_mmcm
  Path Type:              Setup (Max at Slow Process Corner)
  Requirement:            2.857ns  (clk400_mmcm rise@2.857ns - clk400_mmcm rise@0.000ns)
  Data Path Delay:        2.505ns  (logic 0.081ns (3.234%)  route 2.424ns (96.766%))
  Logic Levels:           0  
  Clock Path Skew:        -0.168ns (DCD - SCD + CPR)
    Destination Clock Delay (DCD):    2.368ns = ( 5.225 - 2.857 ) 
    Source Clock Delay      (SCD):    2.346ns
    Clock Pessimism Removal (CPR):    -0.191ns
  Clock Uncertainty:      0.056ns  ((TSJ^2 + DJ^2)^1/2) / 2 + PE
    Total System Jitter     (TSJ):    0.071ns
    Discrete Jitter          (DJ):    0.087ns
    Phase Error              (PE):    0.000ns
  Clock Net Delay (Source):      1.806ns (routing 0.579ns, distribution 1.227ns)
  Clock Net Delay (Destination): 1.586ns (routing 0.527ns, distribution 1.059ns)

    Location             Delay type                Incr(ns)  Path(ns)    Netlist Resource(s)
  -------------------------------------------------------------------    -------------------
                         (clock clk400_mmcm rise edge)
                                                      0.000     0.000 r  <hidden>
    BC26                                              0.000     0.000 r  clk_p
                         net (fo=0)                   0.100     0.100    u_ibufds/I
    HPIOBDIFFINBUF_X0Y37 DIFFINBUF (Prop_DIFFINBUF_HPIOBDIFFINBUF_DIFF_IN_P_O)
                                                      0.784     0.884 r  u_ibufds/DIFFINBUF_INST/O
                         net (fo=1, routed)           0.050     0.934    u_ibufds/OUT
    BC26                 IBUFCTRL (Prop_IBUFCTRL_HPIOB_M_I_O)
                                                      0.000     0.934 r  u_ibufds/IBUFCTRL_INST/O
                         net (fo=1, routed)           0.335     1.269    clk200_raw
    BUFGCE_X0Y45         BUFGCE (Prop_BUFCE_BUFGCE_I_O)
                                                      0.028     1.297 r  u_bufg200/O
                         net (fo=52219, routed)       0.979     2.276    clk200
    MMCM_X0Y1            MMCME4_ADV (Prop_MMCM_CLKIN1_CLKOUT0)
                                                     -2.009     0.267 r  u_mmcm/CLKOUT0
                         net (fo=1, routed)           0.245     0.512    clk400_mmcm
    BUFGCE_X0Y28         BUFGCE (Prop_BUFCE_BUFGCE_I_O)
                                                      0.028     0.540 r  u_bufg400/O
    X3Y1 (CLOCK_ROOT)    net (fo=475910, routed)      1.806     2.346    clk400
    SLICE_X131Y106       FDRE                                         r  reset400_reg_replica_55/C
  -------------------------------------------------------------------    -------------------
    SLICE_X131Y106       FDRE (Prop_GFF2_SLICEL_C_Q)
                                                      0.081     2.427 r  reset400_reg_replica_55/Q
                         net (fo=132, routed)         2.424     4.851    reset400_repN_55
    SLICE_X126Y151       FDRE                                         r  bank_header400_reg[9][523]/R
  -------------------------------------------------------------------    -------------------

                         (clock clk400_mmcm rise edge)
                                                      2.857     2.857 r  <hidden>
    BC26                                              0.000     2.857 r  clk_p
                         net (fo=0)                   0.079     2.936    u_ibufds/I
    HPIOBDIFFINBUF_X0Y37 DIFFINBUF (Prop_DIFFINBUF_HPIOBDIFFINBUF_DIFF_IN_P_O)
                                                      0.672     3.609 r  u_ibufds/DIFFINBUF_INST/O
                         net (fo=1, routed)           0.040     3.649    u_ibufds/OUT
    BC26                 IBUFCTRL (Prop_IBUFCTRL_HPIOB_M_I_O)
                                                      0.000     3.649 r  u_ibufds/IBUFCTRL_INST/O
                         net (fo=1, routed)           0.297     3.946    clk200_raw
    BUFGCE_X0Y45         BUFGCE (Prop_BUFCE_BUFGCE_I_O)
                                                      0.024     3.970 r  u_bufg200/O
                         net (fo=52219, routed)       0.864     4.834    clk200
    MMCM_X0Y1            MMCME4_ADV (Prop_MMCM_CLKIN1_CLKOUT0)
                                                     -1.433     3.401 r  u_mmcm/CLKOUT0
                         net (fo=1, routed)           0.215     3.616    clk400_mmcm
    BUFGCE_X0Y28         BUFGCE (Prop_BUFCE_BUFGCE_I_O)
                                                      0.024     3.640 r  u_bufg400/O
    X3Y1 (CLOCK_ROOT)    net (fo=475910, routed)      1.586     5.225    clk400
    SLICE_X126Y151       FDRE                                         r  bank_header400_reg[9][523]/C
                         clock pessimism             -0.191     5.035    <hidden>
                         clock uncertainty           -0.056     4.979    <hidden>
    SLICE_X126Y151       FDRE (Setup_GFF_SLICEM_C_R)
                                                     -0.074     4.905    bank_header400_reg[9][523]
  -------------------------------------------------------------------
                         required time                          4.905    <hidden>
                         arrival time                          -4.851    <hidden>
  -------------------------------------------------------------------
                         slack                                  0.054    <hidden>

Slack (MET) :             0.054ns  (required time - arrival time)
  Source:                 reset400_reg_replica_55/C
                            (rising edge-triggered cell FDRE clocked by clk400_mmcm  {rise@0.000ns fall@1.429ns period=2.857ns})
  Destination:            bank_header400_reg[9][588]/R
                            (rising edge-triggered cell FDRE clocked by clk400_mmcm  {rise@0.000ns fall@1.429ns period=2.857ns})
  Path Group:             clk400_mmcm
  Path Type:              Setup (Max at Slow Process Corner)
  Requirement:            2.857ns  (clk400_mmcm rise@2.857ns - clk400_mmcm rise@0.000ns)
  Data Path Delay:        2.505ns  (logic 0.081ns (3.234%)  route 2.424ns (96.766%))
  Logic Levels:           0  
  Clock Path Skew:        -0.168ns (DCD - SCD + CPR)
    Destination Clock Delay (DCD):    2.368ns = ( 5.225 - 2.857 ) 
    Source Clock Delay      (SCD):    2.346ns
    Clock Pessimism Removal (CPR):    -0.191ns
  Clock Uncertainty:      0.056ns  ((TSJ^2 + DJ^2)^1/2) / 2 + PE
    Total System Jitter     (TSJ):    0.071ns
    Discrete Jitter          (DJ):    0.087ns
    Phase Error              (PE):    0.000ns
  Clock Net Delay (Source):      1.806ns (routing 0.579ns, distribution 1.227ns)
  Clock Net Delay (Destination): 1.586ns (routing 0.527ns, distribution 1.059ns)

    Location             Delay type                Incr(ns)  Path(ns)    Netlist Resource(s)
  -------------------------------------------------------------------    -------------------
                         (clock clk400_mmcm rise edge)
                                                      0.000     0.000 r  <hidden>
    BC26                                              0.000     0.000 r  clk_p
                         net (fo=0)                   0.100     0.100    u_ibufds/I
    HPIOBDIFFINBUF_X0Y37 DIFFINBUF (Prop_DIFFINBUF_HPIOBDIFFINBUF_DIFF_IN_P_O)
                                                      0.784     0.884 r  u_ibufds/DIFFINBUF_INST/O
                         net (fo=1, routed)           0.050     0.934    u_ibufds/OUT
    BC26                 IBUFCTRL (Prop_IBUFCTRL_HPIOB_M_I_O)
                                                      0.000     0.934 r  u_ibufds/IBUFCTRL_INST/O
                         net (fo=1, routed)           0.335     1.269    clk200_raw
    BUFGCE_X0Y45         BUFGCE (Prop_BUFCE_BUFGCE_I_O)
                                                      0.028     1.297 r  u_bufg200/O
                         net (fo=52219, routed)       0.979     2.276    clk200
    MMCM_X0Y1            MMCME4_ADV (Prop_MMCM_CLKIN1_CLKOUT0)
                                                     -2.009     0.267 r  u_mmcm/CLKOUT0
                         net (fo=1, routed)           0.245     0.512    clk400_mmcm
    BUFGCE_X0Y28         BUFGCE (Prop_BUFCE_BUFGCE_I_O)
                                                      0.028     0.540 r  u_bufg400/O
    X3Y1 (CLOCK_ROOT)    net (fo=475910, routed)      1.806     2.346    clk400
    SLICE_X131Y106       FDRE                                         r  reset400_reg_replica_55/C
  -------------------------------------------------------------------    -------------------
    SLICE_X131Y106       FDRE (Prop_GFF2_SLICEL_C_Q)
                                                      0.081     2.427 r  reset400_reg_replica_55/Q
                         net (fo=132, routed)         2.424     4.851    reset400_repN_55
    SLICE_X126Y151       FDRE                                         r  bank_header400_reg[9][588]/R
  -------------------------------------------------------------------    -------------------

                         (clock clk400_mmcm rise edge)
                                                      2.857     2.857 r  <hidden>
    BC26                                              0.000     2.857 r  clk_p
                         net (fo=0)                   0.079     2.936    u_ibufds/I
    HPIOBDIFFINBUF_X0Y37 DIFFINBUF (Prop_DIFFINBUF_HPIOBDIFFINBUF_DIFF_IN_P_O)
                                                      0.672     3.609 r  u_ibufds/DIFFINBUF_INST/O
                         net (fo=1, routed)           0.040     3.649    u_ibufds/OUT
    BC26                 IBUFCTRL (Prop_IBUFCTRL_HPIOB_M_I_O)
                                                      0.000     3.649 r  u_ibufds/IBUFCTRL_INST/O
                         net (fo=1, routed)           0.297     3.946    clk200_raw
    BUFGCE_X0Y45         BUFGCE (Prop_BUFCE_BUFGCE_I_O)
                                                      0.024     3.970 r  u_bufg200/O
                         net (fo=52219, routed)       0.864     4.834    clk200
    MMCM_X0Y1            MMCME4_ADV (Prop_MMCM_CLKIN1_CLKOUT0)
                                                     -1.433     3.401 r  u_mmcm/CLKOUT0
                         net (fo=1, routed)           0.215     3.616    clk400_mmcm
    BUFGCE_X0Y28         BUFGCE (Prop_BUFCE_BUFGCE_I_O)
                                                      0.024     3.640 r  u_bufg400/O
    X3Y1 (CLOCK_ROOT)    net (fo=475910, routed)      1.586     5.225    clk400
    SLICE_X126Y151       FDRE                                         r  bank_header400_reg[9][588]/C
                         clock pessimism             -0.191     5.035    <hidden>
                         clock uncertainty           -0.056     4.979    <hidden>
    SLICE_X126Y151       FDRE (Setup_GFF2_SLICEM_C_R)
                                                     -0.074     4.905    bank_header400_reg[9][588]
  -------------------------------------------------------------------
                         required time                          4.905    <hidden>
                         arrival time                          -4.851    <hidden>
  -------------------------------------------------------------------
                         slack                                  0.054    <hidden>

Slack (MET) :             0.054ns  (required time - arrival time)
  Source:                 reset400_reg_replica_55/C
                            (rising edge-triggered cell FDRE clocked by clk400_mmcm  {rise@0.000ns fall@1.429ns period=2.857ns})
  Destination:            bank_header400_reg[9][599]/R
                            (rising edge-triggered cell FDRE clocked by clk400_mmcm  {rise@0.000ns fall@1.429ns period=2.857ns})
  Path Group:             clk400_mmcm
  Path Type:              Setup (Max at Slow Process Corner)
  Requirement:            2.857ns  (clk400_mmcm rise@2.857ns - clk400_mmcm rise@0.000ns)
  Data Path Delay:        2.505ns  (logic 0.081ns (3.234%)  route 2.424ns (96.766%))
  Logic Levels:           0  
  Clock Path Skew:        -0.168ns (DCD - SCD + CPR)
    Destination Clock Delay (DCD):    2.368ns = ( 5.225 - 2.857 ) 
    Source Clock Delay      (SCD):    2.346ns
    Clock Pessimism Removal (CPR):    -0.191ns
  Clock Uncertainty:      0.056ns  ((TSJ^2 + DJ^2)^1/2) / 2 + PE
    Total System Jitter     (TSJ):    0.071ns
    Discrete Jitter          (DJ):    0.087ns
    Phase Error              (PE):    0.000ns
  Clock Net Delay (Source):      1.806ns (routing 0.579ns, distribution 1.227ns)
  Clock Net Delay (Destination): 1.586ns (routing 0.527ns, distribution 1.059ns)

    Location             Delay type                Incr(ns)  Path(ns)    Netlist Resource(s)
  -------------------------------------------------------------------    -------------------
                         (clock clk400_mmcm rise edge)
                                                      0.000     0.000 r  <hidden>
    BC26                                              0.000     0.000 r  clk_p
                         net (fo=0)                   0.100     0.100    u_ibufds/I
    HPIOBDIFFINBUF_X0Y37 DIFFINBUF (Prop_DIFFINBUF_HPIOBDIFFINBUF_DIFF_IN_P_O)
                                                      0.784     0.884 r  u_ibufds/DIFFINBUF_INST/O
                         net (fo=1, routed)           0.050     0.934    u_ibufds/OUT
    BC26                 IBUFCTRL (Prop_IBUFCTRL_HPIOB_M_I_O)
                                                      0.000     0.934 r  u_ibufds/IBUFCTRL_INST/O
                         net (fo=1, routed)           0.335     1.269    clk200_raw
    BUFGCE_X0Y45         BUFGCE (Prop_BUFCE_BUFGCE_I_O)
                                                      0.028     1.297 r  u_bufg200/O
                         net (fo=52219, routed)       0.979     2.276    clk200
    MMCM_X0Y1            MMCME4_ADV (Prop_MMCM_CLKIN1_CLKOUT0)
                                                     -2.009     0.267 r  u_mmcm/CLKOUT0
                         net (fo=1, routed)           0.245     0.512    clk400_mmcm
    BUFGCE_X0Y28         BUFGCE (Prop_BUFCE_BUFGCE_I_O)
                                                      0.028     0.540 r  u_bufg400/O
    X3Y1 (CLOCK_ROOT)    net (fo=475910, routed)      1.806     2.346    clk400
    SLICE_X131Y106       FDRE                                         r  reset400_reg_replica_55/C
  -------------------------------------------------------------------    -------------------
    SLICE_X131Y106       FDRE (Prop_GFF2_SLICEL_C_Q)
                                                      0.081     2.427 r  reset400_reg_replica_55/Q
                         net (fo=132, routed)         2.424     4.851    reset400_repN_55
    SLICE_X126Y151       FDRE                                         r  bank_header400_reg[9][599]/R
  -------------------------------------------------------------------    -------------------

                         (clock clk400_mmcm rise edge)
                                                      2.857     2.857 r  <hidden>
    BC26                                              0.000     2.857 r  clk_p
                         net (fo=0)                   0.079     2.936    u_ibufds/I
    HPIOBDIFFINBUF_X0Y37 DIFFINBUF (Prop_DIFFINBUF_HPIOBDIFFINBUF_DIFF_IN_P_O)
                                                      0.672     3.609 r  u_ibufds/DIFFINBUF_INST/O
                         net (fo=1, routed)           0.040     3.649    u_ibufds/OUT
    BC26                 IBUFCTRL (Prop_IBUFCTRL_HPIOB_M_I_O)
                                                      0.000     3.649 r  u_ibufds/IBUFCTRL_INST/O
                         net (fo=1, routed)           0.297     3.946    clk200_raw
    BUFGCE_X0Y45         BUFGCE (Prop_BUFCE_BUFGCE_I_O)
                                                      0.024     3.970 r  u_bufg200/O
                         net (fo=52219, routed)       0.864     4.834    clk200
    MMCM_X0Y1            MMCME4_ADV (Prop_MMCM_CLKIN1_CLKOUT0)
                                                     -1.433     3.401 r  u_mmcm/CLKOUT0
                         net (fo=1, routed)           0.215     3.616    clk400_mmcm
    BUFGCE_X0Y28         BUFGCE (Prop_BUFCE_BUFGCE_I_O)
                                                      0.024     3.640 r  u_bufg400/O
    X3Y1 (CLOCK_ROOT)    net (fo=475910, routed)      1.586     5.225    clk400
    SLICE_X126Y151       FDRE                                         r  bank_header400_reg[9][599]/C
                         clock pessimism             -0.191     5.035    <hidden>
                         clock uncertainty           -0.056     4.979    <hidden>
    SLICE_X126Y151       FDRE (Setup_HFF_SLICEM_C_R)
                                                     -0.074     4.905    bank_header400_reg[9][599]
  -------------------------------------------------------------------
                         required time                          4.905    <hidden>
                         arrival time                          -4.851    <hidden>
  -------------------------------------------------------------------
                         slack                                  0.054    <hidden>

Slack (MET) :             0.054ns  (required time - arrival time)
  Source:                 reset400_reg_replica_55/C
                            (rising edge-triggered cell FDRE clocked by clk400_mmcm  {rise@0.000ns fall@1.429ns period=2.857ns})
  Destination:            bank_header400_reg[9][79]/R
                            (rising edge-triggered cell FDRE clocked by clk400_mmcm  {rise@0.000ns fall@1.429ns period=2.857ns})
  Path Group:             clk400_mmcm
  Path Type:              Setup (Max at Slow Process Corner)
  Requirement:            2.857ns  (clk400_mmcm rise@2.857ns - clk400_mmcm rise@0.000ns)
  Data Path Delay:        2.505ns  (logic 0.081ns (3.234%)  route 2.424ns (96.766%))
  Logic Levels:           0  
  Clock Path Skew:        -0.168ns (DCD - SCD + CPR)
    Destination Clock Delay (DCD):    2.368ns = ( 5.225 - 2.857 ) 
    Source Clock Delay      (SCD):    2.346ns
    Clock Pessimism Removal (CPR):    -0.191ns
  Clock Uncertainty:      0.056ns  ((TSJ^2 + DJ^2)^1/2) / 2 + PE
    Total System Jitter     (TSJ):    0.071ns
    Discrete Jitter          (DJ):    0.087ns
    Phase Error              (PE):    0.000ns
  Clock Net Delay (Source):      1.806ns (routing 0.579ns, distribution 1.227ns)
  Clock Net Delay (Destination): 1.586ns (routing 0.527ns, distribution 1.059ns)

    Location             Delay type                Incr(ns)  Path(ns)    Netlist Resource(s)
  -------------------------------------------------------------------    -------------------
                         (clock clk400_mmcm rise edge)
                                                      0.000     0.000 r  <hidden>
    BC26                                              0.000     0.000 r  clk_p
                         net (fo=0)                   0.100     0.100    u_ibufds/I
    HPIOBDIFFINBUF_X0Y37 DIFFINBUF (Prop_DIFFINBUF_HPIOBDIFFINBUF_DIFF_IN_P_O)
                                                      0.784     0.884 r  u_ibufds/DIFFINBUF_INST/O
                         net (fo=1, routed)           0.050     0.934    u_ibufds/OUT
    BC26                 IBUFCTRL (Prop_IBUFCTRL_HPIOB_M_I_O)
                                                      0.000     0.934 r  u_ibufds/IBUFCTRL_INST/O
                         net (fo=1, routed)           0.335     1.269    clk200_raw
    BUFGCE_X0Y45         BUFGCE (Prop_BUFCE_BUFGCE_I_O)
                                                      0.028     1.297 r  u_bufg200/O
                         net (fo=52219, routed)       0.979     2.276    clk200
    MMCM_X0Y1            MMCME4_ADV (Prop_MMCM_CLKIN1_CLKOUT0)
                                                     -2.009     0.267 r  u_mmcm/CLKOUT0
                         net (fo=1, routed)           0.245     0.512    clk400_mmcm
    BUFGCE_X0Y28         BUFGCE (Prop_BUFCE_BUFGCE_I_O)
                                                      0.028     0.540 r  u_bufg400/O
    X3Y1 (CLOCK_ROOT)    net (fo=475910, routed)      1.806     2.346    clk400
    SLICE_X131Y106       FDRE                                         r  reset400_reg_replica_55/C
  -------------------------------------------------------------------    -------------------
    SLICE_X131Y106       FDRE (Prop_GFF2_SLICEL_C_Q)
                                                      0.081     2.427 r  reset400_reg_replica_55/Q
                         net (fo=132, routed)         2.424     4.851    reset400_repN_55
    SLICE_X126Y151       FDRE                                         r  bank_header400_reg[9][79]/R
  -------------------------------------------------------------------    -------------------

                         (clock clk400_mmcm rise edge)
                                                      2.857     2.857 r  <hidden>
    BC26                                              0.000     2.857 r  clk_p
                         net (fo=0)                   0.079     2.936    u_ibufds/I
    HPIOBDIFFINBUF_X0Y37 DIFFINBUF (Prop_DIFFINBUF_HPIOBDIFFINBUF_DIFF_IN_P_O)
                                                      0.672     3.609 r  u_ibufds/DIFFINBUF_INST/O
                         net (fo=1, routed)           0.040     3.649    u_ibufds/OUT
    BC26                 IBUFCTRL (Prop_IBUFCTRL_HPIOB_M_I_O)
                                                      0.000     3.649 r  u_ibufds/IBUFCTRL_INST/O
                         net (fo=1, routed)           0.297     3.946    clk200_raw
    BUFGCE_X0Y45         BUFGCE (Prop_BUFCE_BUFGCE_I_O)
                                                      0.024     3.970 r  u_bufg200/O
                         net (fo=52219, routed)       0.864     4.834    clk200
    MMCM_X0Y1            MMCME4_ADV (Prop_MMCM_CLKIN1_CLKOUT0)
                                                     -1.433     3.401 r  u_mmcm/CLKOUT0
                         net (fo=1, routed)           0.215     3.616    clk400_mmcm
    BUFGCE_X0Y28         BUFGCE (Prop_BUFCE_BUFGCE_I_O)
                                                      0.024     3.640 r  u_bufg400/O
    X3Y1 (CLOCK_ROOT)    net (fo=475910, routed)      1.586     5.225    clk400
    SLICE_X126Y151       FDRE                                         r  bank_header400_reg[9][79]/C
                         clock pessimism             -0.191     5.035    <hidden>
                         clock uncertainty           -0.056     4.979    <hidden>
    SLICE_X126Y151       FDRE (Setup_HFF2_SLICEM_C_R)
                                                     -0.074     4.905    bank_header400_reg[9][79]
  -------------------------------------------------------------------
                         required time                          4.905    <hidden>
                         arrival time                          -4.851    <hidden>
  -------------------------------------------------------------------
                         slack                                  0.054    <hidden>

Slack (MET) :             0.055ns  (required time - arrival time)
  Source:                 bank_header400_reg[5][358]/C
                            (rising edge-triggered cell FDRE clocked by clk400_mmcm  {rise@0.000ns fall@1.429ns period=2.857ns})
  Destination:            PIPE_ARRAY[47].u_pipe/s1_state_reg[358]/D
                            (rising edge-triggered cell FDRE clocked by clk400_mmcm  {rise@0.000ns fall@1.429ns period=2.857ns})
  Path Group:             clk400_mmcm
  Path Type:              Setup (Max at Slow Process Corner)
  Requirement:            2.857ns  (clk400_mmcm rise@2.857ns - clk400_mmcm rise@0.000ns)
  Data Path Delay:        2.618ns  (logic 0.244ns (9.321%)  route 2.374ns (90.679%))
  Logic Levels:           2  (LUT3=1 LUT6=1)
  Clock Path Skew:        -0.153ns (DCD - SCD + CPR)
    Destination Clock Delay (DCD):    2.305ns = ( 5.162 - 2.857 ) 
    Source Clock Delay      (SCD):    2.268ns
    Clock Pessimism Removal (CPR):    -0.191ns
  Clock Uncertainty:      0.056ns  ((TSJ^2 + DJ^2)^1/2) / 2 + PE
    Total System Jitter     (TSJ):    0.071ns
    Discrete Jitter          (DJ):    0.087ns
    Phase Error              (PE):    0.000ns
  Clock Net Delay (Source):      1.728ns (routing 0.579ns, distribution 1.149ns)
  Clock Net Delay (Destination): 1.523ns (routing 0.527ns, distribution 0.996ns)

    Location             Delay type                Incr(ns)  Path(ns)    Netlist Resource(s)
  -------------------------------------------------------------------    -------------------
                         (clock clk400_mmcm rise edge)
                                                      0.000     0.000 r  <hidden>
    BC26                                              0.000     0.000 r  clk_p
                         net (fo=0)                   0.100     0.100    u_ibufds/I
    HPIOBDIFFINBUF_X0Y37 DIFFINBUF (Prop_DIFFINBUF_HPIOBDIFFINBUF_DIFF_IN_P_O)
                                                      0.784     0.884 r  u_ibufds/DIFFINBUF_INST/O
                         net (fo=1, routed)           0.050     0.934    u_ibufds/OUT
    BC26                 IBUFCTRL (Prop_IBUFCTRL_HPIOB_M_I_O)
                                                      0.000     0.934 r  u_ibufds/IBUFCTRL_INST/O
                         net (fo=1, routed)           0.335     1.269    clk200_raw
    BUFGCE_X0Y45         BUFGCE (Prop_BUFCE_BUFGCE_I_O)
                                                      0.028     1.297 r  u_bufg200/O
                         net (fo=52219, routed)       0.979     2.276    clk200
    MMCM_X0Y1            MMCME4_ADV (Prop_MMCM_CLKIN1_CLKOUT0)
                                                     -2.009     0.267 r  u_mmcm/CLKOUT0
                         net (fo=1, routed)           0.245     0.512    clk400_mmcm
    BUFGCE_X0Y28         BUFGCE (Prop_BUFCE_BUFGCE_I_O)
                                                      0.028     0.540 r  u_bufg400/O
    X3Y1 (CLOCK_ROOT)    net (fo=475910, routed)      1.728     2.268    clk400
    SLICE_X117Y116       FDRE                                         r  bank_header400_reg[5][358]/C
  -------------------------------------------------------------------    -------------------
    SLICE_X117Y116       FDRE (Prop_EFF_SLICEL_C_Q)
                                                      0.079     2.347 r  bank_header400_reg[5][358]/Q
                         net (fo=24, routed)          1.795     4.142    PIPE_ARRAY[47].u_pipe/header1[358]
    SLICE_X86Y211        LUT6 (Prop_F6LUT_SLICEL_I2_O)
                                                      0.097     4.239 r  PIPE_ARRAY[47].u_pipe/s1_state[358]_i_2/O
                         net (fo=1, routed)           0.245     4.484    PIPE_ARRAY[47].u_pipe/s1_state[358]_i_2_n_0
    SLICE_X86Y211        LUT3 (Prop_C5LUT_SLICEL_I2_O)
                                                      0.068     4.552 r  PIPE_ARRAY[47].u_pipe/s1_state[358]_i_1/O
                         net (fo=2, routed)           0.334     4.886    PIPE_ARRAY[47].u_pipe/s1_state[358]_i_1_n_0
    SLICE_X86Y211        FDRE                                         r  PIPE_ARRAY[47].u_pipe/s1_state_reg[358]/D
  -------------------------------------------------------------------    -------------------

                         (clock clk400_mmcm rise edge)
                                                      2.857     2.857 r  <hidden>
    BC26                                              0.000     2.857 r  clk_p
                         net (fo=0)                   0.079     2.936    u_ibufds/I
    HPIOBDIFFINBUF_X0Y37 DIFFINBUF (Prop_DIFFINBUF_HPIOBDIFFINBUF_DIFF_IN_P_O)
                                                      0.672     3.609 r  u_ibufds/DIFFINBUF_INST/O
                         net (fo=1, routed)           0.040     3.649    u_ibufds/OUT
    BC26                 IBUFCTRL (Prop_IBUFCTRL_HPIOB_M_I_O)
                                                      0.000     3.649 r  u_ibufds/IBUFCTRL_INST/O
                         net (fo=1, routed)           0.297     3.946    clk200_raw
    BUFGCE_X0Y45         BUFGCE (Prop_BUFCE_BUFGCE_I_O)
                                                      0.024     3.970 r  u_bufg200/O
                         net (fo=52219, routed)       0.864     4.834    clk200
    MMCM_X0Y1            MMCME4_ADV (Prop_MMCM_CLKIN1_CLKOUT0)
                                                     -1.433     3.401 r  u_mmcm/CLKOUT0
                         net (fo=1, routed)           0.215     3.616    clk400_mmcm
    BUFGCE_X0Y28         BUFGCE (Prop_BUFCE_BUFGCE_I_O)
                                                      0.024     3.640 r  u_bufg400/O
    X3Y1 (CLOCK_ROOT)    net (fo=475910, routed)      1.523     5.162    PIPE_ARRAY[47].u_pipe/clk
    SLICE_X86Y211        FDRE                                         r  PIPE_ARRAY[47].u_pipe/s1_state_reg[358]/C
                         clock pessimism             -0.191     4.972    <hidden>
                         clock uncertainty           -0.056     4.916    <hidden>
    SLICE_X86Y211        FDRE (Setup_EFF_SLICEL_C_D)
                                                      0.025     4.941    PIPE_ARRAY[47].u_pipe/s1_state_reg[358]
  -------------------------------------------------------------------
                         required time                          4.941    <hidden>
                         arrival time                          -4.886    <hidden>
  -------------------------------------------------------------------
                         slack                                  0.055    <hidden>

Slack (MET) :             0.055ns  (required time - arrival time)
  Source:                 bank_header400_reg[3][122]/C
                            (rising edge-triggered cell FDRE clocked by clk400_mmcm  {rise@0.000ns fall@1.429ns period=2.857ns})
  Destination:            PIPE_ARRAY[27].u_pipe/s1_c_reg[122]/D
                            (rising edge-triggered cell FDRE clocked by clk400_mmcm  {rise@0.000ns fall@1.429ns period=2.857ns})
  Path Group:             clk400_mmcm
  Path Type:              Setup (Max at Slow Process Corner)
  Requirement:            2.857ns  (clk400_mmcm rise@2.857ns - clk400_mmcm rise@0.000ns)
  Data Path Delay:        2.611ns  (logic 0.317ns (12.143%)  route 2.294ns (87.857%))
  Logic Levels:           3  (LUT3=1 LUT6=2)
  Clock Path Skew:        -0.160ns (DCD - SCD + CPR)
    Destination Clock Delay (DCD):    2.311ns = ( 5.168 - 2.857 ) 
    Source Clock Delay      (SCD):    2.285ns
    Clock Pessimism Removal (CPR):    -0.187ns
  Clock Uncertainty:      0.056ns  ((TSJ^2 + DJ^2)^1/2) / 2 + PE
    Total System Jitter     (TSJ):    0.071ns
    Discrete Jitter          (DJ):    0.087ns
    Phase Error              (PE):    0.000ns
  Clock Net Delay (Source):      1.745ns (routing 0.579ns, distribution 1.166ns)
  Clock Net Delay (Destination): 1.529ns (routing 0.527ns, distribution 1.002ns)

    Location             Delay type                Incr(ns)  Path(ns)    Netlist Resource(s)
  -------------------------------------------------------------------    -------------------
                         (clock clk400_mmcm rise edge)
                                                      0.000     0.000 r  <hidden>
    BC26                                              0.000     0.000 r  clk_p
                         net (fo=0)                   0.100     0.100    u_ibufds/I
    HPIOBDIFFINBUF_X0Y37 DIFFINBUF (Prop_DIFFINBUF_HPIOBDIFFINBUF_DIFF_IN_P_O)
                                                      0.784     0.884 r  u_ibufds/DIFFINBUF_INST/O
                         net (fo=1, routed)           0.050     0.934    u_ibufds/OUT
    BC26                 IBUFCTRL (Prop_IBUFCTRL_HPIOB_M_I_O)
                                                      0.000     0.934 r  u_ibufds/IBUFCTRL_INST/O
                         net (fo=1, routed)           0.335     1.269    clk200_raw
    BUFGCE_X0Y45         BUFGCE (Prop_BUFCE_BUFGCE_I_O)
                                                      0.028     1.297 r  u_bufg200/O
                         net (fo=52219, routed)       0.979     2.276    clk200
    MMCM_X0Y1            MMCME4_ADV (Prop_MMCM_CLKIN1_CLKOUT0)
                                                     -2.009     0.267 r  u_mmcm/CLKOUT0
                         net (fo=1, routed)           0.245     0.512    clk400_mmcm
    BUFGCE_X0Y28         BUFGCE (Prop_BUFCE_BUFGCE_I_O)
                                                      0.028     0.540 r  u_bufg400/O
    X3Y1 (CLOCK_ROOT)    net (fo=475910, routed)      1.745     2.285    clk400
    SLICE_X119Y82        FDRE                                         r  bank_header400_reg[3][122]/C
  -------------------------------------------------------------------    -------------------
    SLICE_X119Y82        FDRE (Prop_EFF_SLICEL_C_Q)
                                                      0.079     2.364 r  bank_header400_reg[3][122]/Q
                         net (fo=24, routed)          1.670     4.034    PIPE_ARRAY[27].u_pipe/header1[122]
    SLICE_X89Y29         LUT6 (Prop_E6LUT_SLICEL_I2_O)
                                                      0.099     4.133 r  PIPE_ARRAY[27].u_pipe/s1_state[122]_i_2/O
                         net (fo=1, routed)           0.228     4.361    PIPE_ARRAY[27].u_pipe/s1_state[122]_i_2_n_0
    SLICE_X86Y29         LUT3 (Prop_C6LUT_SLICEL_I2_O)
                                                      0.050     4.411 r  PIPE_ARRAY[27].u_pipe/s1_state[122]_i_1/O
                         net (fo=2, routed)           0.346     4.758    PIPE_ARRAY[27].u_pipe/s1_state[122]_i_1_n_0
    SLICE_X70Y25         LUT6 (Prop_D6LUT_SLICEL_I5_O)
                                                      0.089     4.847 r  PIPE_ARRAY[27].u_pipe/s1_c[122]_i_1/O
                         net (fo=1, routed)           0.049     4.896    PIPE_ARRAY[27].u_pipe/parity_comb[122]
    SLICE_X70Y25         FDRE                                         r  PIPE_ARRAY[27].u_pipe/s1_c_reg[122]/D
  -------------------------------------------------------------------    -------------------

                         (clock clk400_mmcm rise edge)
                                                      2.857     2.857 r  <hidden>
    BC26                                              0.000     2.857 r  clk_p
                         net (fo=0)                   0.079     2.936    u_ibufds/I
    HPIOBDIFFINBUF_X0Y37 DIFFINBUF (Prop_DIFFINBUF_HPIOBDIFFINBUF_DIFF_IN_P_O)
                                                      0.672     3.609 r  u_ibufds/DIFFINBUF_INST/O
                         net (fo=1, routed)           0.040     3.649    u_ibufds/OUT
    BC26                 IBUFCTRL (Prop_IBUFCTRL_HPIOB_M_I_O)
                                                      0.000     3.649 r  u_ibufds/IBUFCTRL_INST/O
                         net (fo=1, routed)           0.297     3.946    clk200_raw
    BUFGCE_X0Y45         BUFGCE (Prop_BUFCE_BUFGCE_I_O)
                                                      0.024     3.970 r  u_bufg200/O
                         net (fo=52219, routed)       0.864     4.834    clk200
    MMCM_X0Y1            MMCME4_ADV (Prop_MMCM_CLKIN1_CLKOUT0)
                                                     -1.433     3.401 r  u_mmcm/CLKOUT0
                         net (fo=1, routed)           0.215     3.616    clk400_mmcm
    BUFGCE_X0Y28         BUFGCE (Prop_BUFCE_BUFGCE_I_O)
                                                      0.024     3.640 r  u_bufg400/O
    X3Y1 (CLOCK_ROOT)    net (fo=475910, routed)      1.529     5.168    PIPE_ARRAY[27].u_pipe/clk
    SLICE_X70Y25         FDRE                                         r  PIPE_ARRAY[27].u_pipe/s1_c_reg[122]/C
                         clock pessimism             -0.187     4.982    <hidden>
                         clock uncertainty           -0.056     4.926    <hidden>
    SLICE_X70Y25         FDRE (Setup_DFF_SLICEL_C_D)
                                                      0.025     4.951    PIPE_ARRAY[27].u_pipe/s1_c_reg[122]
  -------------------------------------------------------------------
                         required time                          4.951    <hidden>
                         arrival time                          -4.896    <hidden>
  -------------------------------------------------------------------
                         slack                                  0.055    <hidden>

Slack (MET) :             0.056ns  (required time - arrival time)
  Source:                 bank_header400_reg[5][555]/C
                            (rising edge-triggered cell FDRE clocked by clk400_mmcm  {rise@0.000ns fall@1.429ns period=2.857ns})
  Destination:            PIPE_ARRAY[45].u_pipe/s1_c_reg[235]/D
                            (rising edge-triggered cell FDRE clocked by clk400_mmcm  {rise@0.000ns fall@1.429ns period=2.857ns})
  Path Group:             clk400_mmcm
  Path Type:              Setup (Max at Slow Process Corner)
  Requirement:            2.857ns  (clk400_mmcm rise@2.857ns - clk400_mmcm rise@0.000ns)
  Data Path Delay:        2.602ns  (logic 0.356ns (13.680%)  route 2.246ns (86.320%))
  Logic Levels:           3  (LUT3=1 LUT6=2)
  Clock Path Skew:        -0.168ns (DCD - SCD + CPR)
    Destination Clock Delay (DCD):    2.320ns = ( 5.177 - 2.857 ) 
    Source Clock Delay      (SCD):    2.306ns
    Clock Pessimism Removal (CPR):    -0.183ns
  Clock Uncertainty:      0.056ns  ((TSJ^2 + DJ^2)^1/2) / 2 + PE
    Total System Jitter     (TSJ):    0.071ns
    Discrete Jitter          (DJ):    0.087ns
    Phase Error              (PE):    0.000ns
  Clock Net Delay (Source):      1.766ns (routing 0.579ns, distribution 1.187ns)
  Clock Net Delay (Destination): 1.538ns (routing 0.527ns, distribution 1.011ns)

    Location             Delay type                Incr(ns)  Path(ns)    Netlist Resource(s)
  -------------------------------------------------------------------    -------------------
                         (clock clk400_mmcm rise edge)
                                                      0.000     0.000 r  <hidden>
    BC26                                              0.000     0.000 r  clk_p
                         net (fo=0)                   0.100     0.100    u_ibufds/I
    HPIOBDIFFINBUF_X0Y37 DIFFINBUF (Prop_DIFFINBUF_HPIOBDIFFINBUF_DIFF_IN_P_O)
                                                      0.784     0.884 r  u_ibufds/DIFFINBUF_INST/O
                         net (fo=1, routed)           0.050     0.934    u_ibufds/OUT
    BC26                 IBUFCTRL (Prop_IBUFCTRL_HPIOB_M_I_O)
                                                      0.000     0.934 r  u_ibufds/IBUFCTRL_INST/O
                         net (fo=1, routed)           0.335     1.269    clk200_raw
    BUFGCE_X0Y45         BUFGCE (Prop_BUFCE_BUFGCE_I_O)
                                                      0.028     1.297 r  u_bufg200/O
                         net (fo=52219, routed)       0.979     2.276    clk200
    MMCM_X0Y1            MMCME4_ADV (Prop_MMCM_CLKIN1_CLKOUT0)
                                                     -2.009     0.267 r  u_mmcm/CLKOUT0
                         net (fo=1, routed)           0.245     0.512    clk400_mmcm
    BUFGCE_X0Y28         BUFGCE (Prop_BUFCE_BUFGCE_I_O)
                                                      0.028     0.540 r  u_bufg400/O
    X3Y1 (CLOCK_ROOT)    net (fo=475910, routed)      1.766     2.306    clk400
    SLICE_X117Y123       FDRE                                         r  bank_header400_reg[5][555]/C
  -------------------------------------------------------------------    -------------------
    SLICE_X117Y123       FDRE (Prop_FFF2_SLICEL_C_Q)
                                                      0.081     2.387 r  bank_header400_reg[5][555]/Q
                         net (fo=24, routed)          1.669     4.056    PIPE_ARRAY[45].u_pipe/header1[555]
    SLICE_X90Y211        LUT6 (Prop_H6LUT_SLICEL_I2_O)
                                                      0.099     4.155 r  PIPE_ARRAY[45].u_pipe/s1_state[555]_i_2/O
                         net (fo=1, routed)           0.415     4.570    PIPE_ARRAY[45].u_pipe/s1_state[555]_i_2_n_0
    SLICE_X88Y225        LUT3 (Prop_F6LUT_SLICEM_I2_O)
                                                      0.088     4.658 r  PIPE_ARRAY[45].u_pipe/s1_state[555]_i_1/O
                         net (fo=2, routed)           0.090     4.748    PIPE_ARRAY[45].u_pipe/s1_state[555]_i_1_n_0
    SLICE_X88Y225        LUT6 (Prop_D6LUT_SLICEM_I4_O)
                                                      0.088     4.836 r  PIPE_ARRAY[45].u_pipe/s1_c[235]_i_1/O
                         net (fo=1, routed)           0.072     4.908    PIPE_ARRAY[45].u_pipe/parity_comb[235]
    SLICE_X88Y225        FDRE                                         r  PIPE_ARRAY[45].u_pipe/s1_c_reg[235]/D
  -------------------------------------------------------------------    -------------------

                         (clock clk400_mmcm rise edge)
                                                      2.857     2.857 r  <hidden>
    BC26                                              0.000     2.857 r  clk_p
                         net (fo=0)                   0.079     2.936    u_ibufds/I
    HPIOBDIFFINBUF_X0Y37 DIFFINBUF (Prop_DIFFINBUF_HPIOBDIFFINBUF_DIFF_IN_P_O)
                                                      0.672     3.609 r  u_ibufds/DIFFINBUF_INST/O
                         net (fo=1, routed)           0.040     3.649    u_ibufds/OUT
    BC26                 IBUFCTRL (Prop_IBUFCTRL_HPIOB_M_I_O)
                                                      0.000     3.649 r  u_ibufds/IBUFCTRL_INST/O
                         net (fo=1, routed)           0.297     3.946    clk200_raw
    BUFGCE_X0Y45         BUFGCE (Prop_BUFCE_BUFGCE_I_O)
                                                      0.024     3.970 r  u_bufg200/O
                         net (fo=52219, routed)       0.864     4.834    clk200
    MMCM_X0Y1            MMCME4_ADV (Prop_MMCM_CLKIN1_CLKOUT0)
                                                     -1.433     3.401 r  u_mmcm/CLKOUT0
                         net (fo=1, routed)           0.215     3.616    clk400_mmcm
    BUFGCE_X0Y28         BUFGCE (Prop_BUFCE_BUFGCE_I_O)
                                                      0.024     3.640 r  u_bufg400/O
    X3Y1 (CLOCK_ROOT)    net (fo=475910, routed)      1.538     5.177    PIPE_ARRAY[45].u_pipe/clk
    SLICE_X88Y225        FDRE                                         r  PIPE_ARRAY[45].u_pipe/s1_c_reg[235]/C
                         clock pessimism             -0.183     4.995    <hidden>
                         clock uncertainty           -0.056     4.939    <hidden>
    SLICE_X88Y225        FDRE (Setup_DFF_SLICEM_C_D)
                                                      0.025     4.964    PIPE_ARRAY[45].u_pipe/s1_c_reg[235]
  -------------------------------------------------------------------
                         required time                          4.964    <hidden>
                         arrival time                          -4.908    <hidden>
  -------------------------------------------------------------------
                         slack                                  0.056    <hidden>

Slack (MET) :             0.056ns  (required time - arrival time)
  Source:                 bank_header400_reg[5][358]/C
                            (rising edge-triggered cell FDRE clocked by clk400_mmcm  {rise@0.000ns fall@1.429ns period=2.857ns})
  Destination:            PIPE_ARRAY[47].u_pipe/s1_c_reg[38]/D
                            (rising edge-triggered cell FDRE clocked by clk400_mmcm  {rise@0.000ns fall@1.429ns period=2.857ns})
  Path Group:             clk400_mmcm
  Path Type:              Setup (Max at Slow Process Corner)
  Requirement:            2.857ns  (clk400_mmcm rise@2.857ns - clk400_mmcm rise@0.000ns)
  Data Path Delay:        2.629ns  (logic 0.367ns (13.961%)  route 2.262ns (86.039%))
  Logic Levels:           3  (LUT3=1 LUT6=2)
  Clock Path Skew:        -0.141ns (DCD - SCD + CPR)
    Destination Clock Delay (DCD):    2.317ns = ( 5.174 - 2.857 ) 
    Source Clock Delay      (SCD):    2.268ns
    Clock Pessimism Removal (CPR):    -0.191ns
  Clock Uncertainty:      0.056ns  ((TSJ^2 + DJ^2)^1/2) / 2 + PE
    Total System Jitter     (TSJ):    0.071ns
    Discrete Jitter          (DJ):    0.087ns
    Phase Error              (PE):    0.000ns
  Clock Net Delay (Source):      1.728ns (routing 0.579ns, distribution 1.149ns)
  Clock Net Delay (Destination): 1.535ns (routing 0.527ns, distribution 1.008ns)

    Location             Delay type                Incr(ns)  Path(ns)    Netlist Resource(s)
  -------------------------------------------------------------------    -------------------
                         (clock clk400_mmcm rise edge)
                                                      0.000     0.000 r  <hidden>
    BC26                                              0.000     0.000 r  clk_p
                         net (fo=0)                   0.100     0.100    u_ibufds/I
    HPIOBDIFFINBUF_X0Y37 DIFFINBUF (Prop_DIFFINBUF_HPIOBDIFFINBUF_DIFF_IN_P_O)
                                                      0.784     0.884 r  u_ibufds/DIFFINBUF_INST/O
                         net (fo=1, routed)           0.050     0.934    u_ibufds/OUT
    BC26                 IBUFCTRL (Prop_IBUFCTRL_HPIOB_M_I_O)
                                                      0.000     0.934 r  u_ibufds/IBUFCTRL_INST/O
                         net (fo=1, routed)           0.335     1.269    clk200_raw
    BUFGCE_X0Y45         BUFGCE (Prop_BUFCE_BUFGCE_I_O)
                                                      0.028     1.297 r  u_bufg200/O
                         net (fo=52219, routed)       0.979     2.276    clk200
    MMCM_X0Y1            MMCME4_ADV (Prop_MMCM_CLKIN1_CLKOUT0)
                                                     -2.009     0.267 r  u_mmcm/CLKOUT0
                         net (fo=1, routed)           0.245     0.512    clk400_mmcm
    BUFGCE_X0Y28         BUFGCE (Prop_BUFCE_BUFGCE_I_O)
                                                      0.028     0.540 r  u_bufg400/O
    X3Y1 (CLOCK_ROOT)    net (fo=475910, routed)      1.728     2.268    clk400
    SLICE_X117Y116       FDRE                                         r  bank_header400_reg[5][358]/C
  -------------------------------------------------------------------    -------------------
    SLICE_X117Y116       FDRE (Prop_EFF_SLICEL_C_Q)
                                                      0.079     2.347 r  bank_header400_reg[5][358]/Q
                         net (fo=24, routed)          1.795     4.142    PIPE_ARRAY[47].u_pipe/header1[358]
    SLICE_X86Y211        LUT6 (Prop_F6LUT_SLICEL_I2_O)
                                                      0.097     4.239 r  PIPE_ARRAY[47].u_pipe/s1_state[358]_i_2/O
                         net (fo=1, routed)           0.245     4.484    PIPE_ARRAY[47].u_pipe/s1_state[358]_i_2_n_0
    SLICE_X86Y211        LUT3 (Prop_C5LUT_SLICEL_I2_O)
                                                      0.068     4.552 r  PIPE_ARRAY[47].u_pipe/s1_state[358]_i_1/O
                         net (fo=2, routed)           0.172     4.724    PIPE_ARRAY[47].u_pipe/s1_state[358]_i_1_n_0
    SLICE_X84Y211        LUT6 (Prop_C6LUT_SLICEL_I4_O)
                                                      0.123     4.847 r  PIPE_ARRAY[47].u_pipe/s1_c[38]_i_1/O
                         net (fo=1, routed)           0.050     4.897    PIPE_ARRAY[47].u_pipe/parity_comb[38]
    SLICE_X84Y211        FDRE                                         r  PIPE_ARRAY[47].u_pipe/s1_c_reg[38]/D
  -------------------------------------------------------------------    -------------------

                         (clock clk400_mmcm rise edge)
                                                      2.857     2.857 r  <hidden>
    BC26                                              0.000     2.857 r  clk_p
                         net (fo=0)                   0.079     2.936    u_ibufds/I
    HPIOBDIFFINBUF_X0Y37 DIFFINBUF (Prop_DIFFINBUF_HPIOBDIFFINBUF_DIFF_IN_P_O)
                                                      0.672     3.609 r  u_ibufds/DIFFINBUF_INST/O
                         net (fo=1, routed)           0.040     3.649    u_ibufds/OUT
    BC26                 IBUFCTRL (Prop_IBUFCTRL_HPIOB_M_I_O)
                                                      0.000     3.649 r  u_ibufds/IBUFCTRL_INST/O
                         net (fo=1, routed)           0.297     3.946    clk200_raw
    BUFGCE_X0Y45         BUFGCE (Prop_BUFCE_BUFGCE_I_O)
                                                      0.024     3.970 r  u_bufg200/O
                         net (fo=52219, routed)       0.864     4.834    clk200
    MMCM_X0Y1            MMCME4_ADV (Prop_MMCM_CLKIN1_CLKOUT0)
                                                     -1.433     3.401 r  u_mmcm/CLKOUT0
                         net (fo=1, routed)           0.215     3.616    clk400_mmcm
    BUFGCE_X0Y28         BUFGCE (Prop_BUFCE_BUFGCE_I_O)
                                                      0.024     3.640 r  u_bufg400/O
    X3Y1 (CLOCK_ROOT)    net (fo=475910, routed)      1.535     5.174    PIPE_ARRAY[47].u_pipe/clk
    SLICE_X84Y211        FDRE                                         r  PIPE_ARRAY[47].u_pipe/s1_c_reg[38]/C
                         clock pessimism             -0.191     4.984    <hidden>
                         clock uncertainty           -0.056     4.928    <hidden>
    SLICE_X84Y211        FDRE (Setup_CFF_SLICEL_C_D)
                                                      0.025     4.953    PIPE_ARRAY[47].u_pipe/s1_c_reg[38]
  -------------------------------------------------------------------
                         required time                          4.953    <hidden>
                         arrival time                          -4.897    <hidden>
  -------------------------------------------------------------------
                         slack                                  0.056    <hidden>

Slack (MET) :             0.058ns  (required time - arrival time)
  Source:                 bank_header400_reg[3][50]/C
                            (rising edge-triggered cell FDRE clocked by clk400_mmcm  {rise@0.000ns fall@1.429ns period=2.857ns})
  Destination:            PIPE_ARRAY[27].u_pipe/s1_c_reg[50]/D
                            (rising edge-triggered cell FDRE clocked by clk400_mmcm  {rise@0.000ns fall@1.429ns period=2.857ns})
  Path Group:             clk400_mmcm
  Path Type:              Setup (Max at Slow Process Corner)
  Requirement:            2.857ns  (clk400_mmcm rise@2.857ns - clk400_mmcm rise@0.000ns)
  Data Path Delay:        2.613ns  (logic 0.309ns (11.825%)  route 2.304ns (88.175%))
  Logic Levels:           3  (LUT3=1 LUT6=2)
  Clock Path Skew:        -0.155ns (DCD - SCD + CPR)
    Destination Clock Delay (DCD):    2.309ns = ( 5.166 - 2.857 ) 
    Source Clock Delay      (SCD):    2.277ns
    Clock Pessimism Removal (CPR):    -0.187ns
  Clock Uncertainty:      0.056ns  ((TSJ^2 + DJ^2)^1/2) / 2 + PE
    Total System Jitter     (TSJ):    0.071ns
    Discrete Jitter          (DJ):    0.087ns
    Phase Error              (PE):    0.000ns
  Clock Net Delay (Source):      1.737ns (routing 0.579ns, distribution 1.158ns)
  Clock Net Delay (Destination): 1.526ns (routing 0.527ns, distribution 0.999ns)

    Location             Delay type                Incr(ns)  Path(ns)    Netlist Resource(s)
  -------------------------------------------------------------------    -------------------
                         (clock clk400_mmcm rise edge)
                                                      0.000     0.000 r  <hidden>
    BC26                                              0.000     0.000 r  clk_p
                         net (fo=0)                   0.100     0.100    u_ibufds/I
    HPIOBDIFFINBUF_X0Y37 DIFFINBUF (Prop_DIFFINBUF_HPIOBDIFFINBUF_DIFF_IN_P_O)
                                                      0.784     0.884 r  u_ibufds/DIFFINBUF_INST/O
                         net (fo=1, routed)           0.050     0.934    u_ibufds/OUT
    BC26                 IBUFCTRL (Prop_IBUFCTRL_HPIOB_M_I_O)
                                                      0.000     0.934 r  u_ibufds/IBUFCTRL_INST/O
                         net (fo=1, routed)           0.335     1.269    clk200_raw
    BUFGCE_X0Y45         BUFGCE (Prop_BUFCE_BUFGCE_I_O)
                                                      0.028     1.297 r  u_bufg200/O
                         net (fo=52219, routed)       0.979     2.276    clk200
    MMCM_X0Y1            MMCME4_ADV (Prop_MMCM_CLKIN1_CLKOUT0)
                                                     -2.009     0.267 r  u_mmcm/CLKOUT0
                         net (fo=1, routed)           0.245     0.512    clk400_mmcm
    BUFGCE_X0Y28         BUFGCE (Prop_BUFCE_BUFGCE_I_O)
                                                      0.028     0.540 r  u_bufg400/O
    X3Y1 (CLOCK_ROOT)    net (fo=475910, routed)      1.737     2.277    clk400
    SLICE_X120Y82        FDRE                                         r  bank_header400_reg[3][50]/C
  -------------------------------------------------------------------    -------------------
    SLICE_X120Y82        FDRE (Prop_GFF2_SLICEL_C_Q)
                                                      0.081     2.358 r  bank_header400_reg[3][50]/Q
                         net (fo=24, routed)          1.923     4.281    PIPE_ARRAY[27].u_pipe/header2[50]
    SLICE_X84Y7          LUT6 (Prop_G6LUT_SLICEL_I4_O)
                                                      0.089     4.370 r  PIPE_ARRAY[27].u_pipe/s1_state[50]_i_2/O
                         net (fo=1, routed)           0.200     4.570    PIPE_ARRAY[27].u_pipe/s1_state[50]_i_2_n_0
    SLICE_X79Y6          LUT3 (Prop_C6LUT_SLICEL_I2_O)
                                                      0.050     4.620 r  PIPE_ARRAY[27].u_pipe/s1_state[50]_i_1/O
                         net (fo=2, routed)           0.130     4.750    PIPE_ARRAY[27].u_pipe/s1_state[50]_i_1_n_0
    SLICE_X80Y7          LUT6 (Prop_F6LUT_SLICEL_I5_O)
                                                      0.089     4.839 r  PIPE_ARRAY[27].u_pipe/s1_c[50]_i_1/O
                         net (fo=1, routed)           0.051     4.890    PIPE_ARRAY[27].u_pipe/parity_comb[50]
    SLICE_X80Y7          FDRE                                         r  PIPE_ARRAY[27].u_pipe/s1_c_reg[50]/D
  -------------------------------------------------------------------    -------------------

                         (clock clk400_mmcm rise edge)
                                                      2.857     2.857 r  <hidden>
    BC26                                              0.000     2.857 r  clk_p
                         net (fo=0)                   0.079     2.936    u_ibufds/I
    HPIOBDIFFINBUF_X0Y37 DIFFINBUF (Prop_DIFFINBUF_HPIOBDIFFINBUF_DIFF_IN_P_O)
                                                      0.672     3.609 r  u_ibufds/DIFFINBUF_INST/O
                         net (fo=1, routed)           0.040     3.649    u_ibufds/OUT
    BC26                 IBUFCTRL (Prop_IBUFCTRL_HPIOB_M_I_O)
                                                      0.000     3.649 r  u_ibufds/IBUFCTRL_INST/O
                         net (fo=1, routed)           0.297     3.946    clk200_raw
    BUFGCE_X0Y45         BUFGCE (Prop_BUFCE_BUFGCE_I_O)
                                                      0.024     3.970 r  u_bufg200/O
                         net (fo=52219, routed)       0.864     4.834    clk200
    MMCM_X0Y1            MMCME4_ADV (Prop_MMCM_CLKIN1_CLKOUT0)
                                                     -1.433     3.401 r  u_mmcm/CLKOUT0
                         net (fo=1, routed)           0.215     3.616    clk400_mmcm
    BUFGCE_X0Y28         BUFGCE (Prop_BUFCE_BUFGCE_I_O)
                                                      0.024     3.640 r  u_bufg400/O
    X3Y1 (CLOCK_ROOT)    net (fo=475910, routed)      1.526     5.166    PIPE_ARRAY[27].u_pipe/clk
    SLICE_X80Y7          FDRE                                         r  PIPE_ARRAY[27].u_pipe/s1_c_reg[50]/C
                         clock pessimism             -0.187     4.979    <hidden>
                         clock uncertainty           -0.056     4.923    <hidden>
    SLICE_X80Y7          FDRE (Setup_FFF_SLICEL_C_D)
                                                      0.025     4.948    PIPE_ARRAY[27].u_pipe/s1_c_reg[50]
  -------------------------------------------------------------------
                         required time                          4.948    <hidden>
                         arrival time                          -4.890    <hidden>
  -------------------------------------------------------------------
                         slack                                  0.058    <hidden>





Pulse Width Checks
--------------------------------------------------------------------------------------
Clock Name:         clk400_mmcm
Waveform(ns):       { 0.000 1.429 }
Period(ns):         2.857
Sources:            { u_mmcm/CLKOUT0 }

Check Type        Corner  Lib Pin             Reference Pin  Required(ns)  Actual(ns)  Slack(ns)  Location        Pin
Min Period        n/a     BUFGCE/I            n/a            1.290         2.857       1.567      BUFGCE_X0Y28    u_bufg400/I
Min Period        n/a     MMCME4_ADV/CLKOUT0  n/a            1.071         2.857       1.786      MMCM_X0Y1       u_mmcm/CLKOUT0
Min Period        n/a     FDRE/C              n/a            0.550         2.857       2.307      SLICE_X140Y116  PIPE_ARRAY[0].pipe_reset400_reg/C
Min Period        n/a     FDRE/C              n/a            0.550         2.857       2.307      SLICE_X154Y49   PIPE_ARRAY[10].pipe_reset400_reg/C
Min Period        n/a     FDRE/C              n/a            0.550         2.857       2.307      SLICE_X157Y26   PIPE_ARRAY[11].pipe_reset400_reg/C
Min Period        n/a     FDRE/C              n/a            0.550         2.857       2.307      SLICE_X132Y52   PIPE_ARRAY[12].pipe_reset400_reg/C
Min Period        n/a     FDRE/C              n/a            0.550         2.857       2.307      SLICE_X156Y43   PIPE_ARRAY[13].pipe_reset400_reg/C
Min Period        n/a     FDRE/C              n/a            0.550         2.857       2.307      SLICE_X117Y3    PIPE_ARRAY[14].pipe_reset400_reg/C
Min Period        n/a     FDRE/C              n/a            0.550         2.857       2.307      SLICE_X118Y3    PIPE_ARRAY[15].pipe_reset400_reg/C
Min Period        n/a     FDRE/C              n/a            0.550         2.857       2.307      SLICE_X196Y81   PIPE_ARRAY[16].pipe_reset400_reg/C
Min Period        n/a     FDRE/C              n/a            0.550         2.857       2.307      SLICE_X194Y69   PIPE_ARRAY[17].pipe_reset400_reg/C
Min Period        n/a     FDRE/C              n/a            0.550         2.857       2.307      SLICE_X196Y106  PIPE_ARRAY[18].pipe_reset400_reg/C
Min Period        n/a     FDRE/C              n/a            0.550         2.857       2.307      SLICE_X183Y28   PIPE_ARRAY[19].pipe_reset400_reg/C
Min Period        n/a     FDRE/C              n/a            0.550         2.857       2.307      SLICE_X185Y127  PIPE_ARRAY[1].pipe_reset400_reg/C
Min Period        n/a     FDRE/C              n/a            0.550         2.857       2.307      SLICE_X175Y59   PIPE_ARRAY[20].pipe_reset400_reg/C
Min Period        n/a     FDRE/C              n/a            0.550         2.857       2.307      SLICE_X172Y45   PIPE_ARRAY[21].pipe_reset400_reg/C
Min Period        n/a     FDRE/C              n/a            0.550         2.857       2.307      SLICE_X184Y64   PIPE_ARRAY[22].pipe_reset400_reg/C
Min Period        n/a     FDRE/C              n/a            0.550         2.857       2.307      SLICE_X153Y122  PIPE_ARRAY[23].pipe_reset400_reg/C
Min Period        n/a     FDRE/C              n/a            0.550         2.857       2.307      SLICE_X86Y78    PIPE_ARRAY[24].pipe_reset400_reg/C
Min Period        n/a     FDRE/C              n/a            0.550         2.857       2.307      SLICE_X122Y46   PIPE_ARRAY[25].pipe_reset400_reg/C
Low Pulse Width   Slow    FDRE/C              n/a            0.275         1.429       1.154      SLICE_X140Y116  PIPE_ARRAY[0].pipe_reset400_reg/C
Low Pulse Width   Fast    FDRE/C              n/a            0.275         1.429       1.154      SLICE_X140Y116  PIPE_ARRAY[0].pipe_reset400_reg/C
Low Pulse Width   Slow    FDRE/C              n/a            0.275         1.429       1.154      SLICE_X154Y49   PIPE_ARRAY[10].pipe_reset400_reg/C
Low Pulse Width   Fast    FDRE/C              n/a            0.275         1.429       1.154      SLICE_X154Y49   PIPE_ARRAY[10].pipe_reset400_reg/C
Low Pulse Width   Slow    FDRE/C              n/a            0.275         1.429       1.154      SLICE_X157Y26   PIPE_ARRAY[11].pipe_reset400_reg/C
Low Pulse Width   Fast    FDRE/C              n/a            0.275         1.429       1.154      SLICE_X157Y26   PIPE_ARRAY[11].pipe_reset400_reg/C
Low Pulse Width   Slow    FDRE/C              n/a            0.275         1.429       1.154      SLICE_X132Y52   PIPE_ARRAY[12].pipe_reset400_reg/C
Low Pulse Width   Fast    FDRE/C              n/a            0.275         1.429       1.154      SLICE_X132Y52   PIPE_ARRAY[12].pipe_reset400_reg/C
Low Pulse Width   Slow    FDRE/C              n/a            0.275         1.429       1.154      SLICE_X156Y43   PIPE_ARRAY[13].pipe_reset400_reg/C
Low Pulse Width   Fast    FDRE/C              n/a            0.275         1.429       1.154      SLICE_X156Y43   PIPE_ARRAY[13].pipe_reset400_reg/C
Low Pulse Width   Slow    FDRE/C              n/a            0.275         1.429       1.154      SLICE_X117Y3    PIPE_ARRAY[14].pipe_reset400_reg/C
Low Pulse Width   Fast    FDRE/C              n/a            0.275         1.429       1.154      SLICE_X117Y3    PIPE_ARRAY[14].pipe_reset400_reg/C
Low Pulse Width   Slow    FDRE/C              n/a            0.275         1.429       1.154      SLICE_X118Y3    PIPE_ARRAY[15].pipe_reset400_reg/C
Low Pulse Width   Fast    FDRE/C              n/a            0.275         1.429       1.154      SLICE_X118Y3    PIPE_ARRAY[15].pipe_reset400_reg/C
Low Pulse Width   Slow    FDRE/C              n/a            0.275         1.429       1.154      SLICE_X196Y81   PIPE_ARRAY[16].pipe_reset400_reg/C
Low Pulse Width   Fast    FDRE/C              n/a            0.275         1.429       1.154      SLICE_X196Y81   PIPE_ARRAY[16].pipe_reset400_reg/C
Low Pulse Width   Slow    FDRE/C              n/a            0.275         1.429       1.154      SLICE_X194Y69   PIPE_ARRAY[17].pipe_reset400_reg/C
Low Pulse Width   Fast    FDRE/C              n/a            0.275         1.429       1.154      SLICE_X194Y69   PIPE_ARRAY[17].pipe_reset400_reg/C
Low Pulse Width   Slow    FDRE/C              n/a            0.275         1.429       1.154      SLICE_X196Y106  PIPE_ARRAY[18].pipe_reset400_reg/C
Low Pulse Width   Fast    FDRE/C              n/a            0.275         1.429       1.154      SLICE_X196Y106  PIPE_ARRAY[18].pipe_reset400_reg/C
High Pulse Width  Slow    FDRE/C              n/a            0.275         1.429       1.154      SLICE_X140Y116  PIPE_ARRAY[0].pipe_reset400_reg/C
High Pulse Width  Fast    FDRE/C              n/a            0.275         1.429       1.154      SLICE_X140Y116  PIPE_ARRAY[0].pipe_reset400_reg/C
High Pulse Width  Slow    FDRE/C              n/a            0.275         1.429       1.154      SLICE_X154Y49   PIPE_ARRAY[10].pipe_reset400_reg/C
High Pulse Width  Fast    FDRE/C              n/a            0.275         1.429       1.154      SLICE_X154Y49   PIPE_ARRAY[10].pipe_reset400_reg/C
High Pulse Width  Slow    FDRE/C              n/a            0.275         1.429       1.154      SLICE_X157Y26   PIPE_ARRAY[11].pipe_reset400_reg/C
High Pulse Width  Fast    FDRE/C              n/a            0.275         1.429       1.154      SLICE_X157Y26   PIPE_ARRAY[11].pipe_reset400_reg/C
High Pulse Width  Slow    FDRE/C              n/a            0.275         1.429       1.154      SLICE_X132Y52   PIPE_ARRAY[12].pipe_reset400_reg/C
High Pulse Width  Fast    FDRE/C              n/a            0.275         1.429       1.154      SLICE_X132Y52   PIPE_ARRAY[12].pipe_reset400_reg/C
High Pulse Width  Slow    FDRE/C              n/a            0.275         1.429       1.154      SLICE_X156Y43   PIPE_ARRAY[13].pipe_reset400_reg/C
High Pulse Width  Fast    FDRE/C              n/a            0.275         1.429       1.154      SLICE_X156Y43   PIPE_ARRAY[13].pipe_reset400_reg/C
High Pulse Width  Slow    FDRE/C              n/a            0.275         1.429       1.154      SLICE_X117Y3    PIPE_ARRAY[14].pipe_reset400_reg/C
High Pulse Width  Fast    FDRE/C              n/a            0.275         1.429       1.154      SLICE_X117Y3    PIPE_ARRAY[14].pipe_reset400_reg/C
High Pulse Width  Slow    FDRE/C              n/a            0.275         1.429       1.154      SLICE_X118Y3    PIPE_ARRAY[15].pipe_reset400_reg/C
High Pulse Width  Fast    FDRE/C              n/a            0.275         1.429       1.154      SLICE_X118Y3    PIPE_ARRAY[15].pipe_reset400_reg/C
High Pulse Width  Slow    FDRE/C              n/a            0.275         1.429       1.154      SLICE_X196Y81   PIPE_ARRAY[16].pipe_reset400_reg/C
High Pulse Width  Fast    FDRE/C              n/a            0.275         1.429       1.154      SLICE_X196Y81   PIPE_ARRAY[16].pipe_reset400_reg/C
High Pulse Width  Slow    FDRE/C              n/a            0.275         1.429       1.154      SLICE_X194Y69   PIPE_ARRAY[17].pipe_reset400_reg/C
High Pulse Width  Fast    FDRE/C              n/a            0.275         1.429       1.154      SLICE_X194Y69   PIPE_ARRAY[17].pipe_reset400_reg/C
High Pulse Width  Slow    FDRE/C              n/a            0.275         1.429       1.154      SLICE_X196Y106  PIPE_ARRAY[18].pipe_reset400_reg/C
High Pulse Width  Fast    FDRE/C              n/a            0.275         1.429       1.154      SLICE_X196Y106  PIPE_ARRAY[18].pipe_reset400_reg/C



---------------------------------------------------------------------------------------------------
From Clock:  clkfb_mmcm
  To Clock:  clkfb_mmcm

Setup :           NA  Failing Endpoints,  Worst Slack           NA  ,  Total Violation           NA
Hold  :           NA  Failing Endpoints,  Worst Slack           NA  ,  Total Violation           NA
PW    :            0  Failing Endpoints,  Worst Slack        3.710ns,  Total Violation        0.000ns
---------------------------------------------------------------------------------------------------


Pulse Width Checks
--------------------------------------------------------------------------------------
Clock Name:         clkfb_mmcm
Waveform(ns):       { 0.000 2.500 }
Period(ns):         5.000
Sources:            { u_mmcm/CLKFBOUT }

Check Type  Corner  Lib Pin              Reference Pin  Required(ns)  Actual(ns)  Slack(ns)  Location      Pin
Min Period  n/a     BUFGCE/I             n/a            1.290         5.000       3.710      BUFGCE_X0Y31  u_bufgfb/I
Min Period  n/a     MMCME4_ADV/CLKFBOUT  n/a            1.071         5.000       3.929      MMCM_X0Y1     u_mmcm/CLKFBOUT
Min Period  n/a     MMCME4_ADV/CLKFBIN   n/a            1.071         5.000       3.929      MMCM_X0Y1     u_mmcm/CLKFBIN
Max Period  n/a     MMCME4_ADV/CLKFBIN   n/a            100.000       5.000       95.000     MMCM_X0Y1     u_mmcm/CLKFBIN


