Copyright 1986-2022 Xilinx, Inc. All Rights Reserved. Copyright 2022-2026 Advanced Micro Devices, Inc. All Rights Reserved.
--------------------------------------------------------------------------------------------------------------------------------------------------
| Tool Version      : Vivado v.2026.1 (lin64) Build 6511674 Tue Jun 16 11:01:26 MDT 2026
| Date              : Thu Aug 20 08:38:08 2026
| Host              : redacted running 64-bit Ubuntu 24.04.4 LTS
| Command           : report_timing_summary -delay_type max -max_paths 20 -file token3_80pipe_350_margin_timing_synth.rpt
| Design            : miner_top_80pipe_token3_350_margin
| Device            : xcvu33p-fsvh2104
| Speed File        : -2  PRODUCTION 1.30 05-01-2022
| Design State      : Synthesized
| Temperature Grade : E
--------------------------------------------------------------------------------------------------------------------------------------------------

Timing Summary Report

------------------------------------------------------------------------------------------------
| Timer Settings
| --------------
------------------------------------------------------------------------------------------------

  Enable Multi Corner Analysis               :  Yes
  Enable Pessimism Removal                   :  Yes
  Pessimism Removal Resolution               :  Nearest Common Node
  Enable Input Delay Default Clock           :  No
  Enable Preset / Clear Arcs                 :  No
  Disable Flight Delays                      :  No
  Ignore I/O Paths                           :  No
  Timing Early Launch at Borrowing Latches   :  No
  Borrow Time for Max Delay Exceptions       :  Yes
  Merge Timing Exceptions                    :  Yes
  Inter-SLR Compensation                     :  Conservative

  Corner  Analyze    Analyze    
  Name    Max Paths  Min Paths  
  ------  ---------  ---------  
  Slow    Yes        Yes        
  Fast    Yes        Yes        


------------------------------------------------------------------------------------------------
| Report Methodology
| ------------------
------------------------------------------------------------------------------------------------

No report available as report_methodology has not been run prior. Run report_methodology on the current design for the summary of methodology violations.



check_timing report

Table of Contents
-----------------
1. checking no_clock (2563)
2. checking constant_clock (0)
3. checking pulse_width_clock (0)
4. checking unconstrained_internal_endpoints (2127)
5. checking no_input_delay (0)
6. checking no_output_delay (0)
7. checking multiple_clock (0)
8. checking generated_clocks (0)
9. checking loops (0)
10. checking partial_input_delay (0)
11. checking partial_output_delay (0)
12. checking latch_loops (0)

1. checking no_clock (2563)
---------------------------
 There are 2563 register/latch pins with no clock driven by root clock pin: dbg_hub/sl_iport0_o[1] (HIGH)


2. checking constant_clock (0)
------------------------------
 There are 0 register/latch pins with constant_clock.


3. checking pulse_width_clock (0)
---------------------------------
 There are 0 register/latch pins which need pulse_width check


4. checking unconstrained_internal_endpoints (2127)
---------------------------------------------------
 There are 2127 pins that are not constrained for maximum delay. (HIGH)

 There are 0 pins that are not constrained for maximum delay due to constant clock.


5. checking no_input_delay (0)
------------------------------
 There are 0 input ports with no input delay specified.

 There are 0 input ports with no input delay but user has a false path constraint.


6. checking no_output_delay (0)
-------------------------------
 There are 0 ports with no output delay specified.

 There are 0 ports with no output delay but user has a false path constraint

 There are 0 ports with no output delay but with a timing clock defined on it or propagating through it


7. checking multiple_clock (0)
------------------------------
 There are 0 register/latch pins with multiple clocks.


8. checking generated_clocks (0)
--------------------------------
 There are 0 generated clocks that are not connected to a clock source.


9. checking loops (0)
---------------------
 There are 0 combinational loops in the design.


10. checking partial_input_delay (0)
------------------------------------
 There are 0 input ports with partial input delay specified.


11. checking partial_output_delay (0)
-------------------------------------
 There are 0 ports with partial output delay specified.


12. checking latch_loops (0)
----------------------------
 There are 0 combinational latch loops in the design through latch input



------------------------------------------------------------------------------------------------
| Design Timing Summary
| ---------------------
------------------------------------------------------------------------------------------------

    WNS(ns)      TNS(ns)  TNS Failing Endpoints  TNS Total Endpoints     WPWS(ns)     TPWS(ns)  TPWS Failing Endpoints  TPWS Total Endpoints  
    -------      -------  ---------------------  -------------------     --------     --------  ----------------------  --------------------  
      1.470        0.000                      0               645970        0.750        0.000                       0                527165  


All user specified timing constraints are met.


------------------------------------------------------------------------------------------------
| Clock Summary
| -------------
------------------------------------------------------------------------------------------------

Clock          Waveform(ns)         Period(ns)      Frequency(MHz)
-----          ------------         ----------      --------------
clk200         {0.000 2.500}        5.000           200.000         
  clk400_mmcm  {0.000 1.429}        2.857           350.000         
  clkfb_mmcm   {0.000 2.500}        5.000           200.000         


------------------------------------------------------------------------------------------------
| Intra Clock Table
| -----------------
------------------------------------------------------------------------------------------------

Clock              WNS(ns)      TNS(ns)  TNS Failing Endpoints  TNS Total Endpoints     WPWS(ns)     TPWS(ns)  TPWS Failing Endpoints  TPWS Total Endpoints  
-----              -------      -------  ---------------------  -------------------     --------     --------  ----------------------  --------------------  
clk200               2.841        0.000                      0                28547        0.750        0.000                       0                 50791  
  clk400_mmcm        1.470        0.000                      0               617423        1.154        0.000                       0                476371  
  clkfb_mmcm                                                                               3.710        0.000                       0                     3  


------------------------------------------------------------------------------------------------
| Inter Clock Table
| -----------------
------------------------------------------------------------------------------------------------

From Clock    To Clock          WNS(ns)      TNS(ns)  TNS Failing Endpoints  TNS Total Endpoints  
----------    --------          -------      -------  ---------------------  -------------------  


------------------------------------------------------------------------------------------------
| Other Path Groups Table
| -----------------------
------------------------------------------------------------------------------------------------

Path Group    From Clock    To Clock          WNS(ns)      TNS(ns)  TNS Failing Endpoints  TNS Total Endpoints  
----------    ----------    --------          -------      -------  ---------------------  -------------------  


------------------------------------------------------------------------------------------------
| Timing Details
| --------------
------------------------------------------------------------------------------------------------


---------------------------------------------------------------------------------------------------
From Clock:  clk200
  To Clock:  clk200

Setup :            0  Failing Endpoints,  Worst Slack        2.841ns,  Total Violation        0.000ns
Hold  :           NA  Failing Endpoints,  Worst Slack           NA  ,  Total Violation           NA
PW    :            0  Failing Endpoints,  Worst Slack        0.750ns,  Total Violation        0.000ns
---------------------------------------------------------------------------------------------------


Max Delay Paths
--------------------------------------------------------------------------------------
Slack (MET) :             2.841ns  (required time - arrival time)
  Source:                 target200_reg[0]/C
                            (rising edge-triggered cell FDRE clocked by clk200  {rise@0.000ns fall@2.500ns period=5.000ns})
  Destination:            seen_candidate_toggle200_reg[31]/D
                            (rising edge-triggered cell FDRE clocked by clk200  {rise@0.000ns fall@2.500ns period=5.000ns})
  Path Group:             clk200
  Path Type:              Setup (Max at Slow Process Corner)
  Requirement:            5.000ns  (clk200 rise@5.000ns - clk200 rise@0.000ns)
  Data Path Delay:        2.004ns  (logic 0.870ns (43.413%)  route 1.134ns (56.587%))
  Logic Levels:           21  (CARRY8=16 LUT3=1 LUT4=1 LUT5=1 LUT6=2)
  Clock Path Skew:        -0.145ns (DCD - SCD + CPR)
    Destination Clock Delay (DCD):    3.422ns = ( 8.422 - 5.000 ) 
    Source Clock Delay      (SCD):    3.722ns
    Clock Pessimism Removal (CPR):    0.154ns
  Clock Uncertainty:      0.035ns  ((TSJ^2 + TIJ^2)^1/2 + DJ) / 2 + PE
    Total System Jitter     (TSJ):    0.071ns
    Total Input Jitter      (TIJ):    0.000ns
    Discrete Jitter          (DJ):    0.000ns
    Phase Error              (PE):    0.000ns

    Location             Delay type                Incr(ns)  Path(ns)    Netlist Resource(s)
  -------------------------------------------------------------------    -------------------
                         (clock clk200 rise edge)     0.000     0.000 r  <hidden>
    BC26                                              0.000     0.000 r  clk_p
                         net (fo=0)                   0.000     0.000    u_ibufds/I
    HPIOBDIFFINBUF_X0Y37 DIFFINBUF (Prop_DIFFINBUF_HPIOBDIFFINBUF_DIFF_IN_P_O)
                                                      0.784     0.784 r  u_ibufds/DIFFINBUF_INST/O
                         net (fo=1, estimated)        0.050     0.834    u_ibufds/OUT
    BC26                 IBUFCTRL (Prop_IBUFCTRL_HPIOB_M_I_O)
                                                      0.000     0.834 r  u_ibufds/IBUFCTRL_INST/O
                         net (fo=1, unplaced)         0.276     1.110    clk200_raw
                         BUFGCE (Prop_BUFGCE_I_O)     0.028     1.138 r  u_bufg200/O
                         net (fo=50791, unplaced)     2.584     3.722    clk200
                         FDRE                                         r  target200_reg[0]/C
  -------------------------------------------------------------------    -------------------
                         FDRE (Prop_FDRE_C_Q)         0.077     3.799 r  target200_reg[0]/Q
                         net (fo=3, unplaced)         0.098     3.897    job_bus200__0[608]
                         LUT4 (Prop_LUT4_I0_O)        0.139     4.036 r  found_nonce200[31]_i_270/O
                         net (fo=1, unplaced)         0.242     4.278    found_nonce200[31]_i_270_n_0
                         CARRY8 (Prop_CARRY8_DI[0]_CO[7])
                                                      0.140     4.418 r  found_nonce200_reg[31]_i_246/CO[7]
                         net (fo=1, unplaced)         0.005     4.423    found_nonce200_reg[31]_i_246_n_0
                         CARRY8 (Prop_CARRY8_CI_CO[7])
                                                      0.022     4.445 r  found_nonce200_reg[31]_i_229/CO[7]
                         net (fo=1, unplaced)         0.005     4.450    found_nonce200_reg[31]_i_229_n_0
                         CARRY8 (Prop_CARRY8_CI_CO[7])
                                                      0.022     4.472 r  found_nonce200_reg[31]_i_212/CO[7]
                         net (fo=1, unplaced)         0.005     4.477    found_nonce200_reg[31]_i_212_n_0
                         CARRY8 (Prop_CARRY8_CI_CO[7])
                                                      0.022     4.499 r  found_nonce200_reg[31]_i_195/CO[7]
                         net (fo=1, unplaced)         0.005     4.504    found_nonce200_reg[31]_i_195_n_0
                         CARRY8 (Prop_CARRY8_CI_CO[7])
                                                      0.022     4.526 r  found_nonce200_reg[31]_i_178/CO[7]
                         net (fo=1, unplaced)         0.005     4.531    found_nonce200_reg[31]_i_178_n_0
                         CARRY8 (Prop_CARRY8_CI_CO[7])
                                                      0.022     4.553 r  found_nonce200_reg[31]_i_161/CO[7]
                         net (fo=1, unplaced)         0.005     4.558    found_nonce200_reg[31]_i_161_n_0
                         CARRY8 (Prop_CARRY8_CI_CO[7])
                                                      0.022     4.580 r  found_nonce200_reg[31]_i_144/CO[7]
                         net (fo=1, unplaced)         0.005     4.585    found_nonce200_reg[31]_i_144_n_0
                         CARRY8 (Prop_CARRY8_CI_CO[7])
                                                      0.022     4.607 r  found_nonce200_reg[31]_i_127/CO[7]
                         net (fo=1, unplaced)         0.005     4.612    found_nonce200_reg[31]_i_127_n_0
                         CARRY8 (Prop_CARRY8_CI_CO[7])
                                                      0.022     4.634 r  found_nonce200_reg[31]_i_110/CO[7]
                         net (fo=1, unplaced)         0.005     4.639    found_nonce200_reg[31]_i_110_n_0
                         CARRY8 (Prop_CARRY8_CI_CO[7])
                                                      0.022     4.661 r  found_nonce200_reg[31]_i_93/CO[7]
                         net (fo=1, unplaced)         0.005     4.666    found_nonce200_reg[31]_i_93_n_0
                         CARRY8 (Prop_CARRY8_CI_CO[7])
                                                      0.022     4.688 r  found_nonce200_reg[31]_i_76/CO[7]
                         net (fo=1, unplaced)         0.005     4.693    found_nonce200_reg[31]_i_76_n_0
                         CARRY8 (Prop_CARRY8_CI_CO[7])
                                                      0.022     4.715 r  found_nonce200_reg[31]_i_59/CO[7]
                         net (fo=1, unplaced)         0.005     4.720    found_nonce200_reg[31]_i_59_n_0
                         CARRY8 (Prop_CARRY8_CI_CO[7])
                                                      0.022     4.742 r  found_nonce200_reg[31]_i_42/CO[7]
                         net (fo=1, unplaced)         0.005     4.747    found_nonce200_reg[31]_i_42_n_0
                         CARRY8 (Prop_CARRY8_CI_CO[7])
                                                      0.022     4.769 r  found_nonce200_reg[31]_i_25/CO[7]
                         net (fo=1, unplaced)         0.005     4.774    found_nonce200_reg[31]_i_25_n_0
                         CARRY8 (Prop_CARRY8_CI_CO[7])
                                                      0.022     4.796 r  found_nonce200_reg[31]_i_8/CO[7]
                         net (fo=1, unplaced)         0.005     4.801    found_nonce200_reg[31]_i_8_n_0
                         CARRY8 (Prop_CARRY8_CI_CO[7])
                                                      0.022     4.823 r  found_nonce200_reg[31]_i_7/CO[7]
                         net (fo=1, unplaced)         0.020     4.843    scan_pass2000158_in
                         LUT3 (Prop_LUT3_I2_O)        0.038     4.881 r  found_nonce200[31]_i_3/O
                         net (fo=3, unplaced)         0.191     5.072    found_nonce200[31]_i_3_n_0
                         LUT6 (Prop_LUT6_I4_O)        0.038     5.110 f  scan_index200[6]_i_1/O
                         net (fo=123, unplaced)       0.275     5.385    scan_index200[6]_i_1_n_0
                         LUT5 (Prop_LUT5_I3_O)        0.070     5.455 r  seen_candidate_toggle200[31]_i_2/O
                         net (fo=1, unplaced)         0.185     5.640    seen_candidate_toggle200[31]_i_2_n_0
                         LUT6 (Prop_LUT6_I2_O)        0.038     5.678 r  seen_candidate_toggle200[31]_i_1/O
                         net (fo=1, unplaced)         0.048     5.726    seen_candidate_toggle200[31]_i_1_n_0
                         FDRE                                         r  seen_candidate_toggle200_reg[31]/D
  -------------------------------------------------------------------    -------------------

                         (clock clk200 rise edge)     5.000     5.000 r  <hidden>
    BC26                                              0.000     5.000 r  clk_p
                         net (fo=0)                   0.000     5.000    u_ibufds/I
    HPIOBDIFFINBUF_X0Y37 DIFFINBUF (Prop_DIFFINBUF_HPIOBDIFFINBUF_DIFF_IN_P_O)
                                                      0.672     5.672 r  u_ibufds/DIFFINBUF_INST/O
                         net (fo=1, estimated)        0.040     5.712    u_ibufds/OUT
    BC26                 IBUFCTRL (Prop_IBUFCTRL_HPIOB_M_I_O)
                                                      0.000     5.712 r  u_ibufds/IBUFCTRL_INST/O
                         net (fo=1, unplaced)         0.247     5.959    clk200_raw
                         BUFGCE (Prop_BUFGCE_I_O)     0.024     5.983 r  u_bufg200/O
                         net (fo=50791, unplaced)     2.439     8.422    clk200
                         FDRE                                         r  seen_candidate_toggle200_reg[31]/C
                         clock pessimism              0.154     8.577    <hidden>
                         clock uncertainty           -0.035     8.542    <hidden>
                         FDRE (Setup_FDRE_C_D)        0.025     8.567    seen_candidate_toggle200_reg[31]
  -------------------------------------------------------------------
                         required time                          8.567    <hidden>
                         arrival time                          -5.726    <hidden>
  -------------------------------------------------------------------
                         slack                                  2.841    <hidden>

Slack (MET) :             2.841ns  (required time - arrival time)
  Source:                 target200_reg[0]/C
                            (rising edge-triggered cell FDRE clocked by clk200  {rise@0.000ns fall@2.500ns period=5.000ns})
  Destination:            seen_candidate_toggle200_reg[48]/D
                            (rising edge-triggered cell FDRE clocked by clk200  {rise@0.000ns fall@2.500ns period=5.000ns})
  Path Group:             clk200
  Path Type:              Setup (Max at Slow Process Corner)
  Requirement:            5.000ns  (clk200 rise@5.000ns - clk200 rise@0.000ns)
  Data Path Delay:        2.004ns  (logic 0.870ns (43.413%)  route 1.134ns (56.587%))
  Logic Levels:           21  (CARRY8=16 LUT3=1 LUT4=1 LUT5=1 LUT6=2)
  Clock Path Skew:        -0.145ns (DCD - SCD + CPR)
    Destination Clock Delay (DCD):    3.422ns = ( 8.422 - 5.000 ) 
    Source Clock Delay      (SCD):    3.722ns
    Clock Pessimism Removal (CPR):    0.154ns
  Clock Uncertainty:      0.035ns  ((TSJ^2 + TIJ^2)^1/2 + DJ) / 2 + PE
    Total System Jitter     (TSJ):    0.071ns
    Total Input Jitter      (TIJ):    0.000ns
    Discrete Jitter          (DJ):    0.000ns
    Phase Error              (PE):    0.000ns

    Location             Delay type                Incr(ns)  Path(ns)    Netlist Resource(s)
  -------------------------------------------------------------------    -------------------
                         (clock clk200 rise edge)     0.000     0.000 r  <hidden>
    BC26                                              0.000     0.000 r  clk_p
                         net (fo=0)                   0.000     0.000    u_ibufds/I
    HPIOBDIFFINBUF_X0Y37 DIFFINBUF (Prop_DIFFINBUF_HPIOBDIFFINBUF_DIFF_IN_P_O)
                                                      0.784     0.784 r  u_ibufds/DIFFINBUF_INST/O
                         net (fo=1, estimated)        0.050     0.834    u_ibufds/OUT
    BC26                 IBUFCTRL (Prop_IBUFCTRL_HPIOB_M_I_O)
                                                      0.000     0.834 r  u_ibufds/IBUFCTRL_INST/O
                         net (fo=1, unplaced)         0.276     1.110    clk200_raw
                         BUFGCE (Prop_BUFGCE_I_O)     0.028     1.138 r  u_bufg200/O
                         net (fo=50791, unplaced)     2.584     3.722    clk200
                         FDRE                                         r  target200_reg[0]/C
  -------------------------------------------------------------------    -------------------
                         FDRE (Prop_FDRE_C_Q)         0.077     3.799 r  target200_reg[0]/Q
                         net (fo=3, unplaced)         0.098     3.897    job_bus200__0[608]
                         LUT4 (Prop_LUT4_I0_O)        0.139     4.036 r  found_nonce200[31]_i_270/O
                         net (fo=1, unplaced)         0.242     4.278    found_nonce200[31]_i_270_n_0
                         CARRY8 (Prop_CARRY8_DI[0]_CO[7])
                                                      0.140     4.418 r  found_nonce200_reg[31]_i_246/CO[7]
                         net (fo=1, unplaced)         0.005     4.423    found_nonce200_reg[31]_i_246_n_0
                         CARRY8 (Prop_CARRY8_CI_CO[7])
                                                      0.022     4.445 r  found_nonce200_reg[31]_i_229/CO[7]
                         net (fo=1, unplaced)         0.005     4.450    found_nonce200_reg[31]_i_229_n_0
                         CARRY8 (Prop_CARRY8_CI_CO[7])
                                                      0.022     4.472 r  found_nonce200_reg[31]_i_212/CO[7]
                         net (fo=1, unplaced)         0.005     4.477    found_nonce200_reg[31]_i_212_n_0
                         CARRY8 (Prop_CARRY8_CI_CO[7])
                                                      0.022     4.499 r  found_nonce200_reg[31]_i_195/CO[7]
                         net (fo=1, unplaced)         0.005     4.504    found_nonce200_reg[31]_i_195_n_0
                         CARRY8 (Prop_CARRY8_CI_CO[7])
                                                      0.022     4.526 r  found_nonce200_reg[31]_i_178/CO[7]
                         net (fo=1, unplaced)         0.005     4.531    found_nonce200_reg[31]_i_178_n_0
                         CARRY8 (Prop_CARRY8_CI_CO[7])
                                                      0.022     4.553 r  found_nonce200_reg[31]_i_161/CO[7]
                         net (fo=1, unplaced)         0.005     4.558    found_nonce200_reg[31]_i_161_n_0
                         CARRY8 (Prop_CARRY8_CI_CO[7])
                                                      0.022     4.580 r  found_nonce200_reg[31]_i_144/CO[7]
                         net (fo=1, unplaced)         0.005     4.585    found_nonce200_reg[31]_i_144_n_0
                         CARRY8 (Prop_CARRY8_CI_CO[7])
                                                      0.022     4.607 r  found_nonce200_reg[31]_i_127/CO[7]
                         net (fo=1, unplaced)         0.005     4.612    found_nonce200_reg[31]_i_127_n_0
                         CARRY8 (Prop_CARRY8_CI_CO[7])
                                                      0.022     4.634 r  found_nonce200_reg[31]_i_110/CO[7]
                         net (fo=1, unplaced)         0.005     4.639    found_nonce200_reg[31]_i_110_n_0
                         CARRY8 (Prop_CARRY8_CI_CO[7])
                                                      0.022     4.661 r  found_nonce200_reg[31]_i_93/CO[7]
                         net (fo=1, unplaced)         0.005     4.666    found_nonce200_reg[31]_i_93_n_0
                         CARRY8 (Prop_CARRY8_CI_CO[7])
                                                      0.022     4.688 r  found_nonce200_reg[31]_i_76/CO[7]
                         net (fo=1, unplaced)         0.005     4.693    found_nonce200_reg[31]_i_76_n_0
                         CARRY8 (Prop_CARRY8_CI_CO[7])
                                                      0.022     4.715 r  found_nonce200_reg[31]_i_59/CO[7]
                         net (fo=1, unplaced)         0.005     4.720    found_nonce200_reg[31]_i_59_n_0
                         CARRY8 (Prop_CARRY8_CI_CO[7])
                                                      0.022     4.742 r  found_nonce200_reg[31]_i_42/CO[7]
                         net (fo=1, unplaced)         0.005     4.747    found_nonce200_reg[31]_i_42_n_0
                         CARRY8 (Prop_CARRY8_CI_CO[7])
                                                      0.022     4.769 r  found_nonce200_reg[31]_i_25/CO[7]
                         net (fo=1, unplaced)         0.005     4.774    found_nonce200_reg[31]_i_25_n_0
                         CARRY8 (Prop_CARRY8_CI_CO[7])
                                                      0.022     4.796 r  found_nonce200_reg[31]_i_8/CO[7]
                         net (fo=1, unplaced)         0.005     4.801    found_nonce200_reg[31]_i_8_n_0
                         CARRY8 (Prop_CARRY8_CI_CO[7])
                                                      0.022     4.823 r  found_nonce200_reg[31]_i_7/CO[7]
                         net (fo=1, unplaced)         0.020     4.843    scan_pass2000158_in
                         LUT3 (Prop_LUT3_I2_O)        0.038     4.881 r  found_nonce200[31]_i_3/O
                         net (fo=3, unplaced)         0.191     5.072    found_nonce200[31]_i_3_n_0
                         LUT6 (Prop_LUT6_I4_O)        0.038     5.110 f  scan_index200[6]_i_1/O
                         net (fo=123, unplaced)       0.275     5.385    scan_index200[6]_i_1_n_0
                         LUT5 (Prop_LUT5_I4_O)        0.070     5.455 r  seen_candidate_toggle200[48]_i_2/O
                         net (fo=1, unplaced)         0.185     5.640    seen_candidate_toggle200[48]_i_2_n_0
                         LUT6 (Prop_LUT6_I2_O)        0.038     5.678 r  seen_candidate_toggle200[48]_i_1/O
                         net (fo=1, unplaced)         0.048     5.726    seen_candidate_toggle200[48]_i_1_n_0
                         FDRE                                         r  seen_candidate_toggle200_reg[48]/D
  -------------------------------------------------------------------    -------------------

                         (clock clk200 rise edge)     5.000     5.000 r  <hidden>
    BC26                                              0.000     5.000 r  clk_p
                         net (fo=0)                   0.000     5.000    u_ibufds/I
    HPIOBDIFFINBUF_X0Y37 DIFFINBUF (Prop_DIFFINBUF_HPIOBDIFFINBUF_DIFF_IN_P_O)
                                                      0.672     5.672 r  u_ibufds/DIFFINBUF_INST/O
                         net (fo=1, estimated)        0.040     5.712    u_ibufds/OUT
    BC26                 IBUFCTRL (Prop_IBUFCTRL_HPIOB_M_I_O)
                                                      0.000     5.712 r  u_ibufds/IBUFCTRL_INST/O
                         net (fo=1, unplaced)         0.247     5.959    clk200_raw
                         BUFGCE (Prop_BUFGCE_I_O)     0.024     5.983 r  u_bufg200/O
                         net (fo=50791, unplaced)     2.439     8.422    clk200
                         FDRE                                         r  seen_candidate_toggle200_reg[48]/C
                         clock pessimism              0.154     8.577    <hidden>
                         clock uncertainty           -0.035     8.542    <hidden>
                         FDRE (Setup_FDRE_C_D)        0.025     8.567    seen_candidate_toggle200_reg[48]
  -------------------------------------------------------------------
                         required time                          8.567    <hidden>
                         arrival time                          -5.726    <hidden>
  -------------------------------------------------------------------
                         slack                                  2.841    <hidden>

Slack (MET) :             2.841ns  (required time - arrival time)
  Source:                 target200_reg[0]/C
                            (rising edge-triggered cell FDRE clocked by clk200  {rise@0.000ns fall@2.500ns period=5.000ns})
  Destination:            seen_candidate_toggle200_reg[49]/D
                            (rising edge-triggered cell FDRE clocked by clk200  {rise@0.000ns fall@2.500ns period=5.000ns})
  Path Group:             clk200
  Path Type:              Setup (Max at Slow Process Corner)
  Requirement:            5.000ns  (clk200 rise@5.000ns - clk200 rise@0.000ns)
  Data Path Delay:        2.004ns  (logic 0.870ns (43.413%)  route 1.134ns (56.587%))
  Logic Levels:           21  (CARRY8=16 LUT3=1 LUT4=1 LUT5=1 LUT6=2)
  Clock Path Skew:        -0.145ns (DCD - SCD + CPR)
    Destination Clock Delay (DCD):    3.422ns = ( 8.422 - 5.000 ) 
    Source Clock Delay      (SCD):    3.722ns
    Clock Pessimism Removal (CPR):    0.154ns
  Clock Uncertainty:      0.035ns  ((TSJ^2 + TIJ^2)^1/2 + DJ) / 2 + PE
    Total System Jitter     (TSJ):    0.071ns
    Total Input Jitter      (TIJ):    0.000ns
    Discrete Jitter          (DJ):    0.000ns
    Phase Error              (PE):    0.000ns

    Location             Delay type                Incr(ns)  Path(ns)    Netlist Resource(s)
  -------------------------------------------------------------------    -------------------
                         (clock clk200 rise edge)     0.000     0.000 r  <hidden>
    BC26                                              0.000     0.000 r  clk_p
                         net (fo=0)                   0.000     0.000    u_ibufds/I
    HPIOBDIFFINBUF_X0Y37 DIFFINBUF (Prop_DIFFINBUF_HPIOBDIFFINBUF_DIFF_IN_P_O)
                                                      0.784     0.784 r  u_ibufds/DIFFINBUF_INST/O
                         net (fo=1, estimated)        0.050     0.834    u_ibufds/OUT
    BC26                 IBUFCTRL (Prop_IBUFCTRL_HPIOB_M_I_O)
                                                      0.000     0.834 r  u_ibufds/IBUFCTRL_INST/O
                         net (fo=1, unplaced)         0.276     1.110    clk200_raw
                         BUFGCE (Prop_BUFGCE_I_O)     0.028     1.138 r  u_bufg200/O
                         net (fo=50791, unplaced)     2.584     3.722    clk200
                         FDRE                                         r  target200_reg[0]/C
  -------------------------------------------------------------------    -------------------
                         FDRE (Prop_FDRE_C_Q)         0.077     3.799 r  target200_reg[0]/Q
                         net (fo=3, unplaced)         0.098     3.897    job_bus200__0[608]
                         LUT4 (Prop_LUT4_I0_O)        0.139     4.036 r  found_nonce200[31]_i_270/O
                         net (fo=1, unplaced)         0.242     4.278    found_nonce200[31]_i_270_n_0
                         CARRY8 (Prop_CARRY8_DI[0]_CO[7])
                                                      0.140     4.418 r  found_nonce200_reg[31]_i_246/CO[7]
                         net (fo=1, unplaced)         0.005     4.423    found_nonce200_reg[31]_i_246_n_0
                         CARRY8 (Prop_CARRY8_CI_CO[7])
                                                      0.022     4.445 r  found_nonce200_reg[31]_i_229/CO[7]
                         net (fo=1, unplaced)         0.005     4.450    found_nonce200_reg[31]_i_229_n_0
                         CARRY8 (Prop_CARRY8_CI_CO[7])
                                                      0.022     4.472 r  found_nonce200_reg[31]_i_212/CO[7]
                         net (fo=1, unplaced)         0.005     4.477    found_nonce200_reg[31]_i_212_n_0
                         CARRY8 (Prop_CARRY8_CI_CO[7])
                                                      0.022     4.499 r  found_nonce200_reg[31]_i_195/CO[7]
                         net (fo=1, unplaced)         0.005     4.504    found_nonce200_reg[31]_i_195_n_0
                         CARRY8 (Prop_CARRY8_CI_CO[7])
                                                      0.022     4.526 r  found_nonce200_reg[31]_i_178/CO[7]
                         net (fo=1, unplaced)         0.005     4.531    found_nonce200_reg[31]_i_178_n_0
                         CARRY8 (Prop_CARRY8_CI_CO[7])
                                                      0.022     4.553 r  found_nonce200_reg[31]_i_161/CO[7]
                         net (fo=1, unplaced)         0.005     4.558    found_nonce200_reg[31]_i_161_n_0
                         CARRY8 (Prop_CARRY8_CI_CO[7])
                                                      0.022     4.580 r  found_nonce200_reg[31]_i_144/CO[7]
                         net (fo=1, unplaced)         0.005     4.585    found_nonce200_reg[31]_i_144_n_0
                         CARRY8 (Prop_CARRY8_CI_CO[7])
                                                      0.022     4.607 r  found_nonce200_reg[31]_i_127/CO[7]
                         net (fo=1, unplaced)         0.005     4.612    found_nonce200_reg[31]_i_127_n_0
                         CARRY8 (Prop_CARRY8_CI_CO[7])
                                                      0.022     4.634 r  found_nonce200_reg[31]_i_110/CO[7]
                         net (fo=1, unplaced)         0.005     4.639    found_nonce200_reg[31]_i_110_n_0
                         CARRY8 (Prop_CARRY8_CI_CO[7])
                                                      0.022     4.661 r  found_nonce200_reg[31]_i_93/CO[7]
                         net (fo=1, unplaced)         0.005     4.666    found_nonce200_reg[31]_i_93_n_0
                         CARRY8 (Prop_CARRY8_CI_CO[7])
                                                      0.022     4.688 r  found_nonce200_reg[31]_i_76/CO[7]
                         net (fo=1, unplaced)         0.005     4.693    found_nonce200_reg[31]_i_76_n_0
                         CARRY8 (Prop_CARRY8_CI_CO[7])
                                                      0.022     4.715 r  found_nonce200_reg[31]_i_59/CO[7]
                         net (fo=1, unplaced)         0.005     4.720    found_nonce200_reg[31]_i_59_n_0
                         CARRY8 (Prop_CARRY8_CI_CO[7])
                                                      0.022     4.742 r  found_nonce200_reg[31]_i_42/CO[7]
                         net (fo=1, unplaced)         0.005     4.747    found_nonce200_reg[31]_i_42_n_0
                         CARRY8 (Prop_CARRY8_CI_CO[7])
                                                      0.022     4.769 r  found_nonce200_reg[31]_i_25/CO[7]
                         net (fo=1, unplaced)         0.005     4.774    found_nonce200_reg[31]_i_25_n_0
                         CARRY8 (Prop_CARRY8_CI_CO[7])
                                                      0.022     4.796 r  found_nonce200_reg[31]_i_8/CO[7]
                         net (fo=1, unplaced)         0.005     4.801    found_nonce200_reg[31]_i_8_n_0
                         CARRY8 (Prop_CARRY8_CI_CO[7])
                                                      0.022     4.823 r  found_nonce200_reg[31]_i_7/CO[7]
                         net (fo=1, unplaced)         0.020     4.843    scan_pass2000158_in
                         LUT3 (Prop_LUT3_I2_O)        0.038     4.881 r  found_nonce200[31]_i_3/O
                         net (fo=3, unplaced)         0.191     5.072    found_nonce200[31]_i_3_n_0
                         LUT6 (Prop_LUT6_I4_O)        0.038     5.110 f  scan_index200[6]_i_1/O
                         net (fo=123, unplaced)       0.275     5.385    scan_index200[6]_i_1_n_0
                         LUT5 (Prop_LUT5_I4_O)        0.070     5.455 r  seen_candidate_toggle200[49]_i_2/O
                         net (fo=1, unplaced)         0.185     5.640    seen_candidate_toggle200[49]_i_2_n_0
                         LUT6 (Prop_LUT6_I2_O)        0.038     5.678 r  seen_candidate_toggle200[49]_i_1/O
                         net (fo=1, unplaced)         0.048     5.726    seen_candidate_toggle200[49]_i_1_n_0
                         FDRE                                         r  seen_candidate_toggle200_reg[49]/D
  -------------------------------------------------------------------    -------------------

                         (clock clk200 rise edge)     5.000     5.000 r  <hidden>
    BC26                                              0.000     5.000 r  clk_p
                         net (fo=0)                   0.000     5.000    u_ibufds/I
    HPIOBDIFFINBUF_X0Y37 DIFFINBUF (Prop_DIFFINBUF_HPIOBDIFFINBUF_DIFF_IN_P_O)
                                                      0.672     5.672 r  u_ibufds/DIFFINBUF_INST/O
                         net (fo=1, estimated)        0.040     5.712    u_ibufds/OUT
    BC26                 IBUFCTRL (Prop_IBUFCTRL_HPIOB_M_I_O)
                                                      0.000     5.712 r  u_ibufds/IBUFCTRL_INST/O
                         net (fo=1, unplaced)         0.247     5.959    clk200_raw
                         BUFGCE (Prop_BUFGCE_I_O)     0.024     5.983 r  u_bufg200/O
                         net (fo=50791, unplaced)     2.439     8.422    clk200
                         FDRE                                         r  seen_candidate_toggle200_reg[49]/C
                         clock pessimism              0.154     8.577    <hidden>
                         clock uncertainty           -0.035     8.542    <hidden>
                         FDRE (Setup_FDRE_C_D)        0.025     8.567    seen_candidate_toggle200_reg[49]
  -------------------------------------------------------------------
                         required time                          8.567    <hidden>
                         arrival time                          -5.726    <hidden>
  -------------------------------------------------------------------
                         slack                                  2.841    <hidden>

Slack (MET) :             2.841ns  (required time - arrival time)
  Source:                 target200_reg[0]/C
                            (rising edge-triggered cell FDRE clocked by clk200  {rise@0.000ns fall@2.500ns period=5.000ns})
  Destination:            seen_candidate_toggle200_reg[50]/D
                            (rising edge-triggered cell FDRE clocked by clk200  {rise@0.000ns fall@2.500ns period=5.000ns})
  Path Group:             clk200
  Path Type:              Setup (Max at Slow Process Corner)
  Requirement:            5.000ns  (clk200 rise@5.000ns - clk200 rise@0.000ns)
  Data Path Delay:        2.004ns  (logic 0.870ns (43.413%)  route 1.134ns (56.587%))
  Logic Levels:           21  (CARRY8=16 LUT3=1 LUT4=1 LUT5=1 LUT6=2)
  Clock Path Skew:        -0.145ns (DCD - SCD + CPR)
    Destination Clock Delay (DCD):    3.422ns = ( 8.422 - 5.000 ) 
    Source Clock Delay      (SCD):    3.722ns
    Clock Pessimism Removal (CPR):    0.154ns
  Clock Uncertainty:      0.035ns  ((TSJ^2 + TIJ^2)^1/2 + DJ) / 2 + PE
    Total System Jitter     (TSJ):    0.071ns
    Total Input Jitter      (TIJ):    0.000ns
    Discrete Jitter          (DJ):    0.000ns
    Phase Error              (PE):    0.000ns

    Location             Delay type                Incr(ns)  Path(ns)    Netlist Resource(s)
  -------------------------------------------------------------------    -------------------
                         (clock clk200 rise edge)     0.000     0.000 r  <hidden>
    BC26                                              0.000     0.000 r  clk_p
                         net (fo=0)                   0.000     0.000    u_ibufds/I
    HPIOBDIFFINBUF_X0Y37 DIFFINBUF (Prop_DIFFINBUF_HPIOBDIFFINBUF_DIFF_IN_P_O)
                                                      0.784     0.784 r  u_ibufds/DIFFINBUF_INST/O
                         net (fo=1, estimated)        0.050     0.834    u_ibufds/OUT
    BC26                 IBUFCTRL (Prop_IBUFCTRL_HPIOB_M_I_O)
                                                      0.000     0.834 r  u_ibufds/IBUFCTRL_INST/O
                         net (fo=1, unplaced)         0.276     1.110    clk200_raw
                         BUFGCE (Prop_BUFGCE_I_O)     0.028     1.138 r  u_bufg200/O
                         net (fo=50791, unplaced)     2.584     3.722    clk200
                         FDRE                                         r  target200_reg[0]/C
  -------------------------------------------------------------------    -------------------
                         FDRE (Prop_FDRE_C_Q)         0.077     3.799 r  target200_reg[0]/Q
                         net (fo=3, unplaced)         0.098     3.897    job_bus200__0[608]
                         LUT4 (Prop_LUT4_I0_O)        0.139     4.036 r  found_nonce200[31]_i_270/O
                         net (fo=1, unplaced)         0.242     4.278    found_nonce200[31]_i_270_n_0
                         CARRY8 (Prop_CARRY8_DI[0]_CO[7])
                                                      0.140     4.418 r  found_nonce200_reg[31]_i_246/CO[7]
                         net (fo=1, unplaced)         0.005     4.423    found_nonce200_reg[31]_i_246_n_0
                         CARRY8 (Prop_CARRY8_CI_CO[7])
                                                      0.022     4.445 r  found_nonce200_reg[31]_i_229/CO[7]
                         net (fo=1, unplaced)         0.005     4.450    found_nonce200_reg[31]_i_229_n_0
                         CARRY8 (Prop_CARRY8_CI_CO[7])
                                                      0.022     4.472 r  found_nonce200_reg[31]_i_212/CO[7]
                         net (fo=1, unplaced)         0.005     4.477    found_nonce200_reg[31]_i_212_n_0
                         CARRY8 (Prop_CARRY8_CI_CO[7])
                                                      0.022     4.499 r  found_nonce200_reg[31]_i_195/CO[7]
                         net (fo=1, unplaced)         0.005     4.504    found_nonce200_reg[31]_i_195_n_0
                         CARRY8 (Prop_CARRY8_CI_CO[7])
                                                      0.022     4.526 r  found_nonce200_reg[31]_i_178/CO[7]
                         net (fo=1, unplaced)         0.005     4.531    found_nonce200_reg[31]_i_178_n_0
                         CARRY8 (Prop_CARRY8_CI_CO[7])
                                                      0.022     4.553 r  found_nonce200_reg[31]_i_161/CO[7]
                         net (fo=1, unplaced)         0.005     4.558    found_nonce200_reg[31]_i_161_n_0
                         CARRY8 (Prop_CARRY8_CI_CO[7])
                                                      0.022     4.580 r  found_nonce200_reg[31]_i_144/CO[7]
                         net (fo=1, unplaced)         0.005     4.585    found_nonce200_reg[31]_i_144_n_0
                         CARRY8 (Prop_CARRY8_CI_CO[7])
                                                      0.022     4.607 r  found_nonce200_reg[31]_i_127/CO[7]
                         net (fo=1, unplaced)         0.005     4.612    found_nonce200_reg[31]_i_127_n_0
                         CARRY8 (Prop_CARRY8_CI_CO[7])
                                                      0.022     4.634 r  found_nonce200_reg[31]_i_110/CO[7]
                         net (fo=1, unplaced)         0.005     4.639    found_nonce200_reg[31]_i_110_n_0
                         CARRY8 (Prop_CARRY8_CI_CO[7])
                                                      0.022     4.661 r  found_nonce200_reg[31]_i_93/CO[7]
                         net (fo=1, unplaced)         0.005     4.666    found_nonce200_reg[31]_i_93_n_0
                         CARRY8 (Prop_CARRY8_CI_CO[7])
                                                      0.022     4.688 r  found_nonce200_reg[31]_i_76/CO[7]
                         net (fo=1, unplaced)         0.005     4.693    found_nonce200_reg[31]_i_76_n_0
                         CARRY8 (Prop_CARRY8_CI_CO[7])
                                                      0.022     4.715 r  found_nonce200_reg[31]_i_59/CO[7]
                         net (fo=1, unplaced)         0.005     4.720    found_nonce200_reg[31]_i_59_n_0
                         CARRY8 (Prop_CARRY8_CI_CO[7])
                                                      0.022     4.742 r  found_nonce200_reg[31]_i_42/CO[7]
                         net (fo=1, unplaced)         0.005     4.747    found_nonce200_reg[31]_i_42_n_0
                         CARRY8 (Prop_CARRY8_CI_CO[7])
                                                      0.022     4.769 r  found_nonce200_reg[31]_i_25/CO[7]
                         net (fo=1, unplaced)         0.005     4.774    found_nonce200_reg[31]_i_25_n_0
                         CARRY8 (Prop_CARRY8_CI_CO[7])
                                                      0.022     4.796 r  found_nonce200_reg[31]_i_8/CO[7]
                         net (fo=1, unplaced)         0.005     4.801    found_nonce200_reg[31]_i_8_n_0
                         CARRY8 (Prop_CARRY8_CI_CO[7])
                                                      0.022     4.823 r  found_nonce200_reg[31]_i_7/CO[7]
                         net (fo=1, unplaced)         0.020     4.843    scan_pass2000158_in
                         LUT3 (Prop_LUT3_I2_O)        0.038     4.881 r  found_nonce200[31]_i_3/O
                         net (fo=3, unplaced)         0.191     5.072    found_nonce200[31]_i_3_n_0
                         LUT6 (Prop_LUT6_I4_O)        0.038     5.110 f  scan_index200[6]_i_1/O
                         net (fo=123, unplaced)       0.275     5.385    scan_index200[6]_i_1_n_0
                         LUT5 (Prop_LUT5_I4_O)        0.070     5.455 r  seen_candidate_toggle200[50]_i_2/O
                         net (fo=1, unplaced)         0.185     5.640    seen_candidate_toggle200[50]_i_2_n_0
                         LUT6 (Prop_LUT6_I2_O)        0.038     5.678 r  seen_candidate_toggle200[50]_i_1/O
                         net (fo=1, unplaced)         0.048     5.726    seen_candidate_toggle200[50]_i_1_n_0
                         FDRE                                         r  seen_candidate_toggle200_reg[50]/D
  -------------------------------------------------------------------    -------------------

                         (clock clk200 rise edge)     5.000     5.000 r  <hidden>
    BC26                                              0.000     5.000 r  clk_p
                         net (fo=0)                   0.000     5.000    u_ibufds/I
    HPIOBDIFFINBUF_X0Y37 DIFFINBUF (Prop_DIFFINBUF_HPIOBDIFFINBUF_DIFF_IN_P_O)
                                                      0.672     5.672 r  u_ibufds/DIFFINBUF_INST/O
                         net (fo=1, estimated)        0.040     5.712    u_ibufds/OUT
    BC26                 IBUFCTRL (Prop_IBUFCTRL_HPIOB_M_I_O)
                                                      0.000     5.712 r  u_ibufds/IBUFCTRL_INST/O
                         net (fo=1, unplaced)         0.247     5.959    clk200_raw
                         BUFGCE (Prop_BUFGCE_I_O)     0.024     5.983 r  u_bufg200/O
                         net (fo=50791, unplaced)     2.439     8.422    clk200
                         FDRE                                         r  seen_candidate_toggle200_reg[50]/C
                         clock pessimism              0.154     8.577    <hidden>
                         clock uncertainty           -0.035     8.542    <hidden>
                         FDRE (Setup_FDRE_C_D)        0.025     8.567    seen_candidate_toggle200_reg[50]
  -------------------------------------------------------------------
                         required time                          8.567    <hidden>
                         arrival time                          -5.726    <hidden>
  -------------------------------------------------------------------
                         slack                                  2.841    <hidden>

Slack (MET) :             2.841ns  (required time - arrival time)
  Source:                 target200_reg[0]/C
                            (rising edge-triggered cell FDRE clocked by clk200  {rise@0.000ns fall@2.500ns period=5.000ns})
  Destination:            seen_candidate_toggle200_reg[51]/D
                            (rising edge-triggered cell FDRE clocked by clk200  {rise@0.000ns fall@2.500ns period=5.000ns})
  Path Group:             clk200
  Path Type:              Setup (Max at Slow Process Corner)
  Requirement:            5.000ns  (clk200 rise@5.000ns - clk200 rise@0.000ns)
  Data Path Delay:        2.004ns  (logic 0.870ns (43.413%)  route 1.134ns (56.587%))
  Logic Levels:           21  (CARRY8=16 LUT3=1 LUT4=1 LUT5=1 LUT6=2)
  Clock Path Skew:        -0.145ns (DCD - SCD + CPR)
    Destination Clock Delay (DCD):    3.422ns = ( 8.422 - 5.000 ) 
    Source Clock Delay      (SCD):    3.722ns
    Clock Pessimism Removal (CPR):    0.154ns
  Clock Uncertainty:      0.035ns  ((TSJ^2 + TIJ^2)^1/2 + DJ) / 2 + PE
    Total System Jitter     (TSJ):    0.071ns
    Total Input Jitter      (TIJ):    0.000ns
    Discrete Jitter          (DJ):    0.000ns
    Phase Error              (PE):    0.000ns

    Location             Delay type                Incr(ns)  Path(ns)    Netlist Resource(s)
  -------------------------------------------------------------------    -------------------
                         (clock clk200 rise edge)     0.000     0.000 r  <hidden>
    BC26                                              0.000     0.000 r  clk_p
                         net (fo=0)                   0.000     0.000    u_ibufds/I
    HPIOBDIFFINBUF_X0Y37 DIFFINBUF (Prop_DIFFINBUF_HPIOBDIFFINBUF_DIFF_IN_P_O)
                                                      0.784     0.784 r  u_ibufds/DIFFINBUF_INST/O
                         net (fo=1, estimated)        0.050     0.834    u_ibufds/OUT
    BC26                 IBUFCTRL (Prop_IBUFCTRL_HPIOB_M_I_O)
                                                      0.000     0.834 r  u_ibufds/IBUFCTRL_INST/O
                         net (fo=1, unplaced)         0.276     1.110    clk200_raw
                         BUFGCE (Prop_BUFGCE_I_O)     0.028     1.138 r  u_bufg200/O
                         net (fo=50791, unplaced)     2.584     3.722    clk200
                         FDRE                                         r  target200_reg[0]/C
  -------------------------------------------------------------------    -------------------
                         FDRE (Prop_FDRE_C_Q)         0.077     3.799 r  target200_reg[0]/Q
                         net (fo=3, unplaced)         0.098     3.897    job_bus200__0[608]
                         LUT4 (Prop_LUT4_I0_O)        0.139     4.036 r  found_nonce200[31]_i_270/O
                         net (fo=1, unplaced)         0.242     4.278    found_nonce200[31]_i_270_n_0
                         CARRY8 (Prop_CARRY8_DI[0]_CO[7])
                                                      0.140     4.418 r  found_nonce200_reg[31]_i_246/CO[7]
                         net (fo=1, unplaced)         0.005     4.423    found_nonce200_reg[31]_i_246_n_0
                         CARRY8 (Prop_CARRY8_CI_CO[7])
                                                      0.022     4.445 r  found_nonce200_reg[31]_i_229/CO[7]
                         net (fo=1, unplaced)         0.005     4.450    found_nonce200_reg[31]_i_229_n_0
                         CARRY8 (Prop_CARRY8_CI_CO[7])
                                                      0.022     4.472 r  found_nonce200_reg[31]_i_212/CO[7]
                         net (fo=1, unplaced)         0.005     4.477    found_nonce200_reg[31]_i_212_n_0
                         CARRY8 (Prop_CARRY8_CI_CO[7])
                                                      0.022     4.499 r  found_nonce200_reg[31]_i_195/CO[7]
                         net (fo=1, unplaced)         0.005     4.504    found_nonce200_reg[31]_i_195_n_0
                         CARRY8 (Prop_CARRY8_CI_CO[7])
                                                      0.022     4.526 r  found_nonce200_reg[31]_i_178/CO[7]
                         net (fo=1, unplaced)         0.005     4.531    found_nonce200_reg[31]_i_178_n_0
                         CARRY8 (Prop_CARRY8_CI_CO[7])
                                                      0.022     4.553 r  found_nonce200_reg[31]_i_161/CO[7]
                         net (fo=1, unplaced)         0.005     4.558    found_nonce200_reg[31]_i_161_n_0
                         CARRY8 (Prop_CARRY8_CI_CO[7])
                                                      0.022     4.580 r  found_nonce200_reg[31]_i_144/CO[7]
                         net (fo=1, unplaced)         0.005     4.585    found_nonce200_reg[31]_i_144_n_0
                         CARRY8 (Prop_CARRY8_CI_CO[7])
                                                      0.022     4.607 r  found_nonce200_reg[31]_i_127/CO[7]
                         net (fo=1, unplaced)         0.005     4.612    found_nonce200_reg[31]_i_127_n_0
                         CARRY8 (Prop_CARRY8_CI_CO[7])
                                                      0.022     4.634 r  found_nonce200_reg[31]_i_110/CO[7]
                         net (fo=1, unplaced)         0.005     4.639    found_nonce200_reg[31]_i_110_n_0
                         CARRY8 (Prop_CARRY8_CI_CO[7])
                                                      0.022     4.661 r  found_nonce200_reg[31]_i_93/CO[7]
                         net (fo=1, unplaced)         0.005     4.666    found_nonce200_reg[31]_i_93_n_0
                         CARRY8 (Prop_CARRY8_CI_CO[7])
                                                      0.022     4.688 r  found_nonce200_reg[31]_i_76/CO[7]
                         net (fo=1, unplaced)         0.005     4.693    found_nonce200_reg[31]_i_76_n_0
                         CARRY8 (Prop_CARRY8_CI_CO[7])
                                                      0.022     4.715 r  found_nonce200_reg[31]_i_59/CO[7]
                         net (fo=1, unplaced)         0.005     4.720    found_nonce200_reg[31]_i_59_n_0
                         CARRY8 (Prop_CARRY8_CI_CO[7])
                                                      0.022     4.742 r  found_nonce200_reg[31]_i_42/CO[7]
                         net (fo=1, unplaced)         0.005     4.747    found_nonce200_reg[31]_i_42_n_0
                         CARRY8 (Prop_CARRY8_CI_CO[7])
                                                      0.022     4.769 r  found_nonce200_reg[31]_i_25/CO[7]
                         net (fo=1, unplaced)         0.005     4.774    found_nonce200_reg[31]_i_25_n_0
                         CARRY8 (Prop_CARRY8_CI_CO[7])
                                                      0.022     4.796 r  found_nonce200_reg[31]_i_8/CO[7]
                         net (fo=1, unplaced)         0.005     4.801    found_nonce200_reg[31]_i_8_n_0
                         CARRY8 (Prop_CARRY8_CI_CO[7])
                                                      0.022     4.823 r  found_nonce200_reg[31]_i_7/CO[7]
                         net (fo=1, unplaced)         0.020     4.843    scan_pass2000158_in
                         LUT3 (Prop_LUT3_I2_O)        0.038     4.881 r  found_nonce200[31]_i_3/O
                         net (fo=3, unplaced)         0.191     5.072    found_nonce200[31]_i_3_n_0
                         LUT6 (Prop_LUT6_I4_O)        0.038     5.110 f  scan_index200[6]_i_1/O
                         net (fo=123, unplaced)       0.275     5.385    scan_index200[6]_i_1_n_0
                         LUT5 (Prop_LUT5_I4_O)        0.070     5.455 r  seen_candidate_toggle200[51]_i_2/O
                         net (fo=1, unplaced)         0.185     5.640    seen_candidate_toggle200[51]_i_2_n_0
                         LUT6 (Prop_LUT6_I2_O)        0.038     5.678 r  seen_candidate_toggle200[51]_i_1/O
                         net (fo=1, unplaced)         0.048     5.726    seen_candidate_toggle200[51]_i_1_n_0
                         FDRE                                         r  seen_candidate_toggle200_reg[51]/D
  -------------------------------------------------------------------    -------------------

                         (clock clk200 rise edge)     5.000     5.000 r  <hidden>
    BC26                                              0.000     5.000 r  clk_p
                         net (fo=0)                   0.000     5.000    u_ibufds/I
    HPIOBDIFFINBUF_X0Y37 DIFFINBUF (Prop_DIFFINBUF_HPIOBDIFFINBUF_DIFF_IN_P_O)
                                                      0.672     5.672 r  u_ibufds/DIFFINBUF_INST/O
                         net (fo=1, estimated)        0.040     5.712    u_ibufds/OUT
    BC26                 IBUFCTRL (Prop_IBUFCTRL_HPIOB_M_I_O)
                                                      0.000     5.712 r  u_ibufds/IBUFCTRL_INST/O
                         net (fo=1, unplaced)         0.247     5.959    clk200_raw
                         BUFGCE (Prop_BUFGCE_I_O)     0.024     5.983 r  u_bufg200/O
                         net (fo=50791, unplaced)     2.439     8.422    clk200
                         FDRE                                         r  seen_candidate_toggle200_reg[51]/C
                         clock pessimism              0.154     8.577    <hidden>
                         clock uncertainty           -0.035     8.542    <hidden>
                         FDRE (Setup_FDRE_C_D)        0.025     8.567    seen_candidate_toggle200_reg[51]
  -------------------------------------------------------------------
                         required time                          8.567    <hidden>
                         arrival time                          -5.726    <hidden>
  -------------------------------------------------------------------
                         slack                                  2.841    <hidden>

Slack (MET) :             2.841ns  (required time - arrival time)
  Source:                 target200_reg[0]/C
                            (rising edge-triggered cell FDRE clocked by clk200  {rise@0.000ns fall@2.500ns period=5.000ns})
  Destination:            seen_candidate_toggle200_reg[52]/D
                            (rising edge-triggered cell FDRE clocked by clk200  {rise@0.000ns fall@2.500ns period=5.000ns})
  Path Group:             clk200
  Path Type:              Setup (Max at Slow Process Corner)
  Requirement:            5.000ns  (clk200 rise@5.000ns - clk200 rise@0.000ns)
  Data Path Delay:        2.004ns  (logic 0.870ns (43.413%)  route 1.134ns (56.587%))
  Logic Levels:           21  (CARRY8=16 LUT3=1 LUT4=1 LUT5=1 LUT6=2)
  Clock Path Skew:        -0.145ns (DCD - SCD + CPR)
    Destination Clock Delay (DCD):    3.422ns = ( 8.422 - 5.000 ) 
    Source Clock Delay      (SCD):    3.722ns
    Clock Pessimism Removal (CPR):    0.154ns
  Clock Uncertainty:      0.035ns  ((TSJ^2 + TIJ^2)^1/2 + DJ) / 2 + PE
    Total System Jitter     (TSJ):    0.071ns
    Total Input Jitter      (TIJ):    0.000ns
    Discrete Jitter          (DJ):    0.000ns
    Phase Error              (PE):    0.000ns

    Location             Delay type                Incr(ns)  Path(ns)    Netlist Resource(s)
  -------------------------------------------------------------------    -------------------
                         (clock clk200 rise edge)     0.000     0.000 r  <hidden>
    BC26                                              0.000     0.000 r  clk_p
                         net (fo=0)                   0.000     0.000    u_ibufds/I
    HPIOBDIFFINBUF_X0Y37 DIFFINBUF (Prop_DIFFINBUF_HPIOBDIFFINBUF_DIFF_IN_P_O)
                                                      0.784     0.784 r  u_ibufds/DIFFINBUF_INST/O
                         net (fo=1, estimated)        0.050     0.834    u_ibufds/OUT
    BC26                 IBUFCTRL (Prop_IBUFCTRL_HPIOB_M_I_O)
                                                      0.000     0.834 r  u_ibufds/IBUFCTRL_INST/O
                         net (fo=1, unplaced)         0.276     1.110    clk200_raw
                         BUFGCE (Prop_BUFGCE_I_O)     0.028     1.138 r  u_bufg200/O
                         net (fo=50791, unplaced)     2.584     3.722    clk200
                         FDRE                                         r  target200_reg[0]/C
  -------------------------------------------------------------------    -------------------
                         FDRE (Prop_FDRE_C_Q)         0.077     3.799 r  target200_reg[0]/Q
                         net (fo=3, unplaced)         0.098     3.897    job_bus200__0[608]
                         LUT4 (Prop_LUT4_I0_O)        0.139     4.036 r  found_nonce200[31]_i_270/O
                         net (fo=1, unplaced)         0.242     4.278    found_nonce200[31]_i_270_n_0
                         CARRY8 (Prop_CARRY8_DI[0]_CO[7])
                                                      0.140     4.418 r  found_nonce200_reg[31]_i_246/CO[7]
                         net (fo=1, unplaced)         0.005     4.423    found_nonce200_reg[31]_i_246_n_0
                         CARRY8 (Prop_CARRY8_CI_CO[7])
                                                      0.022     4.445 r  found_nonce200_reg[31]_i_229/CO[7]
                         net (fo=1, unplaced)         0.005     4.450    found_nonce200_reg[31]_i_229_n_0
                         CARRY8 (Prop_CARRY8_CI_CO[7])
                                                      0.022     4.472 r  found_nonce200_reg[31]_i_212/CO[7]
                         net (fo=1, unplaced)         0.005     4.477    found_nonce200_reg[31]_i_212_n_0
                         CARRY8 (Prop_CARRY8_CI_CO[7])
                                                      0.022     4.499 r  found_nonce200_reg[31]_i_195/CO[7]
                         net (fo=1, unplaced)         0.005     4.504    found_nonce200_reg[31]_i_195_n_0
                         CARRY8 (Prop_CARRY8_CI_CO[7])
                                                      0.022     4.526 r  found_nonce200_reg[31]_i_178/CO[7]
                         net (fo=1, unplaced)         0.005     4.531    found_nonce200_reg[31]_i_178_n_0
                         CARRY8 (Prop_CARRY8_CI_CO[7])
                                                      0.022     4.553 r  found_nonce200_reg[31]_i_161/CO[7]
                         net (fo=1, unplaced)         0.005     4.558    found_nonce200_reg[31]_i_161_n_0
                         CARRY8 (Prop_CARRY8_CI_CO[7])
                                                      0.022     4.580 r  found_nonce200_reg[31]_i_144/CO[7]
                         net (fo=1, unplaced)         0.005     4.585    found_nonce200_reg[31]_i_144_n_0
                         CARRY8 (Prop_CARRY8_CI_CO[7])
                                                      0.022     4.607 r  found_nonce200_reg[31]_i_127/CO[7]
                         net (fo=1, unplaced)         0.005     4.612    found_nonce200_reg[31]_i_127_n_0
                         CARRY8 (Prop_CARRY8_CI_CO[7])
                                                      0.022     4.634 r  found_nonce200_reg[31]_i_110/CO[7]
                         net (fo=1, unplaced)         0.005     4.639    found_nonce200_reg[31]_i_110_n_0
                         CARRY8 (Prop_CARRY8_CI_CO[7])
                                                      0.022     4.661 r  found_nonce200_reg[31]_i_93/CO[7]
                         net (fo=1, unplaced)         0.005     4.666    found_nonce200_reg[31]_i_93_n_0
                         CARRY8 (Prop_CARRY8_CI_CO[7])
                                                      0.022     4.688 r  found_nonce200_reg[31]_i_76/CO[7]
                         net (fo=1, unplaced)         0.005     4.693    found_nonce200_reg[31]_i_76_n_0
                         CARRY8 (Prop_CARRY8_CI_CO[7])
                                                      0.022     4.715 r  found_nonce200_reg[31]_i_59/CO[7]
                         net (fo=1, unplaced)         0.005     4.720    found_nonce200_reg[31]_i_59_n_0
                         CARRY8 (Prop_CARRY8_CI_CO[7])
                                                      0.022     4.742 r  found_nonce200_reg[31]_i_42/CO[7]
                         net (fo=1, unplaced)         0.005     4.747    found_nonce200_reg[31]_i_42_n_0
                         CARRY8 (Prop_CARRY8_CI_CO[7])
                                                      0.022     4.769 r  found_nonce200_reg[31]_i_25/CO[7]
                         net (fo=1, unplaced)         0.005     4.774    found_nonce200_reg[31]_i_25_n_0
                         CARRY8 (Prop_CARRY8_CI_CO[7])
                                                      0.022     4.796 r  found_nonce200_reg[31]_i_8/CO[7]
                         net (fo=1, unplaced)         0.005     4.801    found_nonce200_reg[31]_i_8_n_0
                         CARRY8 (Prop_CARRY8_CI_CO[7])
                                                      0.022     4.823 r  found_nonce200_reg[31]_i_7/CO[7]
                         net (fo=1, unplaced)         0.020     4.843    scan_pass2000158_in
                         LUT3 (Prop_LUT3_I2_O)        0.038     4.881 r  found_nonce200[31]_i_3/O
                         net (fo=3, unplaced)         0.191     5.072    found_nonce200[31]_i_3_n_0
                         LUT6 (Prop_LUT6_I4_O)        0.038     5.110 f  scan_index200[6]_i_1/O
                         net (fo=123, unplaced)       0.275     5.385    scan_index200[6]_i_1_n_0
                         LUT5 (Prop_LUT5_I4_O)        0.070     5.455 r  seen_candidate_toggle200[52]_i_2/O
                         net (fo=1, unplaced)         0.185     5.640    seen_candidate_toggle200[52]_i_2_n_0
                         LUT6 (Prop_LUT6_I2_O)        0.038     5.678 r  seen_candidate_toggle200[52]_i_1/O
                         net (fo=1, unplaced)         0.048     5.726    seen_candidate_toggle200[52]_i_1_n_0
                         FDRE                                         r  seen_candidate_toggle200_reg[52]/D
  -------------------------------------------------------------------    -------------------

                         (clock clk200 rise edge)     5.000     5.000 r  <hidden>
    BC26                                              0.000     5.000 r  clk_p
                         net (fo=0)                   0.000     5.000    u_ibufds/I
    HPIOBDIFFINBUF_X0Y37 DIFFINBUF (Prop_DIFFINBUF_HPIOBDIFFINBUF_DIFF_IN_P_O)
                                                      0.672     5.672 r  u_ibufds/DIFFINBUF_INST/O
                         net (fo=1, estimated)        0.040     5.712    u_ibufds/OUT
    BC26                 IBUFCTRL (Prop_IBUFCTRL_HPIOB_M_I_O)
                                                      0.000     5.712 r  u_ibufds/IBUFCTRL_INST/O
                         net (fo=1, unplaced)         0.247     5.959    clk200_raw
                         BUFGCE (Prop_BUFGCE_I_O)     0.024     5.983 r  u_bufg200/O
                         net (fo=50791, unplaced)     2.439     8.422    clk200
                         FDRE                                         r  seen_candidate_toggle200_reg[52]/C
                         clock pessimism              0.154     8.577    <hidden>
                         clock uncertainty           -0.035     8.542    <hidden>
                         FDRE (Setup_FDRE_C_D)        0.025     8.567    seen_candidate_toggle200_reg[52]
  -------------------------------------------------------------------
                         required time                          8.567    <hidden>
                         arrival time                          -5.726    <hidden>
  -------------------------------------------------------------------
                         slack                                  2.841    <hidden>

Slack (MET) :             2.841ns  (required time - arrival time)
  Source:                 target200_reg[0]/C
                            (rising edge-triggered cell FDRE clocked by clk200  {rise@0.000ns fall@2.500ns period=5.000ns})
  Destination:            seen_candidate_toggle200_reg[55]/D
                            (rising edge-triggered cell FDRE clocked by clk200  {rise@0.000ns fall@2.500ns period=5.000ns})
  Path Group:             clk200
  Path Type:              Setup (Max at Slow Process Corner)
  Requirement:            5.000ns  (clk200 rise@5.000ns - clk200 rise@0.000ns)
  Data Path Delay:        2.004ns  (logic 0.870ns (43.413%)  route 1.134ns (56.587%))
  Logic Levels:           21  (CARRY8=16 LUT3=1 LUT4=1 LUT5=1 LUT6=2)
  Clock Path Skew:        -0.145ns (DCD - SCD + CPR)
    Destination Clock Delay (DCD):    3.422ns = ( 8.422 - 5.000 ) 
    Source Clock Delay      (SCD):    3.722ns
    Clock Pessimism Removal (CPR):    0.154ns
  Clock Uncertainty:      0.035ns  ((TSJ^2 + TIJ^2)^1/2 + DJ) / 2 + PE
    Total System Jitter     (TSJ):    0.071ns
    Total Input Jitter      (TIJ):    0.000ns
    Discrete Jitter          (DJ):    0.000ns
    Phase Error              (PE):    0.000ns

    Location             Delay type                Incr(ns)  Path(ns)    Netlist Resource(s)
  -------------------------------------------------------------------    -------------------
                         (clock clk200 rise edge)     0.000     0.000 r  <hidden>
    BC26                                              0.000     0.000 r  clk_p
                         net (fo=0)                   0.000     0.000    u_ibufds/I
    HPIOBDIFFINBUF_X0Y37 DIFFINBUF (Prop_DIFFINBUF_HPIOBDIFFINBUF_DIFF_IN_P_O)
                                                      0.784     0.784 r  u_ibufds/DIFFINBUF_INST/O
                         net (fo=1, estimated)        0.050     0.834    u_ibufds/OUT
    BC26                 IBUFCTRL (Prop_IBUFCTRL_HPIOB_M_I_O)
                                                      0.000     0.834 r  u_ibufds/IBUFCTRL_INST/O
                         net (fo=1, unplaced)         0.276     1.110    clk200_raw
                         BUFGCE (Prop_BUFGCE_I_O)     0.028     1.138 r  u_bufg200/O
                         net (fo=50791, unplaced)     2.584     3.722    clk200
                         FDRE                                         r  target200_reg[0]/C
  -------------------------------------------------------------------    -------------------
                         FDRE (Prop_FDRE_C_Q)         0.077     3.799 r  target200_reg[0]/Q
                         net (fo=3, unplaced)         0.098     3.897    job_bus200__0[608]
                         LUT4 (Prop_LUT4_I0_O)        0.139     4.036 r  found_nonce200[31]_i_270/O
                         net (fo=1, unplaced)         0.242     4.278    found_nonce200[31]_i_270_n_0
                         CARRY8 (Prop_CARRY8_DI[0]_CO[7])
                                                      0.140     4.418 r  found_nonce200_reg[31]_i_246/CO[7]
                         net (fo=1, unplaced)         0.005     4.423    found_nonce200_reg[31]_i_246_n_0
                         CARRY8 (Prop_CARRY8_CI_CO[7])
                                                      0.022     4.445 r  found_nonce200_reg[31]_i_229/CO[7]
                         net (fo=1, unplaced)         0.005     4.450    found_nonce200_reg[31]_i_229_n_0
                         CARRY8 (Prop_CARRY8_CI_CO[7])
                                                      0.022     4.472 r  found_nonce200_reg[31]_i_212/CO[7]
                         net (fo=1, unplaced)         0.005     4.477    found_nonce200_reg[31]_i_212_n_0
                         CARRY8 (Prop_CARRY8_CI_CO[7])
                                                      0.022     4.499 r  found_nonce200_reg[31]_i_195/CO[7]
                         net (fo=1, unplaced)         0.005     4.504    found_nonce200_reg[31]_i_195_n_0
                         CARRY8 (Prop_CARRY8_CI_CO[7])
                                                      0.022     4.526 r  found_nonce200_reg[31]_i_178/CO[7]
                         net (fo=1, unplaced)         0.005     4.531    found_nonce200_reg[31]_i_178_n_0
                         CARRY8 (Prop_CARRY8_CI_CO[7])
                                                      0.022     4.553 r  found_nonce200_reg[31]_i_161/CO[7]
                         net (fo=1, unplaced)         0.005     4.558    found_nonce200_reg[31]_i_161_n_0
                         CARRY8 (Prop_CARRY8_CI_CO[7])
                                                      0.022     4.580 r  found_nonce200_reg[31]_i_144/CO[7]
                         net (fo=1, unplaced)         0.005     4.585    found_nonce200_reg[31]_i_144_n_0
                         CARRY8 (Prop_CARRY8_CI_CO[7])
                                                      0.022     4.607 r  found_nonce200_reg[31]_i_127/CO[7]
                         net (fo=1, unplaced)         0.005     4.612    found_nonce200_reg[31]_i_127_n_0
                         CARRY8 (Prop_CARRY8_CI_CO[7])
                                                      0.022     4.634 r  found_nonce200_reg[31]_i_110/CO[7]
                         net (fo=1, unplaced)         0.005     4.639    found_nonce200_reg[31]_i_110_n_0
                         CARRY8 (Prop_CARRY8_CI_CO[7])
                                                      0.022     4.661 r  found_nonce200_reg[31]_i_93/CO[7]
                         net (fo=1, unplaced)         0.005     4.666    found_nonce200_reg[31]_i_93_n_0
                         CARRY8 (Prop_CARRY8_CI_CO[7])
                                                      0.022     4.688 r  found_nonce200_reg[31]_i_76/CO[7]
                         net (fo=1, unplaced)         0.005     4.693    found_nonce200_reg[31]_i_76_n_0
                         CARRY8 (Prop_CARRY8_CI_CO[7])
                                                      0.022     4.715 r  found_nonce200_reg[31]_i_59/CO[7]
                         net (fo=1, unplaced)         0.005     4.720    found_nonce200_reg[31]_i_59_n_0
                         CARRY8 (Prop_CARRY8_CI_CO[7])
                                                      0.022     4.742 r  found_nonce200_reg[31]_i_42/CO[7]
                         net (fo=1, unplaced)         0.005     4.747    found_nonce200_reg[31]_i_42_n_0
                         CARRY8 (Prop_CARRY8_CI_CO[7])
                                                      0.022     4.769 r  found_nonce200_reg[31]_i_25/CO[7]
                         net (fo=1, unplaced)         0.005     4.774    found_nonce200_reg[31]_i_25_n_0
                         CARRY8 (Prop_CARRY8_CI_CO[7])
                                                      0.022     4.796 r  found_nonce200_reg[31]_i_8/CO[7]
                         net (fo=1, unplaced)         0.005     4.801    found_nonce200_reg[31]_i_8_n_0
                         CARRY8 (Prop_CARRY8_CI_CO[7])
                                                      0.022     4.823 r  found_nonce200_reg[31]_i_7/CO[7]
                         net (fo=1, unplaced)         0.020     4.843    scan_pass2000158_in
                         LUT3 (Prop_LUT3_I2_O)        0.038     4.881 r  found_nonce200[31]_i_3/O
                         net (fo=3, unplaced)         0.191     5.072    found_nonce200[31]_i_3_n_0
                         LUT6 (Prop_LUT6_I4_O)        0.038     5.110 f  scan_index200[6]_i_1/O
                         net (fo=123, unplaced)       0.275     5.385    scan_index200[6]_i_1_n_0
                         LUT5 (Prop_LUT5_I4_O)        0.070     5.455 r  seen_candidate_toggle200[55]_i_2/O
                         net (fo=1, unplaced)         0.185     5.640    seen_candidate_toggle200[55]_i_2_n_0
                         LUT6 (Prop_LUT6_I2_O)        0.038     5.678 r  seen_candidate_toggle200[55]_i_1/O
                         net (fo=1, unplaced)         0.048     5.726    seen_candidate_toggle200[55]_i_1_n_0
                         FDRE                                         r  seen_candidate_toggle200_reg[55]/D
  -------------------------------------------------------------------    -------------------

                         (clock clk200 rise edge)     5.000     5.000 r  <hidden>
    BC26                                              0.000     5.000 r  clk_p
                         net (fo=0)                   0.000     5.000    u_ibufds/I
    HPIOBDIFFINBUF_X0Y37 DIFFINBUF (Prop_DIFFINBUF_HPIOBDIFFINBUF_DIFF_IN_P_O)
                                                      0.672     5.672 r  u_ibufds/DIFFINBUF_INST/O
                         net (fo=1, estimated)        0.040     5.712    u_ibufds/OUT
    BC26                 IBUFCTRL (Prop_IBUFCTRL_HPIOB_M_I_O)
                                                      0.000     5.712 r  u_ibufds/IBUFCTRL_INST/O
                         net (fo=1, unplaced)         0.247     5.959    clk200_raw
                         BUFGCE (Prop_BUFGCE_I_O)     0.024     5.983 r  u_bufg200/O
                         net (fo=50791, unplaced)     2.439     8.422    clk200
                         FDRE                                         r  seen_candidate_toggle200_reg[55]/C
                         clock pessimism              0.154     8.577    <hidden>
                         clock uncertainty           -0.035     8.542    <hidden>
                         FDRE (Setup_FDRE_C_D)        0.025     8.567    seen_candidate_toggle200_reg[55]
  -------------------------------------------------------------------
                         required time                          8.567    <hidden>
                         arrival time                          -5.726    <hidden>
  -------------------------------------------------------------------
                         slack                                  2.841    <hidden>

Slack (MET) :             2.841ns  (required time - arrival time)
  Source:                 target200_reg[0]/C
                            (rising edge-triggered cell FDRE clocked by clk200  {rise@0.000ns fall@2.500ns period=5.000ns})
  Destination:            seen_candidate_toggle200_reg[58]/D
                            (rising edge-triggered cell FDRE clocked by clk200  {rise@0.000ns fall@2.500ns period=5.000ns})
  Path Group:             clk200
  Path Type:              Setup (Max at Slow Process Corner)
  Requirement:            5.000ns  (clk200 rise@5.000ns - clk200 rise@0.000ns)
  Data Path Delay:        2.004ns  (logic 0.870ns (43.413%)  route 1.134ns (56.587%))
  Logic Levels:           21  (CARRY8=16 LUT3=1 LUT4=1 LUT5=1 LUT6=2)
  Clock Path Skew:        -0.145ns (DCD - SCD + CPR)
    Destination Clock Delay (DCD):    3.422ns = ( 8.422 - 5.000 ) 
    Source Clock Delay      (SCD):    3.722ns
    Clock Pessimism Removal (CPR):    0.154ns
  Clock Uncertainty:      0.035ns  ((TSJ^2 + TIJ^2)^1/2 + DJ) / 2 + PE
    Total System Jitter     (TSJ):    0.071ns
    Total Input Jitter      (TIJ):    0.000ns
    Discrete Jitter          (DJ):    0.000ns
    Phase Error              (PE):    0.000ns

    Location             Delay type                Incr(ns)  Path(ns)    Netlist Resource(s)
  -------------------------------------------------------------------    -------------------
                         (clock clk200 rise edge)     0.000     0.000 r  <hidden>
    BC26                                              0.000     0.000 r  clk_p
                         net (fo=0)                   0.000     0.000    u_ibufds/I
    HPIOBDIFFINBUF_X0Y37 DIFFINBUF (Prop_DIFFINBUF_HPIOBDIFFINBUF_DIFF_IN_P_O)
                                                      0.784     0.784 r  u_ibufds/DIFFINBUF_INST/O
                         net (fo=1, estimated)        0.050     0.834    u_ibufds/OUT
    BC26                 IBUFCTRL (Prop_IBUFCTRL_HPIOB_M_I_O)
                                                      0.000     0.834 r  u_ibufds/IBUFCTRL_INST/O
                         net (fo=1, unplaced)         0.276     1.110    clk200_raw
                         BUFGCE (Prop_BUFGCE_I_O)     0.028     1.138 r  u_bufg200/O
                         net (fo=50791, unplaced)     2.584     3.722    clk200
                         FDRE                                         r  target200_reg[0]/C
  -------------------------------------------------------------------    -------------------
                         FDRE (Prop_FDRE_C_Q)         0.077     3.799 r  target200_reg[0]/Q
                         net (fo=3, unplaced)         0.098     3.897    job_bus200__0[608]
                         LUT4 (Prop_LUT4_I0_O)        0.139     4.036 r  found_nonce200[31]_i_270/O
                         net (fo=1, unplaced)         0.242     4.278    found_nonce200[31]_i_270_n_0
                         CARRY8 (Prop_CARRY8_DI[0]_CO[7])
                                                      0.140     4.418 r  found_nonce200_reg[31]_i_246/CO[7]
                         net (fo=1, unplaced)         0.005     4.423    found_nonce200_reg[31]_i_246_n_0
                         CARRY8 (Prop_CARRY8_CI_CO[7])
                                                      0.022     4.445 r  found_nonce200_reg[31]_i_229/CO[7]
                         net (fo=1, unplaced)         0.005     4.450    found_nonce200_reg[31]_i_229_n_0
                         CARRY8 (Prop_CARRY8_CI_CO[7])
                                                      0.022     4.472 r  found_nonce200_reg[31]_i_212/CO[7]
                         net (fo=1, unplaced)         0.005     4.477    found_nonce200_reg[31]_i_212_n_0
                         CARRY8 (Prop_CARRY8_CI_CO[7])
                                                      0.022     4.499 r  found_nonce200_reg[31]_i_195/CO[7]
                         net (fo=1, unplaced)         0.005     4.504    found_nonce200_reg[31]_i_195_n_0
                         CARRY8 (Prop_CARRY8_CI_CO[7])
                                                      0.022     4.526 r  found_nonce200_reg[31]_i_178/CO[7]
                         net (fo=1, unplaced)         0.005     4.531    found_nonce200_reg[31]_i_178_n_0
                         CARRY8 (Prop_CARRY8_CI_CO[7])
                                                      0.022     4.553 r  found_nonce200_reg[31]_i_161/CO[7]
                         net (fo=1, unplaced)         0.005     4.558    found_nonce200_reg[31]_i_161_n_0
                         CARRY8 (Prop_CARRY8_CI_CO[7])
                                                      0.022     4.580 r  found_nonce200_reg[31]_i_144/CO[7]
                         net (fo=1, unplaced)         0.005     4.585    found_nonce200_reg[31]_i_144_n_0
                         CARRY8 (Prop_CARRY8_CI_CO[7])
                                                      0.022     4.607 r  found_nonce200_reg[31]_i_127/CO[7]
                         net (fo=1, unplaced)         0.005     4.612    found_nonce200_reg[31]_i_127_n_0
                         CARRY8 (Prop_CARRY8_CI_CO[7])
                                                      0.022     4.634 r  found_nonce200_reg[31]_i_110/CO[7]
                         net (fo=1, unplaced)         0.005     4.639    found_nonce200_reg[31]_i_110_n_0
                         CARRY8 (Prop_CARRY8_CI_CO[7])
                                                      0.022     4.661 r  found_nonce200_reg[31]_i_93/CO[7]
                         net (fo=1, unplaced)         0.005     4.666    found_nonce200_reg[31]_i_93_n_0
                         CARRY8 (Prop_CARRY8_CI_CO[7])
                                                      0.022     4.688 r  found_nonce200_reg[31]_i_76/CO[7]
                         net (fo=1, unplaced)         0.005     4.693    found_nonce200_reg[31]_i_76_n_0
                         CARRY8 (Prop_CARRY8_CI_CO[7])
                                                      0.022     4.715 r  found_nonce200_reg[31]_i_59/CO[7]
                         net (fo=1, unplaced)         0.005     4.720    found_nonce200_reg[31]_i_59_n_0
                         CARRY8 (Prop_CARRY8_CI_CO[7])
                                                      0.022     4.742 r  found_nonce200_reg[31]_i_42/CO[7]
                         net (fo=1, unplaced)         0.005     4.747    found_nonce200_reg[31]_i_42_n_0
                         CARRY8 (Prop_CARRY8_CI_CO[7])
                                                      0.022     4.769 r  found_nonce200_reg[31]_i_25/CO[7]
                         net (fo=1, unplaced)         0.005     4.774    found_nonce200_reg[31]_i_25_n_0
                         CARRY8 (Prop_CARRY8_CI_CO[7])
                                                      0.022     4.796 r  found_nonce200_reg[31]_i_8/CO[7]
                         net (fo=1, unplaced)         0.005     4.801    found_nonce200_reg[31]_i_8_n_0
                         CARRY8 (Prop_CARRY8_CI_CO[7])
                                                      0.022     4.823 r  found_nonce200_reg[31]_i_7/CO[7]
                         net (fo=1, unplaced)         0.020     4.843    scan_pass2000158_in
                         LUT3 (Prop_LUT3_I2_O)        0.038     4.881 r  found_nonce200[31]_i_3/O
                         net (fo=3, unplaced)         0.191     5.072    found_nonce200[31]_i_3_n_0
                         LUT6 (Prop_LUT6_I4_O)        0.038     5.110 f  scan_index200[6]_i_1/O
                         net (fo=123, unplaced)       0.275     5.385    scan_index200[6]_i_1_n_0
                         LUT5 (Prop_LUT5_I4_O)        0.070     5.455 r  seen_candidate_toggle200[58]_i_2/O
                         net (fo=1, unplaced)         0.185     5.640    seen_candidate_toggle200[58]_i_2_n_0
                         LUT6 (Prop_LUT6_I2_O)        0.038     5.678 r  seen_candidate_toggle200[58]_i_1/O
                         net (fo=1, unplaced)         0.048     5.726    seen_candidate_toggle200[58]_i_1_n_0
                         FDRE                                         r  seen_candidate_toggle200_reg[58]/D
  -------------------------------------------------------------------    -------------------

                         (clock clk200 rise edge)     5.000     5.000 r  <hidden>
    BC26                                              0.000     5.000 r  clk_p
                         net (fo=0)                   0.000     5.000    u_ibufds/I
    HPIOBDIFFINBUF_X0Y37 DIFFINBUF (Prop_DIFFINBUF_HPIOBDIFFINBUF_DIFF_IN_P_O)
                                                      0.672     5.672 r  u_ibufds/DIFFINBUF_INST/O
                         net (fo=1, estimated)        0.040     5.712    u_ibufds/OUT
    BC26                 IBUFCTRL (Prop_IBUFCTRL_HPIOB_M_I_O)
                                                      0.000     5.712 r  u_ibufds/IBUFCTRL_INST/O
                         net (fo=1, unplaced)         0.247     5.959    clk200_raw
                         BUFGCE (Prop_BUFGCE_I_O)     0.024     5.983 r  u_bufg200/O
                         net (fo=50791, unplaced)     2.439     8.422    clk200
                         FDRE                                         r  seen_candidate_toggle200_reg[58]/C
                         clock pessimism              0.154     8.577    <hidden>
                         clock uncertainty           -0.035     8.542    <hidden>
                         FDRE (Setup_FDRE_C_D)        0.025     8.567    seen_candidate_toggle200_reg[58]
  -------------------------------------------------------------------
                         required time                          8.567    <hidden>
                         arrival time                          -5.726    <hidden>
  -------------------------------------------------------------------
                         slack                                  2.841    <hidden>

Slack (MET) :             2.841ns  (required time - arrival time)
  Source:                 target200_reg[0]/C
                            (rising edge-triggered cell FDRE clocked by clk200  {rise@0.000ns fall@2.500ns period=5.000ns})
  Destination:            seen_candidate_toggle200_reg[59]/D
                            (rising edge-triggered cell FDRE clocked by clk200  {rise@0.000ns fall@2.500ns period=5.000ns})
  Path Group:             clk200
  Path Type:              Setup (Max at Slow Process Corner)
  Requirement:            5.000ns  (clk200 rise@5.000ns - clk200 rise@0.000ns)
  Data Path Delay:        2.004ns  (logic 0.870ns (43.413%)  route 1.134ns (56.587%))
  Logic Levels:           21  (CARRY8=16 LUT3=1 LUT4=1 LUT5=1 LUT6=2)
  Clock Path Skew:        -0.145ns (DCD - SCD + CPR)
    Destination Clock Delay (DCD):    3.422ns = ( 8.422 - 5.000 ) 
    Source Clock Delay      (SCD):    3.722ns
    Clock Pessimism Removal (CPR):    0.154ns
  Clock Uncertainty:      0.035ns  ((TSJ^2 + TIJ^2)^1/2 + DJ) / 2 + PE
    Total System Jitter     (TSJ):    0.071ns
    Total Input Jitter      (TIJ):    0.000ns
    Discrete Jitter          (DJ):    0.000ns
    Phase Error              (PE):    0.000ns

    Location             Delay type                Incr(ns)  Path(ns)    Netlist Resource(s)
  -------------------------------------------------------------------    -------------------
                         (clock clk200 rise edge)     0.000     0.000 r  <hidden>
    BC26                                              0.000     0.000 r  clk_p
                         net (fo=0)                   0.000     0.000    u_ibufds/I
    HPIOBDIFFINBUF_X0Y37 DIFFINBUF (Prop_DIFFINBUF_HPIOBDIFFINBUF_DIFF_IN_P_O)
                                                      0.784     0.784 r  u_ibufds/DIFFINBUF_INST/O
                         net (fo=1, estimated)        0.050     0.834    u_ibufds/OUT
    BC26                 IBUFCTRL (Prop_IBUFCTRL_HPIOB_M_I_O)
                                                      0.000     0.834 r  u_ibufds/IBUFCTRL_INST/O
                         net (fo=1, unplaced)         0.276     1.110    clk200_raw
                         BUFGCE (Prop_BUFGCE_I_O)     0.028     1.138 r  u_bufg200/O
                         net (fo=50791, unplaced)     2.584     3.722    clk200
                         FDRE                                         r  target200_reg[0]/C
  -------------------------------------------------------------------    -------------------
                         FDRE (Prop_FDRE_C_Q)         0.077     3.799 r  target200_reg[0]/Q
                         net (fo=3, unplaced)         0.098     3.897    job_bus200__0[608]
                         LUT4 (Prop_LUT4_I0_O)        0.139     4.036 r  found_nonce200[31]_i_270/O
                         net (fo=1, unplaced)         0.242     4.278    found_nonce200[31]_i_270_n_0
                         CARRY8 (Prop_CARRY8_DI[0]_CO[7])
                                                      0.140     4.418 r  found_nonce200_reg[31]_i_246/CO[7]
                         net (fo=1, unplaced)         0.005     4.423    found_nonce200_reg[31]_i_246_n_0
                         CARRY8 (Prop_CARRY8_CI_CO[7])
                                                      0.022     4.445 r  found_nonce200_reg[31]_i_229/CO[7]
                         net (fo=1, unplaced)         0.005     4.450    found_nonce200_reg[31]_i_229_n_0
                         CARRY8 (Prop_CARRY8_CI_CO[7])
                                                      0.022     4.472 r  found_nonce200_reg[31]_i_212/CO[7]
                         net (fo=1, unplaced)         0.005     4.477    found_nonce200_reg[31]_i_212_n_0
                         CARRY8 (Prop_CARRY8_CI_CO[7])
                                                      0.022     4.499 r  found_nonce200_reg[31]_i_195/CO[7]
                         net (fo=1, unplaced)         0.005     4.504    found_nonce200_reg[31]_i_195_n_0
                         CARRY8 (Prop_CARRY8_CI_CO[7])
                                                      0.022     4.526 r  found_nonce200_reg[31]_i_178/CO[7]
                         net (fo=1, unplaced)         0.005     4.531    found_nonce200_reg[31]_i_178_n_0
                         CARRY8 (Prop_CARRY8_CI_CO[7])
                                                      0.022     4.553 r  found_nonce200_reg[31]_i_161/CO[7]
                         net (fo=1, unplaced)         0.005     4.558    found_nonce200_reg[31]_i_161_n_0
                         CARRY8 (Prop_CARRY8_CI_CO[7])
                                                      0.022     4.580 r  found_nonce200_reg[31]_i_144/CO[7]
                         net (fo=1, unplaced)         0.005     4.585    found_nonce200_reg[31]_i_144_n_0
                         CARRY8 (Prop_CARRY8_CI_CO[7])
                                                      0.022     4.607 r  found_nonce200_reg[31]_i_127/CO[7]
                         net (fo=1, unplaced)         0.005     4.612    found_nonce200_reg[31]_i_127_n_0
                         CARRY8 (Prop_CARRY8_CI_CO[7])
                                                      0.022     4.634 r  found_nonce200_reg[31]_i_110/CO[7]
                         net (fo=1, unplaced)         0.005     4.639    found_nonce200_reg[31]_i_110_n_0
                         CARRY8 (Prop_CARRY8_CI_CO[7])
                                                      0.022     4.661 r  found_nonce200_reg[31]_i_93/CO[7]
                         net (fo=1, unplaced)         0.005     4.666    found_nonce200_reg[31]_i_93_n_0
                         CARRY8 (Prop_CARRY8_CI_CO[7])
                                                      0.022     4.688 r  found_nonce200_reg[31]_i_76/CO[7]
                         net (fo=1, unplaced)         0.005     4.693    found_nonce200_reg[31]_i_76_n_0
                         CARRY8 (Prop_CARRY8_CI_CO[7])
                                                      0.022     4.715 r  found_nonce200_reg[31]_i_59/CO[7]
                         net (fo=1, unplaced)         0.005     4.720    found_nonce200_reg[31]_i_59_n_0
                         CARRY8 (Prop_CARRY8_CI_CO[7])
                                                      0.022     4.742 r  found_nonce200_reg[31]_i_42/CO[7]
                         net (fo=1, unplaced)         0.005     4.747    found_nonce200_reg[31]_i_42_n_0
                         CARRY8 (Prop_CARRY8_CI_CO[7])
                                                      0.022     4.769 r  found_nonce200_reg[31]_i_25/CO[7]
                         net (fo=1, unplaced)         0.005     4.774    found_nonce200_reg[31]_i_25_n_0
                         CARRY8 (Prop_CARRY8_CI_CO[7])
                                                      0.022     4.796 r  found_nonce200_reg[31]_i_8/CO[7]
                         net (fo=1, unplaced)         0.005     4.801    found_nonce200_reg[31]_i_8_n_0
                         CARRY8 (Prop_CARRY8_CI_CO[7])
                                                      0.022     4.823 r  found_nonce200_reg[31]_i_7/CO[7]
                         net (fo=1, unplaced)         0.020     4.843    scan_pass2000158_in
                         LUT3 (Prop_LUT3_I2_O)        0.038     4.881 r  found_nonce200[31]_i_3/O
                         net (fo=3, unplaced)         0.191     5.072    found_nonce200[31]_i_3_n_0
                         LUT6 (Prop_LUT6_I4_O)        0.038     5.110 f  scan_index200[6]_i_1/O
                         net (fo=123, unplaced)       0.275     5.385    scan_index200[6]_i_1_n_0
                         LUT5 (Prop_LUT5_I4_O)        0.070     5.455 r  seen_candidate_toggle200[59]_i_2/O
                         net (fo=1, unplaced)         0.185     5.640    seen_candidate_toggle200[59]_i_2_n_0
                         LUT6 (Prop_LUT6_I2_O)        0.038     5.678 r  seen_candidate_toggle200[59]_i_1/O
                         net (fo=1, unplaced)         0.048     5.726    seen_candidate_toggle200[59]_i_1_n_0
                         FDRE                                         r  seen_candidate_toggle200_reg[59]/D
  -------------------------------------------------------------------    -------------------

                         (clock clk200 rise edge)     5.000     5.000 r  <hidden>
    BC26                                              0.000     5.000 r  clk_p
                         net (fo=0)                   0.000     5.000    u_ibufds/I
    HPIOBDIFFINBUF_X0Y37 DIFFINBUF (Prop_DIFFINBUF_HPIOBDIFFINBUF_DIFF_IN_P_O)
                                                      0.672     5.672 r  u_ibufds/DIFFINBUF_INST/O
                         net (fo=1, estimated)        0.040     5.712    u_ibufds/OUT
    BC26                 IBUFCTRL (Prop_IBUFCTRL_HPIOB_M_I_O)
                                                      0.000     5.712 r  u_ibufds/IBUFCTRL_INST/O
                         net (fo=1, unplaced)         0.247     5.959    clk200_raw
                         BUFGCE (Prop_BUFGCE_I_O)     0.024     5.983 r  u_bufg200/O
                         net (fo=50791, unplaced)     2.439     8.422    clk200
                         FDRE                                         r  seen_candidate_toggle200_reg[59]/C
                         clock pessimism              0.154     8.577    <hidden>
                         clock uncertainty           -0.035     8.542    <hidden>
                         FDRE (Setup_FDRE_C_D)        0.025     8.567    seen_candidate_toggle200_reg[59]
  -------------------------------------------------------------------
                         required time                          8.567    <hidden>
                         arrival time                          -5.726    <hidden>
  -------------------------------------------------------------------
                         slack                                  2.841    <hidden>

Slack (MET) :             2.841ns  (required time - arrival time)
  Source:                 target200_reg[0]/C
                            (rising edge-triggered cell FDRE clocked by clk200  {rise@0.000ns fall@2.500ns period=5.000ns})
  Destination:            seen_candidate_toggle200_reg[5]/D
                            (rising edge-triggered cell FDRE clocked by clk200  {rise@0.000ns fall@2.500ns period=5.000ns})
  Path Group:             clk200
  Path Type:              Setup (Max at Slow Process Corner)
  Requirement:            5.000ns  (clk200 rise@5.000ns - clk200 rise@0.000ns)
  Data Path Delay:        2.004ns  (logic 0.870ns (43.413%)  route 1.134ns (56.587%))
  Logic Levels:           21  (CARRY8=16 LUT3=1 LUT4=1 LUT5=1 LUT6=2)
  Clock Path Skew:        -0.145ns (DCD - SCD + CPR)
    Destination Clock Delay (DCD):    3.422ns = ( 8.422 - 5.000 ) 
    Source Clock Delay      (SCD):    3.722ns
    Clock Pessimism Removal (CPR):    0.154ns
  Clock Uncertainty:      0.035ns  ((TSJ^2 + TIJ^2)^1/2 + DJ) / 2 + PE
    Total System Jitter     (TSJ):    0.071ns
    Total Input Jitter      (TIJ):    0.000ns
    Discrete Jitter          (DJ):    0.000ns
    Phase Error              (PE):    0.000ns

    Location             Delay type                Incr(ns)  Path(ns)    Netlist Resource(s)
  -------------------------------------------------------------------    -------------------
                         (clock clk200 rise edge)     0.000     0.000 r  <hidden>
    BC26                                              0.000     0.000 r  clk_p
                         net (fo=0)                   0.000     0.000    u_ibufds/I
    HPIOBDIFFINBUF_X0Y37 DIFFINBUF (Prop_DIFFINBUF_HPIOBDIFFINBUF_DIFF_IN_P_O)
                                                      0.784     0.784 r  u_ibufds/DIFFINBUF_INST/O
                         net (fo=1, estimated)        0.050     0.834    u_ibufds/OUT
    BC26                 IBUFCTRL (Prop_IBUFCTRL_HPIOB_M_I_O)
                                                      0.000     0.834 r  u_ibufds/IBUFCTRL_INST/O
                         net (fo=1, unplaced)         0.276     1.110    clk200_raw
                         BUFGCE (Prop_BUFGCE_I_O)     0.028     1.138 r  u_bufg200/O
                         net (fo=50791, unplaced)     2.584     3.722    clk200
                         FDRE                                         r  target200_reg[0]/C
  -------------------------------------------------------------------    -------------------
                         FDRE (Prop_FDRE_C_Q)         0.077     3.799 r  target200_reg[0]/Q
                         net (fo=3, unplaced)         0.098     3.897    job_bus200__0[608]
                         LUT4 (Prop_LUT4_I0_O)        0.139     4.036 r  found_nonce200[31]_i_270/O
                         net (fo=1, unplaced)         0.242     4.278    found_nonce200[31]_i_270_n_0
                         CARRY8 (Prop_CARRY8_DI[0]_CO[7])
                                                      0.140     4.418 r  found_nonce200_reg[31]_i_246/CO[7]
                         net (fo=1, unplaced)         0.005     4.423    found_nonce200_reg[31]_i_246_n_0
                         CARRY8 (Prop_CARRY8_CI_CO[7])
                                                      0.022     4.445 r  found_nonce200_reg[31]_i_229/CO[7]
                         net (fo=1, unplaced)         0.005     4.450    found_nonce200_reg[31]_i_229_n_0
                         CARRY8 (Prop_CARRY8_CI_CO[7])
                                                      0.022     4.472 r  found_nonce200_reg[31]_i_212/CO[7]
                         net (fo=1, unplaced)         0.005     4.477    found_nonce200_reg[31]_i_212_n_0
                         CARRY8 (Prop_CARRY8_CI_CO[7])
                                                      0.022     4.499 r  found_nonce200_reg[31]_i_195/CO[7]
                         net (fo=1, unplaced)         0.005     4.504    found_nonce200_reg[31]_i_195_n_0
                         CARRY8 (Prop_CARRY8_CI_CO[7])
                                                      0.022     4.526 r  found_nonce200_reg[31]_i_178/CO[7]
                         net (fo=1, unplaced)         0.005     4.531    found_nonce200_reg[31]_i_178_n_0
                         CARRY8 (Prop_CARRY8_CI_CO[7])
                                                      0.022     4.553 r  found_nonce200_reg[31]_i_161/CO[7]
                         net (fo=1, unplaced)         0.005     4.558    found_nonce200_reg[31]_i_161_n_0
                         CARRY8 (Prop_CARRY8_CI_CO[7])
                                                      0.022     4.580 r  found_nonce200_reg[31]_i_144/CO[7]
                         net (fo=1, unplaced)         0.005     4.585    found_nonce200_reg[31]_i_144_n_0
                         CARRY8 (Prop_CARRY8_CI_CO[7])
                                                      0.022     4.607 r  found_nonce200_reg[31]_i_127/CO[7]
                         net (fo=1, unplaced)         0.005     4.612    found_nonce200_reg[31]_i_127_n_0
                         CARRY8 (Prop_CARRY8_CI_CO[7])
                                                      0.022     4.634 r  found_nonce200_reg[31]_i_110/CO[7]
                         net (fo=1, unplaced)         0.005     4.639    found_nonce200_reg[31]_i_110_n_0
                         CARRY8 (Prop_CARRY8_CI_CO[7])
                                                      0.022     4.661 r  found_nonce200_reg[31]_i_93/CO[7]
                         net (fo=1, unplaced)         0.005     4.666    found_nonce200_reg[31]_i_93_n_0
                         CARRY8 (Prop_CARRY8_CI_CO[7])
                                                      0.022     4.688 r  found_nonce200_reg[31]_i_76/CO[7]
                         net (fo=1, unplaced)         0.005     4.693    found_nonce200_reg[31]_i_76_n_0
                         CARRY8 (Prop_CARRY8_CI_CO[7])
                                                      0.022     4.715 r  found_nonce200_reg[31]_i_59/CO[7]
                         net (fo=1, unplaced)         0.005     4.720    found_nonce200_reg[31]_i_59_n_0
                         CARRY8 (Prop_CARRY8_CI_CO[7])
                                                      0.022     4.742 r  found_nonce200_reg[31]_i_42/CO[7]
                         net (fo=1, unplaced)         0.005     4.747    found_nonce200_reg[31]_i_42_n_0
                         CARRY8 (Prop_CARRY8_CI_CO[7])
                                                      0.022     4.769 r  found_nonce200_reg[31]_i_25/CO[7]
                         net (fo=1, unplaced)         0.005     4.774    found_nonce200_reg[31]_i_25_n_0
                         CARRY8 (Prop_CARRY8_CI_CO[7])
                                                      0.022     4.796 r  found_nonce200_reg[31]_i_8/CO[7]
                         net (fo=1, unplaced)         0.005     4.801    found_nonce200_reg[31]_i_8_n_0
                         CARRY8 (Prop_CARRY8_CI_CO[7])
                                                      0.022     4.823 r  found_nonce200_reg[31]_i_7/CO[7]
                         net (fo=1, unplaced)         0.020     4.843    scan_pass2000158_in
                         LUT3 (Prop_LUT3_I2_O)        0.038     4.881 r  found_nonce200[31]_i_3/O
                         net (fo=3, unplaced)         0.191     5.072    found_nonce200[31]_i_3_n_0
                         LUT6 (Prop_LUT6_I4_O)        0.038     5.110 f  scan_index200[6]_i_1/O
                         net (fo=123, unplaced)       0.275     5.385    scan_index200[6]_i_1_n_0
                         LUT5 (Prop_LUT5_I4_O)        0.070     5.455 r  seen_candidate_toggle200[5]_i_2/O
                         net (fo=1, unplaced)         0.185     5.640    seen_candidate_toggle200[5]_i_2_n_0
                         LUT6 (Prop_LUT6_I2_O)        0.038     5.678 r  seen_candidate_toggle200[5]_i_1/O
                         net (fo=1, unplaced)         0.048     5.726    seen_candidate_toggle200[5]_i_1_n_0
                         FDRE                                         r  seen_candidate_toggle200_reg[5]/D
  -------------------------------------------------------------------    -------------------

                         (clock clk200 rise edge)     5.000     5.000 r  <hidden>
    BC26                                              0.000     5.000 r  clk_p
                         net (fo=0)                   0.000     5.000    u_ibufds/I
    HPIOBDIFFINBUF_X0Y37 DIFFINBUF (Prop_DIFFINBUF_HPIOBDIFFINBUF_DIFF_IN_P_O)
                                                      0.672     5.672 r  u_ibufds/DIFFINBUF_INST/O
                         net (fo=1, estimated)        0.040     5.712    u_ibufds/OUT
    BC26                 IBUFCTRL (Prop_IBUFCTRL_HPIOB_M_I_O)
                                                      0.000     5.712 r  u_ibufds/IBUFCTRL_INST/O
                         net (fo=1, unplaced)         0.247     5.959    clk200_raw
                         BUFGCE (Prop_BUFGCE_I_O)     0.024     5.983 r  u_bufg200/O
                         net (fo=50791, unplaced)     2.439     8.422    clk200
                         FDRE                                         r  seen_candidate_toggle200_reg[5]/C
                         clock pessimism              0.154     8.577    <hidden>
                         clock uncertainty           -0.035     8.542    <hidden>
                         FDRE (Setup_FDRE_C_D)        0.025     8.567    seen_candidate_toggle200_reg[5]
  -------------------------------------------------------------------
                         required time                          8.567    <hidden>
                         arrival time                          -5.726    <hidden>
  -------------------------------------------------------------------
                         slack                                  2.841    <hidden>

Slack (MET) :             2.841ns  (required time - arrival time)
  Source:                 target200_reg[0]/C
                            (rising edge-triggered cell FDRE clocked by clk200  {rise@0.000ns fall@2.500ns period=5.000ns})
  Destination:            seen_candidate_toggle200_reg[60]/D
                            (rising edge-triggered cell FDRE clocked by clk200  {rise@0.000ns fall@2.500ns period=5.000ns})
  Path Group:             clk200
  Path Type:              Setup (Max at Slow Process Corner)
  Requirement:            5.000ns  (clk200 rise@5.000ns - clk200 rise@0.000ns)
  Data Path Delay:        2.004ns  (logic 0.870ns (43.413%)  route 1.134ns (56.587%))
  Logic Levels:           21  (CARRY8=16 LUT3=1 LUT4=1 LUT5=1 LUT6=2)
  Clock Path Skew:        -0.145ns (DCD - SCD + CPR)
    Destination Clock Delay (DCD):    3.422ns = ( 8.422 - 5.000 ) 
    Source Clock Delay      (SCD):    3.722ns
    Clock Pessimism Removal (CPR):    0.154ns
  Clock Uncertainty:      0.035ns  ((TSJ^2 + TIJ^2)^1/2 + DJ) / 2 + PE
    Total System Jitter     (TSJ):    0.071ns
    Total Input Jitter      (TIJ):    0.000ns
    Discrete Jitter          (DJ):    0.000ns
    Phase Error              (PE):    0.000ns

    Location             Delay type                Incr(ns)  Path(ns)    Netlist Resource(s)
  -------------------------------------------------------------------    -------------------
                         (clock clk200 rise edge)     0.000     0.000 r  <hidden>
    BC26                                              0.000     0.000 r  clk_p
                         net (fo=0)                   0.000     0.000    u_ibufds/I
    HPIOBDIFFINBUF_X0Y37 DIFFINBUF (Prop_DIFFINBUF_HPIOBDIFFINBUF_DIFF_IN_P_O)
                                                      0.784     0.784 r  u_ibufds/DIFFINBUF_INST/O
                         net (fo=1, estimated)        0.050     0.834    u_ibufds/OUT
    BC26                 IBUFCTRL (Prop_IBUFCTRL_HPIOB_M_I_O)
                                                      0.000     0.834 r  u_ibufds/IBUFCTRL_INST/O
                         net (fo=1, unplaced)         0.276     1.110    clk200_raw
                         BUFGCE (Prop_BUFGCE_I_O)     0.028     1.138 r  u_bufg200/O
                         net (fo=50791, unplaced)     2.584     3.722    clk200
                         FDRE                                         r  target200_reg[0]/C
  -------------------------------------------------------------------    -------------------
                         FDRE (Prop_FDRE_C_Q)         0.077     3.799 r  target200_reg[0]/Q
                         net (fo=3, unplaced)         0.098     3.897    job_bus200__0[608]
                         LUT4 (Prop_LUT4_I0_O)        0.139     4.036 r  found_nonce200[31]_i_270/O
                         net (fo=1, unplaced)         0.242     4.278    found_nonce200[31]_i_270_n_0
                         CARRY8 (Prop_CARRY8_DI[0]_CO[7])
                                                      0.140     4.418 r  found_nonce200_reg[31]_i_246/CO[7]
                         net (fo=1, unplaced)         0.005     4.423    found_nonce200_reg[31]_i_246_n_0
                         CARRY8 (Prop_CARRY8_CI_CO[7])
                                                      0.022     4.445 r  found_nonce200_reg[31]_i_229/CO[7]
                         net (fo=1, unplaced)         0.005     4.450    found_nonce200_reg[31]_i_229_n_0
                         CARRY8 (Prop_CARRY8_CI_CO[7])
                                                      0.022     4.472 r  found_nonce200_reg[31]_i_212/CO[7]
                         net (fo=1, unplaced)         0.005     4.477    found_nonce200_reg[31]_i_212_n_0
                         CARRY8 (Prop_CARRY8_CI_CO[7])
                                                      0.022     4.499 r  found_nonce200_reg[31]_i_195/CO[7]
                         net (fo=1, unplaced)         0.005     4.504    found_nonce200_reg[31]_i_195_n_0
                         CARRY8 (Prop_CARRY8_CI_CO[7])
                                                      0.022     4.526 r  found_nonce200_reg[31]_i_178/CO[7]
                         net (fo=1, unplaced)         0.005     4.531    found_nonce200_reg[31]_i_178_n_0
                         CARRY8 (Prop_CARRY8_CI_CO[7])
                                                      0.022     4.553 r  found_nonce200_reg[31]_i_161/CO[7]
                         net (fo=1, unplaced)         0.005     4.558    found_nonce200_reg[31]_i_161_n_0
                         CARRY8 (Prop_CARRY8_CI_CO[7])
                                                      0.022     4.580 r  found_nonce200_reg[31]_i_144/CO[7]
                         net (fo=1, unplaced)         0.005     4.585    found_nonce200_reg[31]_i_144_n_0
                         CARRY8 (Prop_CARRY8_CI_CO[7])
                                                      0.022     4.607 r  found_nonce200_reg[31]_i_127/CO[7]
                         net (fo=1, unplaced)         0.005     4.612    found_nonce200_reg[31]_i_127_n_0
                         CARRY8 (Prop_CARRY8_CI_CO[7])
                                                      0.022     4.634 r  found_nonce200_reg[31]_i_110/CO[7]
                         net (fo=1, unplaced)         0.005     4.639    found_nonce200_reg[31]_i_110_n_0
                         CARRY8 (Prop_CARRY8_CI_CO[7])
                                                      0.022     4.661 r  found_nonce200_reg[31]_i_93/CO[7]
                         net (fo=1, unplaced)         0.005     4.666    found_nonce200_reg[31]_i_93_n_0
                         CARRY8 (Prop_CARRY8_CI_CO[7])
                                                      0.022     4.688 r  found_nonce200_reg[31]_i_76/CO[7]
                         net (fo=1, unplaced)         0.005     4.693    found_nonce200_reg[31]_i_76_n_0
                         CARRY8 (Prop_CARRY8_CI_CO[7])
                                                      0.022     4.715 r  found_nonce200_reg[31]_i_59/CO[7]
                         net (fo=1, unplaced)         0.005     4.720    found_nonce200_reg[31]_i_59_n_0
                         CARRY8 (Prop_CARRY8_CI_CO[7])
                                                      0.022     4.742 r  found_nonce200_reg[31]_i_42/CO[7]
                         net (fo=1, unplaced)         0.005     4.747    found_nonce200_reg[31]_i_42_n_0
                         CARRY8 (Prop_CARRY8_CI_CO[7])
                                                      0.022     4.769 r  found_nonce200_reg[31]_i_25/CO[7]
                         net (fo=1, unplaced)         0.005     4.774    found_nonce200_reg[31]_i_25_n_0
                         CARRY8 (Prop_CARRY8_CI_CO[7])
                                                      0.022     4.796 r  found_nonce200_reg[31]_i_8/CO[7]
                         net (fo=1, unplaced)         0.005     4.801    found_nonce200_reg[31]_i_8_n_0
                         CARRY8 (Prop_CARRY8_CI_CO[7])
                                                      0.022     4.823 r  found_nonce200_reg[31]_i_7/CO[7]
                         net (fo=1, unplaced)         0.020     4.843    scan_pass2000158_in
                         LUT3 (Prop_LUT3_I2_O)        0.038     4.881 r  found_nonce200[31]_i_3/O
                         net (fo=3, unplaced)         0.191     5.072    found_nonce200[31]_i_3_n_0
                         LUT6 (Prop_LUT6_I4_O)        0.038     5.110 f  scan_index200[6]_i_1/O
                         net (fo=123, unplaced)       0.275     5.385    scan_index200[6]_i_1_n_0
                         LUT5 (Prop_LUT5_I4_O)        0.070     5.455 r  seen_candidate_toggle200[60]_i_2/O
                         net (fo=1, unplaced)         0.185     5.640    seen_candidate_toggle200[60]_i_2_n_0
                         LUT6 (Prop_LUT6_I2_O)        0.038     5.678 r  seen_candidate_toggle200[60]_i_1/O
                         net (fo=1, unplaced)         0.048     5.726    seen_candidate_toggle200[60]_i_1_n_0
                         FDRE                                         r  seen_candidate_toggle200_reg[60]/D
  -------------------------------------------------------------------    -------------------

                         (clock clk200 rise edge)     5.000     5.000 r  <hidden>
    BC26                                              0.000     5.000 r  clk_p
                         net (fo=0)                   0.000     5.000    u_ibufds/I
    HPIOBDIFFINBUF_X0Y37 DIFFINBUF (Prop_DIFFINBUF_HPIOBDIFFINBUF_DIFF_IN_P_O)
                                                      0.672     5.672 r  u_ibufds/DIFFINBUF_INST/O
                         net (fo=1, estimated)        0.040     5.712    u_ibufds/OUT
    BC26                 IBUFCTRL (Prop_IBUFCTRL_HPIOB_M_I_O)
                                                      0.000     5.712 r  u_ibufds/IBUFCTRL_INST/O
                         net (fo=1, unplaced)         0.247     5.959    clk200_raw
                         BUFGCE (Prop_BUFGCE_I_O)     0.024     5.983 r  u_bufg200/O
                         net (fo=50791, unplaced)     2.439     8.422    clk200
                         FDRE                                         r  seen_candidate_toggle200_reg[60]/C
                         clock pessimism              0.154     8.577    <hidden>
                         clock uncertainty           -0.035     8.542    <hidden>
                         FDRE (Setup_FDRE_C_D)        0.025     8.567    seen_candidate_toggle200_reg[60]
  -------------------------------------------------------------------
                         required time                          8.567    <hidden>
                         arrival time                          -5.726    <hidden>
  -------------------------------------------------------------------
                         slack                                  2.841    <hidden>

Slack (MET) :             2.841ns  (required time - arrival time)
  Source:                 target200_reg[0]/C
                            (rising edge-triggered cell FDRE clocked by clk200  {rise@0.000ns fall@2.500ns period=5.000ns})
  Destination:            seen_candidate_toggle200_reg[61]/D
                            (rising edge-triggered cell FDRE clocked by clk200  {rise@0.000ns fall@2.500ns period=5.000ns})
  Path Group:             clk200
  Path Type:              Setup (Max at Slow Process Corner)
  Requirement:            5.000ns  (clk200 rise@5.000ns - clk200 rise@0.000ns)
  Data Path Delay:        2.004ns  (logic 0.870ns (43.413%)  route 1.134ns (56.587%))
  Logic Levels:           21  (CARRY8=16 LUT3=1 LUT4=1 LUT5=1 LUT6=2)
  Clock Path Skew:        -0.145ns (DCD - SCD + CPR)
    Destination Clock Delay (DCD):    3.422ns = ( 8.422 - 5.000 ) 
    Source Clock Delay      (SCD):    3.722ns
    Clock Pessimism Removal (CPR):    0.154ns
  Clock Uncertainty:      0.035ns  ((TSJ^2 + TIJ^2)^1/2 + DJ) / 2 + PE
    Total System Jitter     (TSJ):    0.071ns
    Total Input Jitter      (TIJ):    0.000ns
    Discrete Jitter          (DJ):    0.000ns
    Phase Error              (PE):    0.000ns

    Location             Delay type                Incr(ns)  Path(ns)    Netlist Resource(s)
  -------------------------------------------------------------------    -------------------
                         (clock clk200 rise edge)     0.000     0.000 r  <hidden>
    BC26                                              0.000     0.000 r  clk_p
                         net (fo=0)                   0.000     0.000    u_ibufds/I
    HPIOBDIFFINBUF_X0Y37 DIFFINBUF (Prop_DIFFINBUF_HPIOBDIFFINBUF_DIFF_IN_P_O)
                                                      0.784     0.784 r  u_ibufds/DIFFINBUF_INST/O
                         net (fo=1, estimated)        0.050     0.834    u_ibufds/OUT
    BC26                 IBUFCTRL (Prop_IBUFCTRL_HPIOB_M_I_O)
                                                      0.000     0.834 r  u_ibufds/IBUFCTRL_INST/O
                         net (fo=1, unplaced)         0.276     1.110    clk200_raw
                         BUFGCE (Prop_BUFGCE_I_O)     0.028     1.138 r  u_bufg200/O
                         net (fo=50791, unplaced)     2.584     3.722    clk200
                         FDRE                                         r  target200_reg[0]/C
  -------------------------------------------------------------------    -------------------
                         FDRE (Prop_FDRE_C_Q)         0.077     3.799 r  target200_reg[0]/Q
                         net (fo=3, unplaced)         0.098     3.897    job_bus200__0[608]
                         LUT4 (Prop_LUT4_I0_O)        0.139     4.036 r  found_nonce200[31]_i_270/O
                         net (fo=1, unplaced)         0.242     4.278    found_nonce200[31]_i_270_n_0
                         CARRY8 (Prop_CARRY8_DI[0]_CO[7])
                                                      0.140     4.418 r  found_nonce200_reg[31]_i_246/CO[7]
                         net (fo=1, unplaced)         0.005     4.423    found_nonce200_reg[31]_i_246_n_0
                         CARRY8 (Prop_CARRY8_CI_CO[7])
                                                      0.022     4.445 r  found_nonce200_reg[31]_i_229/CO[7]
                         net (fo=1, unplaced)         0.005     4.450    found_nonce200_reg[31]_i_229_n_0
                         CARRY8 (Prop_CARRY8_CI_CO[7])
                                                      0.022     4.472 r  found_nonce200_reg[31]_i_212/CO[7]
                         net (fo=1, unplaced)         0.005     4.477    found_nonce200_reg[31]_i_212_n_0
                         CARRY8 (Prop_CARRY8_CI_CO[7])
                                                      0.022     4.499 r  found_nonce200_reg[31]_i_195/CO[7]
                         net (fo=1, unplaced)         0.005     4.504    found_nonce200_reg[31]_i_195_n_0
                         CARRY8 (Prop_CARRY8_CI_CO[7])
                                                      0.022     4.526 r  found_nonce200_reg[31]_i_178/CO[7]
                         net (fo=1, unplaced)         0.005     4.531    found_nonce200_reg[31]_i_178_n_0
                         CARRY8 (Prop_CARRY8_CI_CO[7])
                                                      0.022     4.553 r  found_nonce200_reg[31]_i_161/CO[7]
                         net (fo=1, unplaced)         0.005     4.558    found_nonce200_reg[31]_i_161_n_0
                         CARRY8 (Prop_CARRY8_CI_CO[7])
                                                      0.022     4.580 r  found_nonce200_reg[31]_i_144/CO[7]
                         net (fo=1, unplaced)         0.005     4.585    found_nonce200_reg[31]_i_144_n_0
                         CARRY8 (Prop_CARRY8_CI_CO[7])
                                                      0.022     4.607 r  found_nonce200_reg[31]_i_127/CO[7]
                         net (fo=1, unplaced)         0.005     4.612    found_nonce200_reg[31]_i_127_n_0
                         CARRY8 (Prop_CARRY8_CI_CO[7])
                                                      0.022     4.634 r  found_nonce200_reg[31]_i_110/CO[7]
                         net (fo=1, unplaced)         0.005     4.639    found_nonce200_reg[31]_i_110_n_0
                         CARRY8 (Prop_CARRY8_CI_CO[7])
                                                      0.022     4.661 r  found_nonce200_reg[31]_i_93/CO[7]
                         net (fo=1, unplaced)         0.005     4.666    found_nonce200_reg[31]_i_93_n_0
                         CARRY8 (Prop_CARRY8_CI_CO[7])
                                                      0.022     4.688 r  found_nonce200_reg[31]_i_76/CO[7]
                         net (fo=1, unplaced)         0.005     4.693    found_nonce200_reg[31]_i_76_n_0
                         CARRY8 (Prop_CARRY8_CI_CO[7])
                                                      0.022     4.715 r  found_nonce200_reg[31]_i_59/CO[7]
                         net (fo=1, unplaced)         0.005     4.720    found_nonce200_reg[31]_i_59_n_0
                         CARRY8 (Prop_CARRY8_CI_CO[7])
                                                      0.022     4.742 r  found_nonce200_reg[31]_i_42/CO[7]
                         net (fo=1, unplaced)         0.005     4.747    found_nonce200_reg[31]_i_42_n_0
                         CARRY8 (Prop_CARRY8_CI_CO[7])
                                                      0.022     4.769 r  found_nonce200_reg[31]_i_25/CO[7]
                         net (fo=1, unplaced)         0.005     4.774    found_nonce200_reg[31]_i_25_n_0
                         CARRY8 (Prop_CARRY8_CI_CO[7])
                                                      0.022     4.796 r  found_nonce200_reg[31]_i_8/CO[7]
                         net (fo=1, unplaced)         0.005     4.801    found_nonce200_reg[31]_i_8_n_0
                         CARRY8 (Prop_CARRY8_CI_CO[7])
                                                      0.022     4.823 r  found_nonce200_reg[31]_i_7/CO[7]
                         net (fo=1, unplaced)         0.020     4.843    scan_pass2000158_in
                         LUT3 (Prop_LUT3_I2_O)        0.038     4.881 r  found_nonce200[31]_i_3/O
                         net (fo=3, unplaced)         0.191     5.072    found_nonce200[31]_i_3_n_0
                         LUT6 (Prop_LUT6_I4_O)        0.038     5.110 f  scan_index200[6]_i_1/O
                         net (fo=123, unplaced)       0.275     5.385    scan_index200[6]_i_1_n_0
                         LUT5 (Prop_LUT5_I4_O)        0.070     5.455 r  seen_candidate_toggle200[61]_i_2/O
                         net (fo=1, unplaced)         0.185     5.640    seen_candidate_toggle200[61]_i_2_n_0
                         LUT6 (Prop_LUT6_I2_O)        0.038     5.678 r  seen_candidate_toggle200[61]_i_1/O
                         net (fo=1, unplaced)         0.048     5.726    seen_candidate_toggle200[61]_i_1_n_0
                         FDRE                                         r  seen_candidate_toggle200_reg[61]/D
  -------------------------------------------------------------------    -------------------

                         (clock clk200 rise edge)     5.000     5.000 r  <hidden>
    BC26                                              0.000     5.000 r  clk_p
                         net (fo=0)                   0.000     5.000    u_ibufds/I
    HPIOBDIFFINBUF_X0Y37 DIFFINBUF (Prop_DIFFINBUF_HPIOBDIFFINBUF_DIFF_IN_P_O)
                                                      0.672     5.672 r  u_ibufds/DIFFINBUF_INST/O
                         net (fo=1, estimated)        0.040     5.712    u_ibufds/OUT
    BC26                 IBUFCTRL (Prop_IBUFCTRL_HPIOB_M_I_O)
                                                      0.000     5.712 r  u_ibufds/IBUFCTRL_INST/O
                         net (fo=1, unplaced)         0.247     5.959    clk200_raw
                         BUFGCE (Prop_BUFGCE_I_O)     0.024     5.983 r  u_bufg200/O
                         net (fo=50791, unplaced)     2.439     8.422    clk200
                         FDRE                                         r  seen_candidate_toggle200_reg[61]/C
                         clock pessimism              0.154     8.577    <hidden>
                         clock uncertainty           -0.035     8.542    <hidden>
                         FDRE (Setup_FDRE_C_D)        0.025     8.567    seen_candidate_toggle200_reg[61]
  -------------------------------------------------------------------
                         required time                          8.567    <hidden>
                         arrival time                          -5.726    <hidden>
  -------------------------------------------------------------------
                         slack                                  2.841    <hidden>

Slack (MET) :             2.841ns  (required time - arrival time)
  Source:                 target200_reg[0]/C
                            (rising edge-triggered cell FDRE clocked by clk200  {rise@0.000ns fall@2.500ns period=5.000ns})
  Destination:            seen_candidate_toggle200_reg[62]/D
                            (rising edge-triggered cell FDRE clocked by clk200  {rise@0.000ns fall@2.500ns period=5.000ns})
  Path Group:             clk200
  Path Type:              Setup (Max at Slow Process Corner)
  Requirement:            5.000ns  (clk200 rise@5.000ns - clk200 rise@0.000ns)
  Data Path Delay:        2.004ns  (logic 0.870ns (43.413%)  route 1.134ns (56.587%))
  Logic Levels:           21  (CARRY8=16 LUT3=1 LUT4=1 LUT5=1 LUT6=2)
  Clock Path Skew:        -0.145ns (DCD - SCD + CPR)
    Destination Clock Delay (DCD):    3.422ns = ( 8.422 - 5.000 ) 
    Source Clock Delay      (SCD):    3.722ns
    Clock Pessimism Removal (CPR):    0.154ns
  Clock Uncertainty:      0.035ns  ((TSJ^2 + TIJ^2)^1/2 + DJ) / 2 + PE
    Total System Jitter     (TSJ):    0.071ns
    Total Input Jitter      (TIJ):    0.000ns
    Discrete Jitter          (DJ):    0.000ns
    Phase Error              (PE):    0.000ns

    Location             Delay type                Incr(ns)  Path(ns)    Netlist Resource(s)
  -------------------------------------------------------------------    -------------------
                         (clock clk200 rise edge)     0.000     0.000 r  <hidden>
    BC26                                              0.000     0.000 r  clk_p
                         net (fo=0)                   0.000     0.000    u_ibufds/I
    HPIOBDIFFINBUF_X0Y37 DIFFINBUF (Prop_DIFFINBUF_HPIOBDIFFINBUF_DIFF_IN_P_O)
                                                      0.784     0.784 r  u_ibufds/DIFFINBUF_INST/O
                         net (fo=1, estimated)        0.050     0.834    u_ibufds/OUT
    BC26                 IBUFCTRL (Prop_IBUFCTRL_HPIOB_M_I_O)
                                                      0.000     0.834 r  u_ibufds/IBUFCTRL_INST/O
                         net (fo=1, unplaced)         0.276     1.110    clk200_raw
                         BUFGCE (Prop_BUFGCE_I_O)     0.028     1.138 r  u_bufg200/O
                         net (fo=50791, unplaced)     2.584     3.722    clk200
                         FDRE                                         r  target200_reg[0]/C
  -------------------------------------------------------------------    -------------------
                         FDRE (Prop_FDRE_C_Q)         0.077     3.799 r  target200_reg[0]/Q
                         net (fo=3, unplaced)         0.098     3.897    job_bus200__0[608]
                         LUT4 (Prop_LUT4_I0_O)        0.139     4.036 r  found_nonce200[31]_i_270/O
                         net (fo=1, unplaced)         0.242     4.278    found_nonce200[31]_i_270_n_0
                         CARRY8 (Prop_CARRY8_DI[0]_CO[7])
                                                      0.140     4.418 r  found_nonce200_reg[31]_i_246/CO[7]
                         net (fo=1, unplaced)         0.005     4.423    found_nonce200_reg[31]_i_246_n_0
                         CARRY8 (Prop_CARRY8_CI_CO[7])
                                                      0.022     4.445 r  found_nonce200_reg[31]_i_229/CO[7]
                         net (fo=1, unplaced)         0.005     4.450    found_nonce200_reg[31]_i_229_n_0
                         CARRY8 (Prop_CARRY8_CI_CO[7])
                                                      0.022     4.472 r  found_nonce200_reg[31]_i_212/CO[7]
                         net (fo=1, unplaced)         0.005     4.477    found_nonce200_reg[31]_i_212_n_0
                         CARRY8 (Prop_CARRY8_CI_CO[7])
                                                      0.022     4.499 r  found_nonce200_reg[31]_i_195/CO[7]
                         net (fo=1, unplaced)         0.005     4.504    found_nonce200_reg[31]_i_195_n_0
                         CARRY8 (Prop_CARRY8_CI_CO[7])
                                                      0.022     4.526 r  found_nonce200_reg[31]_i_178/CO[7]
                         net (fo=1, unplaced)         0.005     4.531    found_nonce200_reg[31]_i_178_n_0
                         CARRY8 (Prop_CARRY8_CI_CO[7])
                                                      0.022     4.553 r  found_nonce200_reg[31]_i_161/CO[7]
                         net (fo=1, unplaced)         0.005     4.558    found_nonce200_reg[31]_i_161_n_0
                         CARRY8 (Prop_CARRY8_CI_CO[7])
                                                      0.022     4.580 r  found_nonce200_reg[31]_i_144/CO[7]
                         net (fo=1, unplaced)         0.005     4.585    found_nonce200_reg[31]_i_144_n_0
                         CARRY8 (Prop_CARRY8_CI_CO[7])
                                                      0.022     4.607 r  found_nonce200_reg[31]_i_127/CO[7]
                         net (fo=1, unplaced)         0.005     4.612    found_nonce200_reg[31]_i_127_n_0
                         CARRY8 (Prop_CARRY8_CI_CO[7])
                                                      0.022     4.634 r  found_nonce200_reg[31]_i_110/CO[7]
                         net (fo=1, unplaced)         0.005     4.639    found_nonce200_reg[31]_i_110_n_0
                         CARRY8 (Prop_CARRY8_CI_CO[7])
                                                      0.022     4.661 r  found_nonce200_reg[31]_i_93/CO[7]
                         net (fo=1, unplaced)         0.005     4.666    found_nonce200_reg[31]_i_93_n_0
                         CARRY8 (Prop_CARRY8_CI_CO[7])
                                                      0.022     4.688 r  found_nonce200_reg[31]_i_76/CO[7]
                         net (fo=1, unplaced)         0.005     4.693    found_nonce200_reg[31]_i_76_n_0
                         CARRY8 (Prop_CARRY8_CI_CO[7])
                                                      0.022     4.715 r  found_nonce200_reg[31]_i_59/CO[7]
                         net (fo=1, unplaced)         0.005     4.720    found_nonce200_reg[31]_i_59_n_0
                         CARRY8 (Prop_CARRY8_CI_CO[7])
                                                      0.022     4.742 r  found_nonce200_reg[31]_i_42/CO[7]
                         net (fo=1, unplaced)         0.005     4.747    found_nonce200_reg[31]_i_42_n_0
                         CARRY8 (Prop_CARRY8_CI_CO[7])
                                                      0.022     4.769 r  found_nonce200_reg[31]_i_25/CO[7]
                         net (fo=1, unplaced)         0.005     4.774    found_nonce200_reg[31]_i_25_n_0
                         CARRY8 (Prop_CARRY8_CI_CO[7])
                                                      0.022     4.796 r  found_nonce200_reg[31]_i_8/CO[7]
                         net (fo=1, unplaced)         0.005     4.801    found_nonce200_reg[31]_i_8_n_0
                         CARRY8 (Prop_CARRY8_CI_CO[7])
                                                      0.022     4.823 r  found_nonce200_reg[31]_i_7/CO[7]
                         net (fo=1, unplaced)         0.020     4.843    scan_pass2000158_in
                         LUT3 (Prop_LUT3_I2_O)        0.038     4.881 r  found_nonce200[31]_i_3/O
                         net (fo=3, unplaced)         0.191     5.072    found_nonce200[31]_i_3_n_0
                         LUT6 (Prop_LUT6_I4_O)        0.038     5.110 f  scan_index200[6]_i_1/O
                         net (fo=123, unplaced)       0.275     5.385    scan_index200[6]_i_1_n_0
                         LUT5 (Prop_LUT5_I4_O)        0.070     5.455 r  seen_candidate_toggle200[62]_i_2/O
                         net (fo=1, unplaced)         0.185     5.640    seen_candidate_toggle200[62]_i_2_n_0
                         LUT6 (Prop_LUT6_I2_O)        0.038     5.678 r  seen_candidate_toggle200[62]_i_1/O
                         net (fo=1, unplaced)         0.048     5.726    seen_candidate_toggle200[62]_i_1_n_0
                         FDRE                                         r  seen_candidate_toggle200_reg[62]/D
  -------------------------------------------------------------------    -------------------

                         (clock clk200 rise edge)     5.000     5.000 r  <hidden>
    BC26                                              0.000     5.000 r  clk_p
                         net (fo=0)                   0.000     5.000    u_ibufds/I
    HPIOBDIFFINBUF_X0Y37 DIFFINBUF (Prop_DIFFINBUF_HPIOBDIFFINBUF_DIFF_IN_P_O)
                                                      0.672     5.672 r  u_ibufds/DIFFINBUF_INST/O
                         net (fo=1, estimated)        0.040     5.712    u_ibufds/OUT
    BC26                 IBUFCTRL (Prop_IBUFCTRL_HPIOB_M_I_O)
                                                      0.000     5.712 r  u_ibufds/IBUFCTRL_INST/O
                         net (fo=1, unplaced)         0.247     5.959    clk200_raw
                         BUFGCE (Prop_BUFGCE_I_O)     0.024     5.983 r  u_bufg200/O
                         net (fo=50791, unplaced)     2.439     8.422    clk200
                         FDRE                                         r  seen_candidate_toggle200_reg[62]/C
                         clock pessimism              0.154     8.577    <hidden>
                         clock uncertainty           -0.035     8.542    <hidden>
                         FDRE (Setup_FDRE_C_D)        0.025     8.567    seen_candidate_toggle200_reg[62]
  -------------------------------------------------------------------
                         required time                          8.567    <hidden>
                         arrival time                          -5.726    <hidden>
  -------------------------------------------------------------------
                         slack                                  2.841    <hidden>

Slack (MET) :             2.841ns  (required time - arrival time)
  Source:                 target200_reg[0]/C
                            (rising edge-triggered cell FDRE clocked by clk200  {rise@0.000ns fall@2.500ns period=5.000ns})
  Destination:            seen_candidate_toggle200_reg[63]/D
                            (rising edge-triggered cell FDRE clocked by clk200  {rise@0.000ns fall@2.500ns period=5.000ns})
  Path Group:             clk200
  Path Type:              Setup (Max at Slow Process Corner)
  Requirement:            5.000ns  (clk200 rise@5.000ns - clk200 rise@0.000ns)
  Data Path Delay:        2.004ns  (logic 0.870ns (43.413%)  route 1.134ns (56.587%))
  Logic Levels:           21  (CARRY8=16 LUT3=1 LUT4=1 LUT5=1 LUT6=2)
  Clock Path Skew:        -0.145ns (DCD - SCD + CPR)
    Destination Clock Delay (DCD):    3.422ns = ( 8.422 - 5.000 ) 
    Source Clock Delay      (SCD):    3.722ns
    Clock Pessimism Removal (CPR):    0.154ns
  Clock Uncertainty:      0.035ns  ((TSJ^2 + TIJ^2)^1/2 + DJ) / 2 + PE
    Total System Jitter     (TSJ):    0.071ns
    Total Input Jitter      (TIJ):    0.000ns
    Discrete Jitter          (DJ):    0.000ns
    Phase Error              (PE):    0.000ns

    Location             Delay type                Incr(ns)  Path(ns)    Netlist Resource(s)
  -------------------------------------------------------------------    -------------------
                         (clock clk200 rise edge)     0.000     0.000 r  <hidden>
    BC26                                              0.000     0.000 r  clk_p
                         net (fo=0)                   0.000     0.000    u_ibufds/I
    HPIOBDIFFINBUF_X0Y37 DIFFINBUF (Prop_DIFFINBUF_HPIOBDIFFINBUF_DIFF_IN_P_O)
                                                      0.784     0.784 r  u_ibufds/DIFFINBUF_INST/O
                         net (fo=1, estimated)        0.050     0.834    u_ibufds/OUT
    BC26                 IBUFCTRL (Prop_IBUFCTRL_HPIOB_M_I_O)
                                                      0.000     0.834 r  u_ibufds/IBUFCTRL_INST/O
                         net (fo=1, unplaced)         0.276     1.110    clk200_raw
                         BUFGCE (Prop_BUFGCE_I_O)     0.028     1.138 r  u_bufg200/O
                         net (fo=50791, unplaced)     2.584     3.722    clk200
                         FDRE                                         r  target200_reg[0]/C
  -------------------------------------------------------------------    -------------------
                         FDRE (Prop_FDRE_C_Q)         0.077     3.799 r  target200_reg[0]/Q
                         net (fo=3, unplaced)         0.098     3.897    job_bus200__0[608]
                         LUT4 (Prop_LUT4_I0_O)        0.139     4.036 r  found_nonce200[31]_i_270/O
                         net (fo=1, unplaced)         0.242     4.278    found_nonce200[31]_i_270_n_0
                         CARRY8 (Prop_CARRY8_DI[0]_CO[7])
                                                      0.140     4.418 r  found_nonce200_reg[31]_i_246/CO[7]
                         net (fo=1, unplaced)         0.005     4.423    found_nonce200_reg[31]_i_246_n_0
                         CARRY8 (Prop_CARRY8_CI_CO[7])
                                                      0.022     4.445 r  found_nonce200_reg[31]_i_229/CO[7]
                         net (fo=1, unplaced)         0.005     4.450    found_nonce200_reg[31]_i_229_n_0
                         CARRY8 (Prop_CARRY8_CI_CO[7])
                                                      0.022     4.472 r  found_nonce200_reg[31]_i_212/CO[7]
                         net (fo=1, unplaced)         0.005     4.477    found_nonce200_reg[31]_i_212_n_0
                         CARRY8 (Prop_CARRY8_CI_CO[7])
                                                      0.022     4.499 r  found_nonce200_reg[31]_i_195/CO[7]
                         net (fo=1, unplaced)         0.005     4.504    found_nonce200_reg[31]_i_195_n_0
                         CARRY8 (Prop_CARRY8_CI_CO[7])
                                                      0.022     4.526 r  found_nonce200_reg[31]_i_178/CO[7]
                         net (fo=1, unplaced)         0.005     4.531    found_nonce200_reg[31]_i_178_n_0
                         CARRY8 (Prop_CARRY8_CI_CO[7])
                                                      0.022     4.553 r  found_nonce200_reg[31]_i_161/CO[7]
                         net (fo=1, unplaced)         0.005     4.558    found_nonce200_reg[31]_i_161_n_0
                         CARRY8 (Prop_CARRY8_CI_CO[7])
                                                      0.022     4.580 r  found_nonce200_reg[31]_i_144/CO[7]
                         net (fo=1, unplaced)         0.005     4.585    found_nonce200_reg[31]_i_144_n_0
                         CARRY8 (Prop_CARRY8_CI_CO[7])
                                                      0.022     4.607 r  found_nonce200_reg[31]_i_127/CO[7]
                         net (fo=1, unplaced)         0.005     4.612    found_nonce200_reg[31]_i_127_n_0
                         CARRY8 (Prop_CARRY8_CI_CO[7])
                                                      0.022     4.634 r  found_nonce200_reg[31]_i_110/CO[7]
                         net (fo=1, unplaced)         0.005     4.639    found_nonce200_reg[31]_i_110_n_0
                         CARRY8 (Prop_CARRY8_CI_CO[7])
                                                      0.022     4.661 r  found_nonce200_reg[31]_i_93/CO[7]
                         net (fo=1, unplaced)         0.005     4.666    found_nonce200_reg[31]_i_93_n_0
                         CARRY8 (Prop_CARRY8_CI_CO[7])
                                                      0.022     4.688 r  found_nonce200_reg[31]_i_76/CO[7]
                         net (fo=1, unplaced)         0.005     4.693    found_nonce200_reg[31]_i_76_n_0
                         CARRY8 (Prop_CARRY8_CI_CO[7])
                                                      0.022     4.715 r  found_nonce200_reg[31]_i_59/CO[7]
                         net (fo=1, unplaced)         0.005     4.720    found_nonce200_reg[31]_i_59_n_0
                         CARRY8 (Prop_CARRY8_CI_CO[7])
                                                      0.022     4.742 r  found_nonce200_reg[31]_i_42/CO[7]
                         net (fo=1, unplaced)         0.005     4.747    found_nonce200_reg[31]_i_42_n_0
                         CARRY8 (Prop_CARRY8_CI_CO[7])
                                                      0.022     4.769 r  found_nonce200_reg[31]_i_25/CO[7]
                         net (fo=1, unplaced)         0.005     4.774    found_nonce200_reg[31]_i_25_n_0
                         CARRY8 (Prop_CARRY8_CI_CO[7])
                                                      0.022     4.796 r  found_nonce200_reg[31]_i_8/CO[7]
                         net (fo=1, unplaced)         0.005     4.801    found_nonce200_reg[31]_i_8_n_0
                         CARRY8 (Prop_CARRY8_CI_CO[7])
                                                      0.022     4.823 r  found_nonce200_reg[31]_i_7/CO[7]
                         net (fo=1, unplaced)         0.020     4.843    scan_pass2000158_in
                         LUT3 (Prop_LUT3_I2_O)        0.038     4.881 r  found_nonce200[31]_i_3/O
                         net (fo=3, unplaced)         0.191     5.072    found_nonce200[31]_i_3_n_0
                         LUT6 (Prop_LUT6_I4_O)        0.038     5.110 f  scan_index200[6]_i_1/O
                         net (fo=123, unplaced)       0.275     5.385    scan_index200[6]_i_1_n_0
                         LUT5 (Prop_LUT5_I3_O)        0.070     5.455 r  seen_candidate_toggle200[63]_i_2/O
                         net (fo=1, unplaced)         0.185     5.640    seen_candidate_toggle200[63]_i_2_n_0
                         LUT6 (Prop_LUT6_I2_O)        0.038     5.678 r  seen_candidate_toggle200[63]_i_1/O
                         net (fo=1, unplaced)         0.048     5.726    seen_candidate_toggle200[63]_i_1_n_0
                         FDRE                                         r  seen_candidate_toggle200_reg[63]/D
  -------------------------------------------------------------------    -------------------

                         (clock clk200 rise edge)     5.000     5.000 r  <hidden>
    BC26                                              0.000     5.000 r  clk_p
                         net (fo=0)                   0.000     5.000    u_ibufds/I
    HPIOBDIFFINBUF_X0Y37 DIFFINBUF (Prop_DIFFINBUF_HPIOBDIFFINBUF_DIFF_IN_P_O)
                                                      0.672     5.672 r  u_ibufds/DIFFINBUF_INST/O
                         net (fo=1, estimated)        0.040     5.712    u_ibufds/OUT
    BC26                 IBUFCTRL (Prop_IBUFCTRL_HPIOB_M_I_O)
                                                      0.000     5.712 r  u_ibufds/IBUFCTRL_INST/O
                         net (fo=1, unplaced)         0.247     5.959    clk200_raw
                         BUFGCE (Prop_BUFGCE_I_O)     0.024     5.983 r  u_bufg200/O
                         net (fo=50791, unplaced)     2.439     8.422    clk200
                         FDRE                                         r  seen_candidate_toggle200_reg[63]/C
                         clock pessimism              0.154     8.577    <hidden>
                         clock uncertainty           -0.035     8.542    <hidden>
                         FDRE (Setup_FDRE_C_D)        0.025     8.567    seen_candidate_toggle200_reg[63]
  -------------------------------------------------------------------
                         required time                          8.567    <hidden>
                         arrival time                          -5.726    <hidden>
  -------------------------------------------------------------------
                         slack                                  2.841    <hidden>

Slack (MET) :             2.841ns  (required time - arrival time)
  Source:                 target200_reg[0]/C
                            (rising edge-triggered cell FDRE clocked by clk200  {rise@0.000ns fall@2.500ns period=5.000ns})
  Destination:            seen_candidate_toggle200_reg[64]/D
                            (rising edge-triggered cell FDRE clocked by clk200  {rise@0.000ns fall@2.500ns period=5.000ns})
  Path Group:             clk200
  Path Type:              Setup (Max at Slow Process Corner)
  Requirement:            5.000ns  (clk200 rise@5.000ns - clk200 rise@0.000ns)
  Data Path Delay:        2.004ns  (logic 0.870ns (43.413%)  route 1.134ns (56.587%))
  Logic Levels:           21  (CARRY8=16 LUT3=1 LUT4=1 LUT5=1 LUT6=2)
  Clock Path Skew:        -0.145ns (DCD - SCD + CPR)
    Destination Clock Delay (DCD):    3.422ns = ( 8.422 - 5.000 ) 
    Source Clock Delay      (SCD):    3.722ns
    Clock Pessimism Removal (CPR):    0.154ns
  Clock Uncertainty:      0.035ns  ((TSJ^2 + TIJ^2)^1/2 + DJ) / 2 + PE
    Total System Jitter     (TSJ):    0.071ns
    Total Input Jitter      (TIJ):    0.000ns
    Discrete Jitter          (DJ):    0.000ns
    Phase Error              (PE):    0.000ns

    Location             Delay type                Incr(ns)  Path(ns)    Netlist Resource(s)
  -------------------------------------------------------------------    -------------------
                         (clock clk200 rise edge)     0.000     0.000 r  <hidden>
    BC26                                              0.000     0.000 r  clk_p
                         net (fo=0)                   0.000     0.000    u_ibufds/I
    HPIOBDIFFINBUF_X0Y37 DIFFINBUF (Prop_DIFFINBUF_HPIOBDIFFINBUF_DIFF_IN_P_O)
                                                      0.784     0.784 r  u_ibufds/DIFFINBUF_INST/O
                         net (fo=1, estimated)        0.050     0.834    u_ibufds/OUT
    BC26                 IBUFCTRL (Prop_IBUFCTRL_HPIOB_M_I_O)
                                                      0.000     0.834 r  u_ibufds/IBUFCTRL_INST/O
                         net (fo=1, unplaced)         0.276     1.110    clk200_raw
                         BUFGCE (Prop_BUFGCE_I_O)     0.028     1.138 r  u_bufg200/O
                         net (fo=50791, unplaced)     2.584     3.722    clk200
                         FDRE                                         r  target200_reg[0]/C
  -------------------------------------------------------------------    -------------------
                         FDRE (Prop_FDRE_C_Q)         0.077     3.799 r  target200_reg[0]/Q
                         net (fo=3, unplaced)         0.098     3.897    job_bus200__0[608]
                         LUT4 (Prop_LUT4_I0_O)        0.139     4.036 r  found_nonce200[31]_i_270/O
                         net (fo=1, unplaced)         0.242     4.278    found_nonce200[31]_i_270_n_0
                         CARRY8 (Prop_CARRY8_DI[0]_CO[7])
                                                      0.140     4.418 r  found_nonce200_reg[31]_i_246/CO[7]
                         net (fo=1, unplaced)         0.005     4.423    found_nonce200_reg[31]_i_246_n_0
                         CARRY8 (Prop_CARRY8_CI_CO[7])
                                                      0.022     4.445 r  found_nonce200_reg[31]_i_229/CO[7]
                         net (fo=1, unplaced)         0.005     4.450    found_nonce200_reg[31]_i_229_n_0
                         CARRY8 (Prop_CARRY8_CI_CO[7])
                                                      0.022     4.472 r  found_nonce200_reg[31]_i_212/CO[7]
                         net (fo=1, unplaced)         0.005     4.477    found_nonce200_reg[31]_i_212_n_0
                         CARRY8 (Prop_CARRY8_CI_CO[7])
                                                      0.022     4.499 r  found_nonce200_reg[31]_i_195/CO[7]
                         net (fo=1, unplaced)         0.005     4.504    found_nonce200_reg[31]_i_195_n_0
                         CARRY8 (Prop_CARRY8_CI_CO[7])
                                                      0.022     4.526 r  found_nonce200_reg[31]_i_178/CO[7]
                         net (fo=1, unplaced)         0.005     4.531    found_nonce200_reg[31]_i_178_n_0
                         CARRY8 (Prop_CARRY8_CI_CO[7])
                                                      0.022     4.553 r  found_nonce200_reg[31]_i_161/CO[7]
                         net (fo=1, unplaced)         0.005     4.558    found_nonce200_reg[31]_i_161_n_0
                         CARRY8 (Prop_CARRY8_CI_CO[7])
                                                      0.022     4.580 r  found_nonce200_reg[31]_i_144/CO[7]
                         net (fo=1, unplaced)         0.005     4.585    found_nonce200_reg[31]_i_144_n_0
                         CARRY8 (Prop_CARRY8_CI_CO[7])
                                                      0.022     4.607 r  found_nonce200_reg[31]_i_127/CO[7]
                         net (fo=1, unplaced)         0.005     4.612    found_nonce200_reg[31]_i_127_n_0
                         CARRY8 (Prop_CARRY8_CI_CO[7])
                                                      0.022     4.634 r  found_nonce200_reg[31]_i_110/CO[7]
                         net (fo=1, unplaced)         0.005     4.639    found_nonce200_reg[31]_i_110_n_0
                         CARRY8 (Prop_CARRY8_CI_CO[7])
                                                      0.022     4.661 r  found_nonce200_reg[31]_i_93/CO[7]
                         net (fo=1, unplaced)         0.005     4.666    found_nonce200_reg[31]_i_93_n_0
                         CARRY8 (Prop_CARRY8_CI_CO[7])
                                                      0.022     4.688 r  found_nonce200_reg[31]_i_76/CO[7]
                         net (fo=1, unplaced)         0.005     4.693    found_nonce200_reg[31]_i_76_n_0
                         CARRY8 (Prop_CARRY8_CI_CO[7])
                                                      0.022     4.715 r  found_nonce200_reg[31]_i_59/CO[7]
                         net (fo=1, unplaced)         0.005     4.720    found_nonce200_reg[31]_i_59_n_0
                         CARRY8 (Prop_CARRY8_CI_CO[7])
                                                      0.022     4.742 r  found_nonce200_reg[31]_i_42/CO[7]
                         net (fo=1, unplaced)         0.005     4.747    found_nonce200_reg[31]_i_42_n_0
                         CARRY8 (Prop_CARRY8_CI_CO[7])
                                                      0.022     4.769 r  found_nonce200_reg[31]_i_25/CO[7]
                         net (fo=1, unplaced)         0.005     4.774    found_nonce200_reg[31]_i_25_n_0
                         CARRY8 (Prop_CARRY8_CI_CO[7])
                                                      0.022     4.796 r  found_nonce200_reg[31]_i_8/CO[7]
                         net (fo=1, unplaced)         0.005     4.801    found_nonce200_reg[31]_i_8_n_0
                         CARRY8 (Prop_CARRY8_CI_CO[7])
                                                      0.022     4.823 r  found_nonce200_reg[31]_i_7/CO[7]
                         net (fo=1, unplaced)         0.020     4.843    scan_pass2000158_in
                         LUT3 (Prop_LUT3_I2_O)        0.038     4.881 r  found_nonce200[31]_i_3/O
                         net (fo=3, unplaced)         0.191     5.072    found_nonce200[31]_i_3_n_0
                         LUT6 (Prop_LUT6_I4_O)        0.038     5.110 f  scan_index200[6]_i_1/O
                         net (fo=123, unplaced)       0.275     5.385    scan_index200[6]_i_1_n_0
                         LUT5 (Prop_LUT5_I3_O)        0.070     5.455 r  seen_candidate_toggle200[64]_i_2/O
                         net (fo=1, unplaced)         0.185     5.640    seen_candidate_toggle200[64]_i_2_n_0
                         LUT6 (Prop_LUT6_I2_O)        0.038     5.678 r  seen_candidate_toggle200[64]_i_1/O
                         net (fo=1, unplaced)         0.048     5.726    seen_candidate_toggle200[64]_i_1_n_0
                         FDRE                                         r  seen_candidate_toggle200_reg[64]/D
  -------------------------------------------------------------------    -------------------

                         (clock clk200 rise edge)     5.000     5.000 r  <hidden>
    BC26                                              0.000     5.000 r  clk_p
                         net (fo=0)                   0.000     5.000    u_ibufds/I
    HPIOBDIFFINBUF_X0Y37 DIFFINBUF (Prop_DIFFINBUF_HPIOBDIFFINBUF_DIFF_IN_P_O)
                                                      0.672     5.672 r  u_ibufds/DIFFINBUF_INST/O
                         net (fo=1, estimated)        0.040     5.712    u_ibufds/OUT
    BC26                 IBUFCTRL (Prop_IBUFCTRL_HPIOB_M_I_O)
                                                      0.000     5.712 r  u_ibufds/IBUFCTRL_INST/O
                         net (fo=1, unplaced)         0.247     5.959    clk200_raw
                         BUFGCE (Prop_BUFGCE_I_O)     0.024     5.983 r  u_bufg200/O
                         net (fo=50791, unplaced)     2.439     8.422    clk200
                         FDRE                                         r  seen_candidate_toggle200_reg[64]/C
                         clock pessimism              0.154     8.577    <hidden>
                         clock uncertainty           -0.035     8.542    <hidden>
                         FDRE (Setup_FDRE_C_D)        0.025     8.567    seen_candidate_toggle200_reg[64]
  -------------------------------------------------------------------
                         required time                          8.567    <hidden>
                         arrival time                          -5.726    <hidden>
  -------------------------------------------------------------------
                         slack                                  2.841    <hidden>

Slack (MET) :             2.841ns  (required time - arrival time)
  Source:                 target200_reg[0]/C
                            (rising edge-triggered cell FDRE clocked by clk200  {rise@0.000ns fall@2.500ns period=5.000ns})
  Destination:            seen_candidate_toggle200_reg[65]/D
                            (rising edge-triggered cell FDRE clocked by clk200  {rise@0.000ns fall@2.500ns period=5.000ns})
  Path Group:             clk200
  Path Type:              Setup (Max at Slow Process Corner)
  Requirement:            5.000ns  (clk200 rise@5.000ns - clk200 rise@0.000ns)
  Data Path Delay:        2.004ns  (logic 0.870ns (43.413%)  route 1.134ns (56.587%))
  Logic Levels:           21  (CARRY8=16 LUT3=1 LUT4=1 LUT5=1 LUT6=2)
  Clock Path Skew:        -0.145ns (DCD - SCD + CPR)
    Destination Clock Delay (DCD):    3.422ns = ( 8.422 - 5.000 ) 
    Source Clock Delay      (SCD):    3.722ns
    Clock Pessimism Removal (CPR):    0.154ns
  Clock Uncertainty:      0.035ns  ((TSJ^2 + TIJ^2)^1/2 + DJ) / 2 + PE
    Total System Jitter     (TSJ):    0.071ns
    Total Input Jitter      (TIJ):    0.000ns
    Discrete Jitter          (DJ):    0.000ns
    Phase Error              (PE):    0.000ns

    Location             Delay type                Incr(ns)  Path(ns)    Netlist Resource(s)
  -------------------------------------------------------------------    -------------------
                         (clock clk200 rise edge)     0.000     0.000 r  <hidden>
    BC26                                              0.000     0.000 r  clk_p
                         net (fo=0)                   0.000     0.000    u_ibufds/I
    HPIOBDIFFINBUF_X0Y37 DIFFINBUF (Prop_DIFFINBUF_HPIOBDIFFINBUF_DIFF_IN_P_O)
                                                      0.784     0.784 r  u_ibufds/DIFFINBUF_INST/O
                         net (fo=1, estimated)        0.050     0.834    u_ibufds/OUT
    BC26                 IBUFCTRL (Prop_IBUFCTRL_HPIOB_M_I_O)
                                                      0.000     0.834 r  u_ibufds/IBUFCTRL_INST/O
                         net (fo=1, unplaced)         0.276     1.110    clk200_raw
                         BUFGCE (Prop_BUFGCE_I_O)     0.028     1.138 r  u_bufg200/O
                         net (fo=50791, unplaced)     2.584     3.722    clk200
                         FDRE                                         r  target200_reg[0]/C
  -------------------------------------------------------------------    -------------------
                         FDRE (Prop_FDRE_C_Q)         0.077     3.799 r  target200_reg[0]/Q
                         net (fo=3, unplaced)         0.098     3.897    job_bus200__0[608]
                         LUT4 (Prop_LUT4_I0_O)        0.139     4.036 r  found_nonce200[31]_i_270/O
                         net (fo=1, unplaced)         0.242     4.278    found_nonce200[31]_i_270_n_0
                         CARRY8 (Prop_CARRY8_DI[0]_CO[7])
                                                      0.140     4.418 r  found_nonce200_reg[31]_i_246/CO[7]
                         net (fo=1, unplaced)         0.005     4.423    found_nonce200_reg[31]_i_246_n_0
                         CARRY8 (Prop_CARRY8_CI_CO[7])
                                                      0.022     4.445 r  found_nonce200_reg[31]_i_229/CO[7]
                         net (fo=1, unplaced)         0.005     4.450    found_nonce200_reg[31]_i_229_n_0
                         CARRY8 (Prop_CARRY8_CI_CO[7])
                                                      0.022     4.472 r  found_nonce200_reg[31]_i_212/CO[7]
                         net (fo=1, unplaced)         0.005     4.477    found_nonce200_reg[31]_i_212_n_0
                         CARRY8 (Prop_CARRY8_CI_CO[7])
                                                      0.022     4.499 r  found_nonce200_reg[31]_i_195/CO[7]
                         net (fo=1, unplaced)         0.005     4.504    found_nonce200_reg[31]_i_195_n_0
                         CARRY8 (Prop_CARRY8_CI_CO[7])
                                                      0.022     4.526 r  found_nonce200_reg[31]_i_178/CO[7]
                         net (fo=1, unplaced)         0.005     4.531    found_nonce200_reg[31]_i_178_n_0
                         CARRY8 (Prop_CARRY8_CI_CO[7])
                                                      0.022     4.553 r  found_nonce200_reg[31]_i_161/CO[7]
                         net (fo=1, unplaced)         0.005     4.558    found_nonce200_reg[31]_i_161_n_0
                         CARRY8 (Prop_CARRY8_CI_CO[7])
                                                      0.022     4.580 r  found_nonce200_reg[31]_i_144/CO[7]
                         net (fo=1, unplaced)         0.005     4.585    found_nonce200_reg[31]_i_144_n_0
                         CARRY8 (Prop_CARRY8_CI_CO[7])
                                                      0.022     4.607 r  found_nonce200_reg[31]_i_127/CO[7]
                         net (fo=1, unplaced)         0.005     4.612    found_nonce200_reg[31]_i_127_n_0
                         CARRY8 (Prop_CARRY8_CI_CO[7])
                                                      0.022     4.634 r  found_nonce200_reg[31]_i_110/CO[7]
                         net (fo=1, unplaced)         0.005     4.639    found_nonce200_reg[31]_i_110_n_0
                         CARRY8 (Prop_CARRY8_CI_CO[7])
                                                      0.022     4.661 r  found_nonce200_reg[31]_i_93/CO[7]
                         net (fo=1, unplaced)         0.005     4.666    found_nonce200_reg[31]_i_93_n_0
                         CARRY8 (Prop_CARRY8_CI_CO[7])
                                                      0.022     4.688 r  found_nonce200_reg[31]_i_76/CO[7]
                         net (fo=1, unplaced)         0.005     4.693    found_nonce200_reg[31]_i_76_n_0
                         CARRY8 (Prop_CARRY8_CI_CO[7])
                                                      0.022     4.715 r  found_nonce200_reg[31]_i_59/CO[7]
                         net (fo=1, unplaced)         0.005     4.720    found_nonce200_reg[31]_i_59_n_0
                         CARRY8 (Prop_CARRY8_CI_CO[7])
                                                      0.022     4.742 r  found_nonce200_reg[31]_i_42/CO[7]
                         net (fo=1, unplaced)         0.005     4.747    found_nonce200_reg[31]_i_42_n_0
                         CARRY8 (Prop_CARRY8_CI_CO[7])
                                                      0.022     4.769 r  found_nonce200_reg[31]_i_25/CO[7]
                         net (fo=1, unplaced)         0.005     4.774    found_nonce200_reg[31]_i_25_n_0
                         CARRY8 (Prop_CARRY8_CI_CO[7])
                                                      0.022     4.796 r  found_nonce200_reg[31]_i_8/CO[7]
                         net (fo=1, unplaced)         0.005     4.801    found_nonce200_reg[31]_i_8_n_0
                         CARRY8 (Prop_CARRY8_CI_CO[7])
                                                      0.022     4.823 r  found_nonce200_reg[31]_i_7/CO[7]
                         net (fo=1, unplaced)         0.020     4.843    scan_pass2000158_in
                         LUT3 (Prop_LUT3_I2_O)        0.038     4.881 r  found_nonce200[31]_i_3/O
                         net (fo=3, unplaced)         0.191     5.072    found_nonce200[31]_i_3_n_0
                         LUT6 (Prop_LUT6_I4_O)        0.038     5.110 f  scan_index200[6]_i_1/O
                         net (fo=123, unplaced)       0.275     5.385    scan_index200[6]_i_1_n_0
                         LUT5 (Prop_LUT5_I3_O)        0.070     5.455 r  seen_candidate_toggle200[65]_i_2/O
                         net (fo=1, unplaced)         0.185     5.640    seen_candidate_toggle200[65]_i_2_n_0
                         LUT6 (Prop_LUT6_I2_O)        0.038     5.678 r  seen_candidate_toggle200[65]_i_1/O
                         net (fo=1, unplaced)         0.048     5.726    seen_candidate_toggle200[65]_i_1_n_0
                         FDRE                                         r  seen_candidate_toggle200_reg[65]/D
  -------------------------------------------------------------------    -------------------

                         (clock clk200 rise edge)     5.000     5.000 r  <hidden>
    BC26                                              0.000     5.000 r  clk_p
                         net (fo=0)                   0.000     5.000    u_ibufds/I
    HPIOBDIFFINBUF_X0Y37 DIFFINBUF (Prop_DIFFINBUF_HPIOBDIFFINBUF_DIFF_IN_P_O)
                                                      0.672     5.672 r  u_ibufds/DIFFINBUF_INST/O
                         net (fo=1, estimated)        0.040     5.712    u_ibufds/OUT
    BC26                 IBUFCTRL (Prop_IBUFCTRL_HPIOB_M_I_O)
                                                      0.000     5.712 r  u_ibufds/IBUFCTRL_INST/O
                         net (fo=1, unplaced)         0.247     5.959    clk200_raw
                         BUFGCE (Prop_BUFGCE_I_O)     0.024     5.983 r  u_bufg200/O
                         net (fo=50791, unplaced)     2.439     8.422    clk200
                         FDRE                                         r  seen_candidate_toggle200_reg[65]/C
                         clock pessimism              0.154     8.577    <hidden>
                         clock uncertainty           -0.035     8.542    <hidden>
                         FDRE (Setup_FDRE_C_D)        0.025     8.567    seen_candidate_toggle200_reg[65]
  -------------------------------------------------------------------
                         required time                          8.567    <hidden>
                         arrival time                          -5.726    <hidden>
  -------------------------------------------------------------------
                         slack                                  2.841    <hidden>

Slack (MET) :             2.841ns  (required time - arrival time)
  Source:                 target200_reg[0]/C
                            (rising edge-triggered cell FDRE clocked by clk200  {rise@0.000ns fall@2.500ns period=5.000ns})
  Destination:            seen_candidate_toggle200_reg[66]/D
                            (rising edge-triggered cell FDRE clocked by clk200  {rise@0.000ns fall@2.500ns period=5.000ns})
  Path Group:             clk200
  Path Type:              Setup (Max at Slow Process Corner)
  Requirement:            5.000ns  (clk200 rise@5.000ns - clk200 rise@0.000ns)
  Data Path Delay:        2.004ns  (logic 0.870ns (43.413%)  route 1.134ns (56.587%))
  Logic Levels:           21  (CARRY8=16 LUT3=1 LUT4=1 LUT5=1 LUT6=2)
  Clock Path Skew:        -0.145ns (DCD - SCD + CPR)
    Destination Clock Delay (DCD):    3.422ns = ( 8.422 - 5.000 ) 
    Source Clock Delay      (SCD):    3.722ns
    Clock Pessimism Removal (CPR):    0.154ns
  Clock Uncertainty:      0.035ns  ((TSJ^2 + TIJ^2)^1/2 + DJ) / 2 + PE
    Total System Jitter     (TSJ):    0.071ns
    Total Input Jitter      (TIJ):    0.000ns
    Discrete Jitter          (DJ):    0.000ns
    Phase Error              (PE):    0.000ns

    Location             Delay type                Incr(ns)  Path(ns)    Netlist Resource(s)
  -------------------------------------------------------------------    -------------------
                         (clock clk200 rise edge)     0.000     0.000 r  <hidden>
    BC26                                              0.000     0.000 r  clk_p
                         net (fo=0)                   0.000     0.000    u_ibufds/I
    HPIOBDIFFINBUF_X0Y37 DIFFINBUF (Prop_DIFFINBUF_HPIOBDIFFINBUF_DIFF_IN_P_O)
                                                      0.784     0.784 r  u_ibufds/DIFFINBUF_INST/O
                         net (fo=1, estimated)        0.050     0.834    u_ibufds/OUT
    BC26                 IBUFCTRL (Prop_IBUFCTRL_HPIOB_M_I_O)
                                                      0.000     0.834 r  u_ibufds/IBUFCTRL_INST/O
                         net (fo=1, unplaced)         0.276     1.110    clk200_raw
                         BUFGCE (Prop_BUFGCE_I_O)     0.028     1.138 r  u_bufg200/O
                         net (fo=50791, unplaced)     2.584     3.722    clk200
                         FDRE                                         r  target200_reg[0]/C
  -------------------------------------------------------------------    -------------------
                         FDRE (Prop_FDRE_C_Q)         0.077     3.799 r  target200_reg[0]/Q
                         net (fo=3, unplaced)         0.098     3.897    job_bus200__0[608]
                         LUT4 (Prop_LUT4_I0_O)        0.139     4.036 r  found_nonce200[31]_i_270/O
                         net (fo=1, unplaced)         0.242     4.278    found_nonce200[31]_i_270_n_0
                         CARRY8 (Prop_CARRY8_DI[0]_CO[7])
                                                      0.140     4.418 r  found_nonce200_reg[31]_i_246/CO[7]
                         net (fo=1, unplaced)         0.005     4.423    found_nonce200_reg[31]_i_246_n_0
                         CARRY8 (Prop_CARRY8_CI_CO[7])
                                                      0.022     4.445 r  found_nonce200_reg[31]_i_229/CO[7]
                         net (fo=1, unplaced)         0.005     4.450    found_nonce200_reg[31]_i_229_n_0
                         CARRY8 (Prop_CARRY8_CI_CO[7])
                                                      0.022     4.472 r  found_nonce200_reg[31]_i_212/CO[7]
                         net (fo=1, unplaced)         0.005     4.477    found_nonce200_reg[31]_i_212_n_0
                         CARRY8 (Prop_CARRY8_CI_CO[7])
                                                      0.022     4.499 r  found_nonce200_reg[31]_i_195/CO[7]
                         net (fo=1, unplaced)         0.005     4.504    found_nonce200_reg[31]_i_195_n_0
                         CARRY8 (Prop_CARRY8_CI_CO[7])
                                                      0.022     4.526 r  found_nonce200_reg[31]_i_178/CO[7]
                         net (fo=1, unplaced)         0.005     4.531    found_nonce200_reg[31]_i_178_n_0
                         CARRY8 (Prop_CARRY8_CI_CO[7])
                                                      0.022     4.553 r  found_nonce200_reg[31]_i_161/CO[7]
                         net (fo=1, unplaced)         0.005     4.558    found_nonce200_reg[31]_i_161_n_0
                         CARRY8 (Prop_CARRY8_CI_CO[7])
                                                      0.022     4.580 r  found_nonce200_reg[31]_i_144/CO[7]
                         net (fo=1, unplaced)         0.005     4.585    found_nonce200_reg[31]_i_144_n_0
                         CARRY8 (Prop_CARRY8_CI_CO[7])
                                                      0.022     4.607 r  found_nonce200_reg[31]_i_127/CO[7]
                         net (fo=1, unplaced)         0.005     4.612    found_nonce200_reg[31]_i_127_n_0
                         CARRY8 (Prop_CARRY8_CI_CO[7])
                                                      0.022     4.634 r  found_nonce200_reg[31]_i_110/CO[7]
                         net (fo=1, unplaced)         0.005     4.639    found_nonce200_reg[31]_i_110_n_0
                         CARRY8 (Prop_CARRY8_CI_CO[7])
                                                      0.022     4.661 r  found_nonce200_reg[31]_i_93/CO[7]
                         net (fo=1, unplaced)         0.005     4.666    found_nonce200_reg[31]_i_93_n_0
                         CARRY8 (Prop_CARRY8_CI_CO[7])
                                                      0.022     4.688 r  found_nonce200_reg[31]_i_76/CO[7]
                         net (fo=1, unplaced)         0.005     4.693    found_nonce200_reg[31]_i_76_n_0
                         CARRY8 (Prop_CARRY8_CI_CO[7])
                                                      0.022     4.715 r  found_nonce200_reg[31]_i_59/CO[7]
                         net (fo=1, unplaced)         0.005     4.720    found_nonce200_reg[31]_i_59_n_0
                         CARRY8 (Prop_CARRY8_CI_CO[7])
                                                      0.022     4.742 r  found_nonce200_reg[31]_i_42/CO[7]
                         net (fo=1, unplaced)         0.005     4.747    found_nonce200_reg[31]_i_42_n_0
                         CARRY8 (Prop_CARRY8_CI_CO[7])
                                                      0.022     4.769 r  found_nonce200_reg[31]_i_25/CO[7]
                         net (fo=1, unplaced)         0.005     4.774    found_nonce200_reg[31]_i_25_n_0
                         CARRY8 (Prop_CARRY8_CI_CO[7])
                                                      0.022     4.796 r  found_nonce200_reg[31]_i_8/CO[7]
                         net (fo=1, unplaced)         0.005     4.801    found_nonce200_reg[31]_i_8_n_0
                         CARRY8 (Prop_CARRY8_CI_CO[7])
                                                      0.022     4.823 r  found_nonce200_reg[31]_i_7/CO[7]
                         net (fo=1, unplaced)         0.020     4.843    scan_pass2000158_in
                         LUT3 (Prop_LUT3_I2_O)        0.038     4.881 r  found_nonce200[31]_i_3/O
                         net (fo=3, unplaced)         0.191     5.072    found_nonce200[31]_i_3_n_0
                         LUT6 (Prop_LUT6_I4_O)        0.038     5.110 f  scan_index200[6]_i_1/O
                         net (fo=123, unplaced)       0.275     5.385    scan_index200[6]_i_1_n_0
                         LUT5 (Prop_LUT5_I3_O)        0.070     5.455 r  seen_candidate_toggle200[66]_i_2/O
                         net (fo=1, unplaced)         0.185     5.640    seen_candidate_toggle200[66]_i_2_n_0
                         LUT6 (Prop_LUT6_I2_O)        0.038     5.678 r  seen_candidate_toggle200[66]_i_1/O
                         net (fo=1, unplaced)         0.048     5.726    seen_candidate_toggle200[66]_i_1_n_0
                         FDRE                                         r  seen_candidate_toggle200_reg[66]/D
  -------------------------------------------------------------------    -------------------

                         (clock clk200 rise edge)     5.000     5.000 r  <hidden>
    BC26                                              0.000     5.000 r  clk_p
                         net (fo=0)                   0.000     5.000    u_ibufds/I
    HPIOBDIFFINBUF_X0Y37 DIFFINBUF (Prop_DIFFINBUF_HPIOBDIFFINBUF_DIFF_IN_P_O)
                                                      0.672     5.672 r  u_ibufds/DIFFINBUF_INST/O
                         net (fo=1, estimated)        0.040     5.712    u_ibufds/OUT
    BC26                 IBUFCTRL (Prop_IBUFCTRL_HPIOB_M_I_O)
                                                      0.000     5.712 r  u_ibufds/IBUFCTRL_INST/O
                         net (fo=1, unplaced)         0.247     5.959    clk200_raw
                         BUFGCE (Prop_BUFGCE_I_O)     0.024     5.983 r  u_bufg200/O
                         net (fo=50791, unplaced)     2.439     8.422    clk200
                         FDRE                                         r  seen_candidate_toggle200_reg[66]/C
                         clock pessimism              0.154     8.577    <hidden>
                         clock uncertainty           -0.035     8.542    <hidden>
                         FDRE (Setup_FDRE_C_D)        0.025     8.567    seen_candidate_toggle200_reg[66]
  -------------------------------------------------------------------
                         required time                          8.567    <hidden>
                         arrival time                          -5.726    <hidden>
  -------------------------------------------------------------------
                         slack                                  2.841    <hidden>

Slack (MET) :             2.841ns  (required time - arrival time)
  Source:                 target200_reg[0]/C
                            (rising edge-triggered cell FDRE clocked by clk200  {rise@0.000ns fall@2.500ns period=5.000ns})
  Destination:            seen_candidate_toggle200_reg[67]/D
                            (rising edge-triggered cell FDRE clocked by clk200  {rise@0.000ns fall@2.500ns period=5.000ns})
  Path Group:             clk200
  Path Type:              Setup (Max at Slow Process Corner)
  Requirement:            5.000ns  (clk200 rise@5.000ns - clk200 rise@0.000ns)
  Data Path Delay:        2.004ns  (logic 0.870ns (43.413%)  route 1.134ns (56.587%))
  Logic Levels:           21  (CARRY8=16 LUT3=1 LUT4=1 LUT5=1 LUT6=2)
  Clock Path Skew:        -0.145ns (DCD - SCD + CPR)
    Destination Clock Delay (DCD):    3.422ns = ( 8.422 - 5.000 ) 
    Source Clock Delay      (SCD):    3.722ns
    Clock Pessimism Removal (CPR):    0.154ns
  Clock Uncertainty:      0.035ns  ((TSJ^2 + TIJ^2)^1/2 + DJ) / 2 + PE
    Total System Jitter     (TSJ):    0.071ns
    Total Input Jitter      (TIJ):    0.000ns
    Discrete Jitter          (DJ):    0.000ns
    Phase Error              (PE):    0.000ns

    Location             Delay type                Incr(ns)  Path(ns)    Netlist Resource(s)
  -------------------------------------------------------------------    -------------------
                         (clock clk200 rise edge)     0.000     0.000 r  <hidden>
    BC26                                              0.000     0.000 r  clk_p
                         net (fo=0)                   0.000     0.000    u_ibufds/I
    HPIOBDIFFINBUF_X0Y37 DIFFINBUF (Prop_DIFFINBUF_HPIOBDIFFINBUF_DIFF_IN_P_O)
                                                      0.784     0.784 r  u_ibufds/DIFFINBUF_INST/O
                         net (fo=1, estimated)        0.050     0.834    u_ibufds/OUT
    BC26                 IBUFCTRL (Prop_IBUFCTRL_HPIOB_M_I_O)
                                                      0.000     0.834 r  u_ibufds/IBUFCTRL_INST/O
                         net (fo=1, unplaced)         0.276     1.110    clk200_raw
                         BUFGCE (Prop_BUFGCE_I_O)     0.028     1.138 r  u_bufg200/O
                         net (fo=50791, unplaced)     2.584     3.722    clk200
                         FDRE                                         r  target200_reg[0]/C
  -------------------------------------------------------------------    -------------------
                         FDRE (Prop_FDRE_C_Q)         0.077     3.799 r  target200_reg[0]/Q
                         net (fo=3, unplaced)         0.098     3.897    job_bus200__0[608]
                         LUT4 (Prop_LUT4_I0_O)        0.139     4.036 r  found_nonce200[31]_i_270/O
                         net (fo=1, unplaced)         0.242     4.278    found_nonce200[31]_i_270_n_0
                         CARRY8 (Prop_CARRY8_DI[0]_CO[7])
                                                      0.140     4.418 r  found_nonce200_reg[31]_i_246/CO[7]
                         net (fo=1, unplaced)         0.005     4.423    found_nonce200_reg[31]_i_246_n_0
                         CARRY8 (Prop_CARRY8_CI_CO[7])
                                                      0.022     4.445 r  found_nonce200_reg[31]_i_229/CO[7]
                         net (fo=1, unplaced)         0.005     4.450    found_nonce200_reg[31]_i_229_n_0
                         CARRY8 (Prop_CARRY8_CI_CO[7])
                                                      0.022     4.472 r  found_nonce200_reg[31]_i_212/CO[7]
                         net (fo=1, unplaced)         0.005     4.477    found_nonce200_reg[31]_i_212_n_0
                         CARRY8 (Prop_CARRY8_CI_CO[7])
                                                      0.022     4.499 r  found_nonce200_reg[31]_i_195/CO[7]
                         net (fo=1, unplaced)         0.005     4.504    found_nonce200_reg[31]_i_195_n_0
                         CARRY8 (Prop_CARRY8_CI_CO[7])
                                                      0.022     4.526 r  found_nonce200_reg[31]_i_178/CO[7]
                         net (fo=1, unplaced)         0.005     4.531    found_nonce200_reg[31]_i_178_n_0
                         CARRY8 (Prop_CARRY8_CI_CO[7])
                                                      0.022     4.553 r  found_nonce200_reg[31]_i_161/CO[7]
                         net (fo=1, unplaced)         0.005     4.558    found_nonce200_reg[31]_i_161_n_0
                         CARRY8 (Prop_CARRY8_CI_CO[7])
                                                      0.022     4.580 r  found_nonce200_reg[31]_i_144/CO[7]
                         net (fo=1, unplaced)         0.005     4.585    found_nonce200_reg[31]_i_144_n_0
                         CARRY8 (Prop_CARRY8_CI_CO[7])
                                                      0.022     4.607 r  found_nonce200_reg[31]_i_127/CO[7]
                         net (fo=1, unplaced)         0.005     4.612    found_nonce200_reg[31]_i_127_n_0
                         CARRY8 (Prop_CARRY8_CI_CO[7])
                                                      0.022     4.634 r  found_nonce200_reg[31]_i_110/CO[7]
                         net (fo=1, unplaced)         0.005     4.639    found_nonce200_reg[31]_i_110_n_0
                         CARRY8 (Prop_CARRY8_CI_CO[7])
                                                      0.022     4.661 r  found_nonce200_reg[31]_i_93/CO[7]
                         net (fo=1, unplaced)         0.005     4.666    found_nonce200_reg[31]_i_93_n_0
                         CARRY8 (Prop_CARRY8_CI_CO[7])
                                                      0.022     4.688 r  found_nonce200_reg[31]_i_76/CO[7]
                         net (fo=1, unplaced)         0.005     4.693    found_nonce200_reg[31]_i_76_n_0
                         CARRY8 (Prop_CARRY8_CI_CO[7])
                                                      0.022     4.715 r  found_nonce200_reg[31]_i_59/CO[7]
                         net (fo=1, unplaced)         0.005     4.720    found_nonce200_reg[31]_i_59_n_0
                         CARRY8 (Prop_CARRY8_CI_CO[7])
                                                      0.022     4.742 r  found_nonce200_reg[31]_i_42/CO[7]
                         net (fo=1, unplaced)         0.005     4.747    found_nonce200_reg[31]_i_42_n_0
                         CARRY8 (Prop_CARRY8_CI_CO[7])
                                                      0.022     4.769 r  found_nonce200_reg[31]_i_25/CO[7]
                         net (fo=1, unplaced)         0.005     4.774    found_nonce200_reg[31]_i_25_n_0
                         CARRY8 (Prop_CARRY8_CI_CO[7])
                                                      0.022     4.796 r  found_nonce200_reg[31]_i_8/CO[7]
                         net (fo=1, unplaced)         0.005     4.801    found_nonce200_reg[31]_i_8_n_0
                         CARRY8 (Prop_CARRY8_CI_CO[7])
                                                      0.022     4.823 r  found_nonce200_reg[31]_i_7/CO[7]
                         net (fo=1, unplaced)         0.020     4.843    scan_pass2000158_in
                         LUT3 (Prop_LUT3_I2_O)        0.038     4.881 r  found_nonce200[31]_i_3/O
                         net (fo=3, unplaced)         0.191     5.072    found_nonce200[31]_i_3_n_0
                         LUT6 (Prop_LUT6_I4_O)        0.038     5.110 f  scan_index200[6]_i_1/O
                         net (fo=123, unplaced)       0.275     5.385    scan_index200[6]_i_1_n_0
                         LUT5 (Prop_LUT5_I3_O)        0.070     5.455 r  seen_candidate_toggle200[67]_i_2/O
                         net (fo=1, unplaced)         0.185     5.640    seen_candidate_toggle200[67]_i_2_n_0
                         LUT6 (Prop_LUT6_I2_O)        0.038     5.678 r  seen_candidate_toggle200[67]_i_1/O
                         net (fo=1, unplaced)         0.048     5.726    seen_candidate_toggle200[67]_i_1_n_0
                         FDRE                                         r  seen_candidate_toggle200_reg[67]/D
  -------------------------------------------------------------------    -------------------

                         (clock clk200 rise edge)     5.000     5.000 r  <hidden>
    BC26                                              0.000     5.000 r  clk_p
                         net (fo=0)                   0.000     5.000    u_ibufds/I
    HPIOBDIFFINBUF_X0Y37 DIFFINBUF (Prop_DIFFINBUF_HPIOBDIFFINBUF_DIFF_IN_P_O)
                                                      0.672     5.672 r  u_ibufds/DIFFINBUF_INST/O
                         net (fo=1, estimated)        0.040     5.712    u_ibufds/OUT
    BC26                 IBUFCTRL (Prop_IBUFCTRL_HPIOB_M_I_O)
                                                      0.000     5.712 r  u_ibufds/IBUFCTRL_INST/O
                         net (fo=1, unplaced)         0.247     5.959    clk200_raw
                         BUFGCE (Prop_BUFGCE_I_O)     0.024     5.983 r  u_bufg200/O
                         net (fo=50791, unplaced)     2.439     8.422    clk200
                         FDRE                                         r  seen_candidate_toggle200_reg[67]/C
                         clock pessimism              0.154     8.577    <hidden>
                         clock uncertainty           -0.035     8.542    <hidden>
                         FDRE (Setup_FDRE_C_D)        0.025     8.567    seen_candidate_toggle200_reg[67]
  -------------------------------------------------------------------
                         required time                          8.567    <hidden>
                         arrival time                          -5.726    <hidden>
  -------------------------------------------------------------------
                         slack                                  2.841    <hidden>

Slack (MET) :             2.841ns  (required time - arrival time)
  Source:                 target200_reg[0]/C
                            (rising edge-triggered cell FDRE clocked by clk200  {rise@0.000ns fall@2.500ns period=5.000ns})
  Destination:            seen_candidate_toggle200_reg[68]/D
                            (rising edge-triggered cell FDRE clocked by clk200  {rise@0.000ns fall@2.500ns period=5.000ns})
  Path Group:             clk200
  Path Type:              Setup (Max at Slow Process Corner)
  Requirement:            5.000ns  (clk200 rise@5.000ns - clk200 rise@0.000ns)
  Data Path Delay:        2.004ns  (logic 0.870ns (43.413%)  route 1.134ns (56.587%))
  Logic Levels:           21  (CARRY8=16 LUT3=1 LUT4=1 LUT5=1 LUT6=2)
  Clock Path Skew:        -0.145ns (DCD - SCD + CPR)
    Destination Clock Delay (DCD):    3.422ns = ( 8.422 - 5.000 ) 
    Source Clock Delay      (SCD):    3.722ns
    Clock Pessimism Removal (CPR):    0.154ns
  Clock Uncertainty:      0.035ns  ((TSJ^2 + TIJ^2)^1/2 + DJ) / 2 + PE
    Total System Jitter     (TSJ):    0.071ns
    Total Input Jitter      (TIJ):    0.000ns
    Discrete Jitter          (DJ):    0.000ns
    Phase Error              (PE):    0.000ns

    Location             Delay type                Incr(ns)  Path(ns)    Netlist Resource(s)
  -------------------------------------------------------------------    -------------------
                         (clock clk200 rise edge)     0.000     0.000 r  <hidden>
    BC26                                              0.000     0.000 r  clk_p
                         net (fo=0)                   0.000     0.000    u_ibufds/I
    HPIOBDIFFINBUF_X0Y37 DIFFINBUF (Prop_DIFFINBUF_HPIOBDIFFINBUF_DIFF_IN_P_O)
                                                      0.784     0.784 r  u_ibufds/DIFFINBUF_INST/O
                         net (fo=1, estimated)        0.050     0.834    u_ibufds/OUT
    BC26                 IBUFCTRL (Prop_IBUFCTRL_HPIOB_M_I_O)
                                                      0.000     0.834 r  u_ibufds/IBUFCTRL_INST/O
                         net (fo=1, unplaced)         0.276     1.110    clk200_raw
                         BUFGCE (Prop_BUFGCE_I_O)     0.028     1.138 r  u_bufg200/O
                         net (fo=50791, unplaced)     2.584     3.722    clk200
                         FDRE                                         r  target200_reg[0]/C
  -------------------------------------------------------------------    -------------------
                         FDRE (Prop_FDRE_C_Q)         0.077     3.799 r  target200_reg[0]/Q
                         net (fo=3, unplaced)         0.098     3.897    job_bus200__0[608]
                         LUT4 (Prop_LUT4_I0_O)        0.139     4.036 r  found_nonce200[31]_i_270/O
                         net (fo=1, unplaced)         0.242     4.278    found_nonce200[31]_i_270_n_0
                         CARRY8 (Prop_CARRY8_DI[0]_CO[7])
                                                      0.140     4.418 r  found_nonce200_reg[31]_i_246/CO[7]
                         net (fo=1, unplaced)         0.005     4.423    found_nonce200_reg[31]_i_246_n_0
                         CARRY8 (Prop_CARRY8_CI_CO[7])
                                                      0.022     4.445 r  found_nonce200_reg[31]_i_229/CO[7]
                         net (fo=1, unplaced)         0.005     4.450    found_nonce200_reg[31]_i_229_n_0
                         CARRY8 (Prop_CARRY8_CI_CO[7])
                                                      0.022     4.472 r  found_nonce200_reg[31]_i_212/CO[7]
                         net (fo=1, unplaced)         0.005     4.477    found_nonce200_reg[31]_i_212_n_0
                         CARRY8 (Prop_CARRY8_CI_CO[7])
                                                      0.022     4.499 r  found_nonce200_reg[31]_i_195/CO[7]
                         net (fo=1, unplaced)         0.005     4.504    found_nonce200_reg[31]_i_195_n_0
                         CARRY8 (Prop_CARRY8_CI_CO[7])
                                                      0.022     4.526 r  found_nonce200_reg[31]_i_178/CO[7]
                         net (fo=1, unplaced)         0.005     4.531    found_nonce200_reg[31]_i_178_n_0
                         CARRY8 (Prop_CARRY8_CI_CO[7])
                                                      0.022     4.553 r  found_nonce200_reg[31]_i_161/CO[7]
                         net (fo=1, unplaced)         0.005     4.558    found_nonce200_reg[31]_i_161_n_0
                         CARRY8 (Prop_CARRY8_CI_CO[7])
                                                      0.022     4.580 r  found_nonce200_reg[31]_i_144/CO[7]
                         net (fo=1, unplaced)         0.005     4.585    found_nonce200_reg[31]_i_144_n_0
                         CARRY8 (Prop_CARRY8_CI_CO[7])
                                                      0.022     4.607 r  found_nonce200_reg[31]_i_127/CO[7]
                         net (fo=1, unplaced)         0.005     4.612    found_nonce200_reg[31]_i_127_n_0
                         CARRY8 (Prop_CARRY8_CI_CO[7])
                                                      0.022     4.634 r  found_nonce200_reg[31]_i_110/CO[7]
                         net (fo=1, unplaced)         0.005     4.639    found_nonce200_reg[31]_i_110_n_0
                         CARRY8 (Prop_CARRY8_CI_CO[7])
                                                      0.022     4.661 r  found_nonce200_reg[31]_i_93/CO[7]
                         net (fo=1, unplaced)         0.005     4.666    found_nonce200_reg[31]_i_93_n_0
                         CARRY8 (Prop_CARRY8_CI_CO[7])
                                                      0.022     4.688 r  found_nonce200_reg[31]_i_76/CO[7]
                         net (fo=1, unplaced)         0.005     4.693    found_nonce200_reg[31]_i_76_n_0
                         CARRY8 (Prop_CARRY8_CI_CO[7])
                                                      0.022     4.715 r  found_nonce200_reg[31]_i_59/CO[7]
                         net (fo=1, unplaced)         0.005     4.720    found_nonce200_reg[31]_i_59_n_0
                         CARRY8 (Prop_CARRY8_CI_CO[7])
                                                      0.022     4.742 r  found_nonce200_reg[31]_i_42/CO[7]
                         net (fo=1, unplaced)         0.005     4.747    found_nonce200_reg[31]_i_42_n_0
                         CARRY8 (Prop_CARRY8_CI_CO[7])
                                                      0.022     4.769 r  found_nonce200_reg[31]_i_25/CO[7]
                         net (fo=1, unplaced)         0.005     4.774    found_nonce200_reg[31]_i_25_n_0
                         CARRY8 (Prop_CARRY8_CI_CO[7])
                                                      0.022     4.796 r  found_nonce200_reg[31]_i_8/CO[7]
                         net (fo=1, unplaced)         0.005     4.801    found_nonce200_reg[31]_i_8_n_0
                         CARRY8 (Prop_CARRY8_CI_CO[7])
                                                      0.022     4.823 r  found_nonce200_reg[31]_i_7/CO[7]
                         net (fo=1, unplaced)         0.020     4.843    scan_pass2000158_in
                         LUT3 (Prop_LUT3_I2_O)        0.038     4.881 r  found_nonce200[31]_i_3/O
                         net (fo=3, unplaced)         0.191     5.072    found_nonce200[31]_i_3_n_0
                         LUT6 (Prop_LUT6_I4_O)        0.038     5.110 f  scan_index200[6]_i_1/O
                         net (fo=123, unplaced)       0.275     5.385    scan_index200[6]_i_1_n_0
                         LUT5 (Prop_LUT5_I3_O)        0.070     5.455 r  seen_candidate_toggle200[68]_i_2/O
                         net (fo=1, unplaced)         0.185     5.640    seen_candidate_toggle200[68]_i_2_n_0
                         LUT6 (Prop_LUT6_I2_O)        0.038     5.678 r  seen_candidate_toggle200[68]_i_1/O
                         net (fo=1, unplaced)         0.048     5.726    seen_candidate_toggle200[68]_i_1_n_0
                         FDRE                                         r  seen_candidate_toggle200_reg[68]/D
  -------------------------------------------------------------------    -------------------

                         (clock clk200 rise edge)     5.000     5.000 r  <hidden>
    BC26                                              0.000     5.000 r  clk_p
                         net (fo=0)                   0.000     5.000    u_ibufds/I
    HPIOBDIFFINBUF_X0Y37 DIFFINBUF (Prop_DIFFINBUF_HPIOBDIFFINBUF_DIFF_IN_P_O)
                                                      0.672     5.672 r  u_ibufds/DIFFINBUF_INST/O
                         net (fo=1, estimated)        0.040     5.712    u_ibufds/OUT
    BC26                 IBUFCTRL (Prop_IBUFCTRL_HPIOB_M_I_O)
                                                      0.000     5.712 r  u_ibufds/IBUFCTRL_INST/O
                         net (fo=1, unplaced)         0.247     5.959    clk200_raw
                         BUFGCE (Prop_BUFGCE_I_O)     0.024     5.983 r  u_bufg200/O
                         net (fo=50791, unplaced)     2.439     8.422    clk200
                         FDRE                                         r  seen_candidate_toggle200_reg[68]/C
                         clock pessimism              0.154     8.577    <hidden>
                         clock uncertainty           -0.035     8.542    <hidden>
                         FDRE (Setup_FDRE_C_D)        0.025     8.567    seen_candidate_toggle200_reg[68]
  -------------------------------------------------------------------
                         required time                          8.567    <hidden>
                         arrival time                          -5.726    <hidden>
  -------------------------------------------------------------------
                         slack                                  2.841    <hidden>

Slack (MET) :             2.841ns  (required time - arrival time)
  Source:                 target200_reg[0]/C
                            (rising edge-triggered cell FDRE clocked by clk200  {rise@0.000ns fall@2.500ns period=5.000ns})
  Destination:            seen_candidate_toggle200_reg[69]/D
                            (rising edge-triggered cell FDRE clocked by clk200  {rise@0.000ns fall@2.500ns period=5.000ns})
  Path Group:             clk200
  Path Type:              Setup (Max at Slow Process Corner)
  Requirement:            5.000ns  (clk200 rise@5.000ns - clk200 rise@0.000ns)
  Data Path Delay:        2.004ns  (logic 0.870ns (43.413%)  route 1.134ns (56.587%))
  Logic Levels:           21  (CARRY8=16 LUT3=1 LUT4=1 LUT5=1 LUT6=2)
  Clock Path Skew:        -0.145ns (DCD - SCD + CPR)
    Destination Clock Delay (DCD):    3.422ns = ( 8.422 - 5.000 ) 
    Source Clock Delay      (SCD):    3.722ns
    Clock Pessimism Removal (CPR):    0.154ns
  Clock Uncertainty:      0.035ns  ((TSJ^2 + TIJ^2)^1/2 + DJ) / 2 + PE
    Total System Jitter     (TSJ):    0.071ns
    Total Input Jitter      (TIJ):    0.000ns
    Discrete Jitter          (DJ):    0.000ns
    Phase Error              (PE):    0.000ns

    Location             Delay type                Incr(ns)  Path(ns)    Netlist Resource(s)
  -------------------------------------------------------------------    -------------------
                         (clock clk200 rise edge)     0.000     0.000 r  <hidden>
    BC26                                              0.000     0.000 r  clk_p
                         net (fo=0)                   0.000     0.000    u_ibufds/I
    HPIOBDIFFINBUF_X0Y37 DIFFINBUF (Prop_DIFFINBUF_HPIOBDIFFINBUF_DIFF_IN_P_O)
                                                      0.784     0.784 r  u_ibufds/DIFFINBUF_INST/O
                         net (fo=1, estimated)        0.050     0.834    u_ibufds/OUT
    BC26                 IBUFCTRL (Prop_IBUFCTRL_HPIOB_M_I_O)
                                                      0.000     0.834 r  u_ibufds/IBUFCTRL_INST/O
                         net (fo=1, unplaced)         0.276     1.110    clk200_raw
                         BUFGCE (Prop_BUFGCE_I_O)     0.028     1.138 r  u_bufg200/O
                         net (fo=50791, unplaced)     2.584     3.722    clk200
                         FDRE                                         r  target200_reg[0]/C
  -------------------------------------------------------------------    -------------------
                         FDRE (Prop_FDRE_C_Q)         0.077     3.799 r  target200_reg[0]/Q
                         net (fo=3, unplaced)         0.098     3.897    job_bus200__0[608]
                         LUT4 (Prop_LUT4_I0_O)        0.139     4.036 r  found_nonce200[31]_i_270/O
                         net (fo=1, unplaced)         0.242     4.278    found_nonce200[31]_i_270_n_0
                         CARRY8 (Prop_CARRY8_DI[0]_CO[7])
                                                      0.140     4.418 r  found_nonce200_reg[31]_i_246/CO[7]
                         net (fo=1, unplaced)         0.005     4.423    found_nonce200_reg[31]_i_246_n_0
                         CARRY8 (Prop_CARRY8_CI_CO[7])
                                                      0.022     4.445 r  found_nonce200_reg[31]_i_229/CO[7]
                         net (fo=1, unplaced)         0.005     4.450    found_nonce200_reg[31]_i_229_n_0
                         CARRY8 (Prop_CARRY8_CI_CO[7])
                                                      0.022     4.472 r  found_nonce200_reg[31]_i_212/CO[7]
                         net (fo=1, unplaced)         0.005     4.477    found_nonce200_reg[31]_i_212_n_0
                         CARRY8 (Prop_CARRY8_CI_CO[7])
                                                      0.022     4.499 r  found_nonce200_reg[31]_i_195/CO[7]
                         net (fo=1, unplaced)         0.005     4.504    found_nonce200_reg[31]_i_195_n_0
                         CARRY8 (Prop_CARRY8_CI_CO[7])
                                                      0.022     4.526 r  found_nonce200_reg[31]_i_178/CO[7]
                         net (fo=1, unplaced)         0.005     4.531    found_nonce200_reg[31]_i_178_n_0
                         CARRY8 (Prop_CARRY8_CI_CO[7])
                                                      0.022     4.553 r  found_nonce200_reg[31]_i_161/CO[7]
                         net (fo=1, unplaced)         0.005     4.558    found_nonce200_reg[31]_i_161_n_0
                         CARRY8 (Prop_CARRY8_CI_CO[7])
                                                      0.022     4.580 r  found_nonce200_reg[31]_i_144/CO[7]
                         net (fo=1, unplaced)         0.005     4.585    found_nonce200_reg[31]_i_144_n_0
                         CARRY8 (Prop_CARRY8_CI_CO[7])
                                                      0.022     4.607 r  found_nonce200_reg[31]_i_127/CO[7]
                         net (fo=1, unplaced)         0.005     4.612    found_nonce200_reg[31]_i_127_n_0
                         CARRY8 (Prop_CARRY8_CI_CO[7])
                                                      0.022     4.634 r  found_nonce200_reg[31]_i_110/CO[7]
                         net (fo=1, unplaced)         0.005     4.639    found_nonce200_reg[31]_i_110_n_0
                         CARRY8 (Prop_CARRY8_CI_CO[7])
                                                      0.022     4.661 r  found_nonce200_reg[31]_i_93/CO[7]
                         net (fo=1, unplaced)         0.005     4.666    found_nonce200_reg[31]_i_93_n_0
                         CARRY8 (Prop_CARRY8_CI_CO[7])
                                                      0.022     4.688 r  found_nonce200_reg[31]_i_76/CO[7]
                         net (fo=1, unplaced)         0.005     4.693    found_nonce200_reg[31]_i_76_n_0
                         CARRY8 (Prop_CARRY8_CI_CO[7])
                                                      0.022     4.715 r  found_nonce200_reg[31]_i_59/CO[7]
                         net (fo=1, unplaced)         0.005     4.720    found_nonce200_reg[31]_i_59_n_0
                         CARRY8 (Prop_CARRY8_CI_CO[7])
                                                      0.022     4.742 r  found_nonce200_reg[31]_i_42/CO[7]
                         net (fo=1, unplaced)         0.005     4.747    found_nonce200_reg[31]_i_42_n_0
                         CARRY8 (Prop_CARRY8_CI_CO[7])
                                                      0.022     4.769 r  found_nonce200_reg[31]_i_25/CO[7]
                         net (fo=1, unplaced)         0.005     4.774    found_nonce200_reg[31]_i_25_n_0
                         CARRY8 (Prop_CARRY8_CI_CO[7])
                                                      0.022     4.796 r  found_nonce200_reg[31]_i_8/CO[7]
                         net (fo=1, unplaced)         0.005     4.801    found_nonce200_reg[31]_i_8_n_0
                         CARRY8 (Prop_CARRY8_CI_CO[7])
                                                      0.022     4.823 r  found_nonce200_reg[31]_i_7/CO[7]
                         net (fo=1, unplaced)         0.020     4.843    scan_pass2000158_in
                         LUT3 (Prop_LUT3_I2_O)        0.038     4.881 r  found_nonce200[31]_i_3/O
                         net (fo=3, unplaced)         0.191     5.072    found_nonce200[31]_i_3_n_0
                         LUT6 (Prop_LUT6_I4_O)        0.038     5.110 f  scan_index200[6]_i_1/O
                         net (fo=123, unplaced)       0.275     5.385    scan_index200[6]_i_1_n_0
                         LUT5 (Prop_LUT5_I3_O)        0.070     5.455 r  seen_candidate_toggle200[69]_i_2/O
                         net (fo=1, unplaced)         0.185     5.640    seen_candidate_toggle200[69]_i_2_n_0
                         LUT6 (Prop_LUT6_I2_O)        0.038     5.678 r  seen_candidate_toggle200[69]_i_1/O
                         net (fo=1, unplaced)         0.048     5.726    seen_candidate_toggle200[69]_i_1_n_0
                         FDRE                                         r  seen_candidate_toggle200_reg[69]/D
  -------------------------------------------------------------------    -------------------

                         (clock clk200 rise edge)     5.000     5.000 r  <hidden>
    BC26                                              0.000     5.000 r  clk_p
                         net (fo=0)                   0.000     5.000    u_ibufds/I
    HPIOBDIFFINBUF_X0Y37 DIFFINBUF (Prop_DIFFINBUF_HPIOBDIFFINBUF_DIFF_IN_P_O)
                                                      0.672     5.672 r  u_ibufds/DIFFINBUF_INST/O
                         net (fo=1, estimated)        0.040     5.712    u_ibufds/OUT
    BC26                 IBUFCTRL (Prop_IBUFCTRL_HPIOB_M_I_O)
                                                      0.000     5.712 r  u_ibufds/IBUFCTRL_INST/O
                         net (fo=1, unplaced)         0.247     5.959    clk200_raw
                         BUFGCE (Prop_BUFGCE_I_O)     0.024     5.983 r  u_bufg200/O
                         net (fo=50791, unplaced)     2.439     8.422    clk200
                         FDRE                                         r  seen_candidate_toggle200_reg[69]/C
                         clock pessimism              0.154     8.577    <hidden>
                         clock uncertainty           -0.035     8.542    <hidden>
                         FDRE (Setup_FDRE_C_D)        0.025     8.567    seen_candidate_toggle200_reg[69]
  -------------------------------------------------------------------
                         required time                          8.567    <hidden>
                         arrival time                          -5.726    <hidden>
  -------------------------------------------------------------------
                         slack                                  2.841    <hidden>





Pulse Width Checks
--------------------------------------------------------------------------------------
Clock Name:         clk200
Waveform(ns):       { 0.000 2.500 }
Period(ns):         5.000
Sources:            { clk_p }

Check Type        Corner  Lib Pin            Reference Pin  Required(ns)  Actual(ns)  Slack(ns)  Location  Pin
Min Period        n/a     BUFGCE/I           n/a            1.290         5.000       3.710                u_bufg200/I
Min Period        n/a     MMCME4_ADV/CLKIN1  n/a            1.071         5.000       3.929                u_mmcm/CLKIN1
Min Period        n/a     FDRE/C             n/a            0.550         5.000       4.450                ack_seen200_reg/C
Min Period        n/a     FDRE/C             n/a            0.550         5.000       4.450                found_digest200_reg[0]/C
Min Period        n/a     FDRE/C             n/a            0.550         5.000       4.450                found_digest200_reg[100]/C
Min Period        n/a     FDRE/C             n/a            0.550         5.000       4.450                found_digest200_reg[101]/C
Min Period        n/a     FDRE/C             n/a            0.550         5.000       4.450                found_digest200_reg[102]/C
Min Period        n/a     FDRE/C             n/a            0.550         5.000       4.450                found_digest200_reg[103]/C
Min Period        n/a     FDRE/C             n/a            0.550         5.000       4.450                found_digest200_reg[104]/C
Min Period        n/a     FDRE/C             n/a            0.550         5.000       4.450                found_digest200_reg[105]/C
Min Period        n/a     FDRE/C             n/a            0.550         5.000       4.450                found_digest200_reg[106]/C
Min Period        n/a     FDRE/C             n/a            0.550         5.000       4.450                found_digest200_reg[107]/C
Min Period        n/a     FDRE/C             n/a            0.550         5.000       4.450                found_digest200_reg[108]/C
Min Period        n/a     FDRE/C             n/a            0.550         5.000       4.450                found_digest200_reg[109]/C
Min Period        n/a     FDRE/C             n/a            0.550         5.000       4.450                found_digest200_reg[10]/C
Min Period        n/a     FDRE/C             n/a            0.550         5.000       4.450                found_digest200_reg[110]/C
Min Period        n/a     FDRE/C             n/a            0.550         5.000       4.450                found_digest200_reg[111]/C
Min Period        n/a     FDRE/C             n/a            0.550         5.000       4.450                found_digest200_reg[112]/C
Min Period        n/a     FDRE/C             n/a            0.550         5.000       4.450                found_digest200_reg[113]/C
Min Period        n/a     FDRE/C             n/a            0.550         5.000       4.450                found_digest200_reg[114]/C
Max Period        n/a     MMCME4_ADV/CLKIN1  n/a            100.000       5.000       95.000               u_mmcm/CLKIN1
Low Pulse Width   Slow    MMCME4_ADV/CLKIN1  n/a            1.750         2.500       0.750                u_mmcm/CLKIN1
Low Pulse Width   Fast    MMCME4_ADV/CLKIN1  n/a            1.750         2.500       0.750                u_mmcm/CLKIN1
Low Pulse Width   Slow    FDRE/C             n/a            0.275         2.500       2.225                ack_seen200_reg/C
Low Pulse Width   Fast    FDRE/C             n/a            0.275         2.500       2.225                ack_seen200_reg/C
Low Pulse Width   Slow    FDRE/C             n/a            0.275         2.500       2.225                found_digest200_reg[0]/C
Low Pulse Width   Fast    FDRE/C             n/a            0.275         2.500       2.225                found_digest200_reg[0]/C
Low Pulse Width   Slow    FDRE/C             n/a            0.275         2.500       2.225                found_digest200_reg[100]/C
Low Pulse Width   Fast    FDRE/C             n/a            0.275         2.500       2.225                found_digest200_reg[100]/C
Low Pulse Width   Slow    FDRE/C             n/a            0.275         2.500       2.225                found_digest200_reg[101]/C
Low Pulse Width   Fast    FDRE/C             n/a            0.275         2.500       2.225                found_digest200_reg[101]/C
Low Pulse Width   Slow    FDRE/C             n/a            0.275         2.500       2.225                found_digest200_reg[102]/C
Low Pulse Width   Fast    FDRE/C             n/a            0.275         2.500       2.225                found_digest200_reg[102]/C
Low Pulse Width   Slow    FDRE/C             n/a            0.275         2.500       2.225                found_digest200_reg[103]/C
Low Pulse Width   Fast    FDRE/C             n/a            0.275         2.500       2.225                found_digest200_reg[103]/C
Low Pulse Width   Slow    FDRE/C             n/a            0.275         2.500       2.225                found_digest200_reg[104]/C
Low Pulse Width   Fast    FDRE/C             n/a            0.275         2.500       2.225                found_digest200_reg[104]/C
Low Pulse Width   Slow    FDRE/C             n/a            0.275         2.500       2.225                found_digest200_reg[105]/C
Low Pulse Width   Fast    FDRE/C             n/a            0.275         2.500       2.225                found_digest200_reg[105]/C
Low Pulse Width   Slow    FDRE/C             n/a            0.275         2.500       2.225                found_digest200_reg[106]/C
Low Pulse Width   Fast    FDRE/C             n/a            0.275         2.500       2.225                found_digest200_reg[106]/C
High Pulse Width  Slow    MMCME4_ADV/CLKIN1  n/a            1.750         2.500       0.750                u_mmcm/CLKIN1
High Pulse Width  Fast    MMCME4_ADV/CLKIN1  n/a            1.750         2.500       0.750                u_mmcm/CLKIN1
High Pulse Width  Slow    FDRE/C             n/a            0.275         2.500       2.225                ack_seen200_reg/C
High Pulse Width  Fast    FDRE/C             n/a            0.275         2.500       2.225                ack_seen200_reg/C
High Pulse Width  Slow    FDRE/C             n/a            0.275         2.500       2.225                found_digest200_reg[0]/C
High Pulse Width  Fast    FDRE/C             n/a            0.275         2.500       2.225                found_digest200_reg[0]/C
High Pulse Width  Slow    FDRE/C             n/a            0.275         2.500       2.225                found_digest200_reg[100]/C
High Pulse Width  Fast    FDRE/C             n/a            0.275         2.500       2.225                found_digest200_reg[100]/C
High Pulse Width  Slow    FDRE/C             n/a            0.275         2.500       2.225                found_digest200_reg[101]/C
High Pulse Width  Fast    FDRE/C             n/a            0.275         2.500       2.225                found_digest200_reg[101]/C
High Pulse Width  Slow    FDRE/C             n/a            0.275         2.500       2.225                found_digest200_reg[102]/C
High Pulse Width  Fast    FDRE/C             n/a            0.275         2.500       2.225                found_digest200_reg[102]/C
High Pulse Width  Slow    FDRE/C             n/a            0.275         2.500       2.225                found_digest200_reg[103]/C
High Pulse Width  Fast    FDRE/C             n/a            0.275         2.500       2.225                found_digest200_reg[103]/C
High Pulse Width  Slow    FDRE/C             n/a            0.275         2.500       2.225                found_digest200_reg[104]/C
High Pulse Width  Fast    FDRE/C             n/a            0.275         2.500       2.225                found_digest200_reg[104]/C
High Pulse Width  Slow    FDRE/C             n/a            0.275         2.500       2.225                found_digest200_reg[105]/C
High Pulse Width  Fast    FDRE/C             n/a            0.275         2.500       2.225                found_digest200_reg[105]/C
High Pulse Width  Slow    FDRE/C             n/a            0.275         2.500       2.225                found_digest200_reg[106]/C
High Pulse Width  Fast    FDRE/C             n/a            0.275         2.500       2.225                found_digest200_reg[106]/C



---------------------------------------------------------------------------------------------------
From Clock:  clk400_mmcm
  To Clock:  clk400_mmcm

Setup :            0  Failing Endpoints,  Worst Slack        1.470ns,  Total Violation        0.000ns
Hold  :           NA  Failing Endpoints,  Worst Slack           NA  ,  Total Violation           NA
PW    :            0  Failing Endpoints,  Worst Slack        1.154ns,  Total Violation        0.000ns
---------------------------------------------------------------------------------------------------


Max Delay Paths
--------------------------------------------------------------------------------------
Slack (MET) :             1.470ns  (required time - arrival time)
  Source:                 target_prefix400_reg[0][0]/C
                            (rising edge-triggered cell FDRE clocked by clk400_mmcm  {rise@0.000ns fall@1.429ns period=2.857ns})
  Destination:            candidate_hold400_reg[0][0]/CE
                            (rising edge-triggered cell FDRE clocked by clk400_mmcm  {rise@0.000ns fall@1.429ns period=2.857ns})
  Path Group:             clk400_mmcm
  Path Type:              Setup (Max at Slow Process Corner)
  Requirement:            2.857ns  (clk400_mmcm rise@2.857ns - clk400_mmcm rise@0.000ns)
  Data Path Delay:        1.125ns  (logic 0.394ns (35.022%)  route 0.731ns (64.978%))
  Logic Levels:           3  (CARRY8=1 LUT3=1 LUT4=1)
  Clock Path Skew:        -0.145ns (DCD - SCD + CPR)
    Destination Clock Delay (DCD):    3.611ns = ( 6.469 - 2.857 ) 
    Source Clock Delay      (SCD):    3.878ns
    Clock Pessimism Removal (CPR):    0.121ns
  Clock Uncertainty:      0.056ns  ((TSJ^2 + DJ^2)^1/2) / 2 + PE
    Total System Jitter     (TSJ):    0.071ns
    Discrete Jitter          (DJ):    0.087ns
    Phase Error              (PE):    0.000ns

    Location             Delay type                Incr(ns)  Path(ns)    Netlist Resource(s)
  -------------------------------------------------------------------    -------------------
                         (clock clk400_mmcm rise edge)
                                                      0.000     0.000 r  <hidden>
    BC26                                              0.000     0.000 r  clk_p
                         net (fo=0)                   0.000     0.000    u_ibufds/I
    HPIOBDIFFINBUF_X0Y37 DIFFINBUF (Prop_DIFFINBUF_HPIOBDIFFINBUF_DIFF_IN_P_O)
                                                      0.784     0.784 r  u_ibufds/DIFFINBUF_INST/O
                         net (fo=1, estimated)        0.050     0.834    u_ibufds/OUT
    BC26                 IBUFCTRL (Prop_IBUFCTRL_HPIOB_M_I_O)
                                                      0.000     0.834 r  u_ibufds/IBUFCTRL_INST/O
                         net (fo=1, unplaced)         0.276     1.110    clk200_raw
                         BUFGCE (Prop_BUFGCE_I_O)     0.028     1.138 r  u_bufg200/O
                         net (fo=50791, unplaced)     2.584     3.722    clk200
                         MMCME4_ADV (Prop_MMCME4_ADV_CLKIN1_CLKOUT0)
                                                     -2.654     1.068 r  u_mmcm/CLKOUT0
                         net (fo=1, unplaced)         0.198     1.266    clk400_mmcm
                         BUFGCE (Prop_BUFGCE_I_O)     0.028     1.294 r  u_bufg400/O
                         net (fo=476369, unplaced)    2.584     3.878    clk400
                         FDRE                                         r  target_prefix400_reg[0][0]/C
  -------------------------------------------------------------------    -------------------
                         FDRE (Prop_FDRE_C_Q)         0.077     3.955 r  target_prefix400_reg[0][0]/Q
                         net (fo=16, unplaced)        0.136     4.091    target_prefix400[0][0]
                         LUT4 (Prop_LUT4_I0_O)        0.139     4.230 r  candidate_hold400[0][295]_i_10/O
                         net (fo=1, unplaced)         0.242     4.472    candidate_hold400[0][295]_i_10_n_0
                         CARRY8 (Prop_CARRY8_DI[0]_CO[7])
                                                      0.140     4.612 r  candidate_hold400_reg[0][295]_i_2/CO[7]
                         net (fo=2, unplaced)         0.103     4.715    candidate_toggle4002156_in
                         LUT3 (Prop_LUT3_I0_O)        0.038     4.753 r  candidate_hold400[0][295]_i_1/O
                         net (fo=296, unplaced)       0.250     5.003    candidate_hold400[0][295]_i_1_n_0
                         FDRE                                         r  candidate_hold400_reg[0][0]/CE
  -------------------------------------------------------------------    -------------------

                         (clock clk400_mmcm rise edge)
                                                      2.857     2.857 r  <hidden>
    BC26                                              0.000     2.857 r  clk_p
                         net (fo=0)                   0.000     2.857    u_ibufds/I
    HPIOBDIFFINBUF_X0Y37 DIFFINBUF (Prop_DIFFINBUF_HPIOBDIFFINBUF_DIFF_IN_P_O)
                                                      0.672     3.530 r  u_ibufds/DIFFINBUF_INST/O
                         net (fo=1, estimated)        0.040     3.570    u_ibufds/OUT
    BC26                 IBUFCTRL (Prop_IBUFCTRL_HPIOB_M_I_O)
                                                      0.000     3.570 r  u_ibufds/IBUFCTRL_INST/O
                         net (fo=1, unplaced)         0.247     3.817    clk200_raw
                         BUFGCE (Prop_BUFGCE_I_O)     0.024     3.841 r  u_bufg200/O
                         net (fo=50791, unplaced)     2.439     6.280    clk200
                         MMCME4_ADV (Prop_MMCME4_ADV_CLKIN1_CLKOUT0)
                                                     -2.450     3.830 r  u_mmcm/CLKOUT0
                         net (fo=1, unplaced)         0.176     4.006    clk400_mmcm
                         BUFGCE (Prop_BUFGCE_I_O)     0.024     4.030 r  u_bufg400/O
                         net (fo=476369, unplaced)    2.439     6.469    clk400
                         FDRE                                         r  candidate_hold400_reg[0][0]/C
                         clock pessimism              0.121     6.590    <hidden>
                         clock uncertainty           -0.056     6.534    <hidden>
                         FDRE (Setup_FDRE_C_CE)      -0.061     6.473    candidate_hold400_reg[0][0]
  -------------------------------------------------------------------
                         required time                          6.473    <hidden>
                         arrival time                          -5.003    <hidden>
  -------------------------------------------------------------------
                         slack                                  1.470    <hidden>

Slack (MET) :             1.470ns  (required time - arrival time)
  Source:                 target_prefix400_reg[0][0]/C
                            (rising edge-triggered cell FDRE clocked by clk400_mmcm  {rise@0.000ns fall@1.429ns period=2.857ns})
  Destination:            candidate_hold400_reg[0][100]/CE
                            (rising edge-triggered cell FDRE clocked by clk400_mmcm  {rise@0.000ns fall@1.429ns period=2.857ns})
  Path Group:             clk400_mmcm
  Path Type:              Setup (Max at Slow Process Corner)
  Requirement:            2.857ns  (clk400_mmcm rise@2.857ns - clk400_mmcm rise@0.000ns)
  Data Path Delay:        1.125ns  (logic 0.394ns (35.022%)  route 0.731ns (64.978%))
  Logic Levels:           3  (CARRY8=1 LUT3=1 LUT4=1)
  Clock Path Skew:        -0.145ns (DCD - SCD + CPR)
    Destination Clock Delay (DCD):    3.611ns = ( 6.469 - 2.857 ) 
    Source Clock Delay      (SCD):    3.878ns
    Clock Pessimism Removal (CPR):    0.121ns
  Clock Uncertainty:      0.056ns  ((TSJ^2 + DJ^2)^1/2) / 2 + PE
    Total System Jitter     (TSJ):    0.071ns
    Discrete Jitter          (DJ):    0.087ns
    Phase Error              (PE):    0.000ns

    Location             Delay type                Incr(ns)  Path(ns)    Netlist Resource(s)
  -------------------------------------------------------------------    -------------------
                         (clock clk400_mmcm rise edge)
                                                      0.000     0.000 r  <hidden>
    BC26                                              0.000     0.000 r  clk_p
                         net (fo=0)                   0.000     0.000    u_ibufds/I
    HPIOBDIFFINBUF_X0Y37 DIFFINBUF (Prop_DIFFINBUF_HPIOBDIFFINBUF_DIFF_IN_P_O)
                                                      0.784     0.784 r  u_ibufds/DIFFINBUF_INST/O
                         net (fo=1, estimated)        0.050     0.834    u_ibufds/OUT
    BC26                 IBUFCTRL (Prop_IBUFCTRL_HPIOB_M_I_O)
                                                      0.000     0.834 r  u_ibufds/IBUFCTRL_INST/O
                         net (fo=1, unplaced)         0.276     1.110    clk200_raw
                         BUFGCE (Prop_BUFGCE_I_O)     0.028     1.138 r  u_bufg200/O
                         net (fo=50791, unplaced)     2.584     3.722    clk200
                         MMCME4_ADV (Prop_MMCME4_ADV_CLKIN1_CLKOUT0)
                                                     -2.654     1.068 r  u_mmcm/CLKOUT0
                         net (fo=1, unplaced)         0.198     1.266    clk400_mmcm
                         BUFGCE (Prop_BUFGCE_I_O)     0.028     1.294 r  u_bufg400/O
                         net (fo=476369, unplaced)    2.584     3.878    clk400
                         FDRE                                         r  target_prefix400_reg[0][0]/C
  -------------------------------------------------------------------    -------------------
                         FDRE (Prop_FDRE_C_Q)         0.077     3.955 r  target_prefix400_reg[0][0]/Q
                         net (fo=16, unplaced)        0.136     4.091    target_prefix400[0][0]
                         LUT4 (Prop_LUT4_I0_O)        0.139     4.230 r  candidate_hold400[0][295]_i_10/O
                         net (fo=1, unplaced)         0.242     4.472    candidate_hold400[0][295]_i_10_n_0
                         CARRY8 (Prop_CARRY8_DI[0]_CO[7])
                                                      0.140     4.612 r  candidate_hold400_reg[0][295]_i_2/CO[7]
                         net (fo=2, unplaced)         0.103     4.715    candidate_toggle4002156_in
                         LUT3 (Prop_LUT3_I0_O)        0.038     4.753 r  candidate_hold400[0][295]_i_1/O
                         net (fo=296, unplaced)       0.250     5.003    candidate_hold400[0][295]_i_1_n_0
                         FDRE                                         r  candidate_hold400_reg[0][100]/CE
  -------------------------------------------------------------------    -------------------

                         (clock clk400_mmcm rise edge)
                                                      2.857     2.857 r  <hidden>
    BC26                                              0.000     2.857 r  clk_p
                         net (fo=0)                   0.000     2.857    u_ibufds/I
    HPIOBDIFFINBUF_X0Y37 DIFFINBUF (Prop_DIFFINBUF_HPIOBDIFFINBUF_DIFF_IN_P_O)
                                                      0.672     3.530 r  u_ibufds/DIFFINBUF_INST/O
                         net (fo=1, estimated)        0.040     3.570    u_ibufds/OUT
    BC26                 IBUFCTRL (Prop_IBUFCTRL_HPIOB_M_I_O)
                                                      0.000     3.570 r  u_ibufds/IBUFCTRL_INST/O
                         net (fo=1, unplaced)         0.247     3.817    clk200_raw
                         BUFGCE (Prop_BUFGCE_I_O)     0.024     3.841 r  u_bufg200/O
                         net (fo=50791, unplaced)     2.439     6.280    clk200
                         MMCME4_ADV (Prop_MMCME4_ADV_CLKIN1_CLKOUT0)
                                                     -2.450     3.830 r  u_mmcm/CLKOUT0
                         net (fo=1, unplaced)         0.176     4.006    clk400_mmcm
                         BUFGCE (Prop_BUFGCE_I_O)     0.024     4.030 r  u_bufg400/O
                         net (fo=476369, unplaced)    2.439     6.469    clk400
                         FDRE                                         r  candidate_hold400_reg[0][100]/C
                         clock pessimism              0.121     6.590    <hidden>
                         clock uncertainty           -0.056     6.534    <hidden>
                         FDRE (Setup_FDRE_C_CE)      -0.061     6.473    candidate_hold400_reg[0][100]
  -------------------------------------------------------------------
                         required time                          6.473    <hidden>
                         arrival time                          -5.003    <hidden>
  -------------------------------------------------------------------
                         slack                                  1.470    <hidden>

Slack (MET) :             1.470ns  (required time - arrival time)
  Source:                 target_prefix400_reg[0][0]/C
                            (rising edge-triggered cell FDRE clocked by clk400_mmcm  {rise@0.000ns fall@1.429ns period=2.857ns})
  Destination:            candidate_hold400_reg[0][101]/CE
                            (rising edge-triggered cell FDRE clocked by clk400_mmcm  {rise@0.000ns fall@1.429ns period=2.857ns})
  Path Group:             clk400_mmcm
  Path Type:              Setup (Max at Slow Process Corner)
  Requirement:            2.857ns  (clk400_mmcm rise@2.857ns - clk400_mmcm rise@0.000ns)
  Data Path Delay:        1.125ns  (logic 0.394ns (35.022%)  route 0.731ns (64.978%))
  Logic Levels:           3  (CARRY8=1 LUT3=1 LUT4=1)
  Clock Path Skew:        -0.145ns (DCD - SCD + CPR)
    Destination Clock Delay (DCD):    3.611ns = ( 6.469 - 2.857 ) 
    Source Clock Delay      (SCD):    3.878ns
    Clock Pessimism Removal (CPR):    0.121ns
  Clock Uncertainty:      0.056ns  ((TSJ^2 + DJ^2)^1/2) / 2 + PE
    Total System Jitter     (TSJ):    0.071ns
    Discrete Jitter          (DJ):    0.087ns
    Phase Error              (PE):    0.000ns

    Location             Delay type                Incr(ns)  Path(ns)    Netlist Resource(s)
  -------------------------------------------------------------------    -------------------
                         (clock clk400_mmcm rise edge)
                                                      0.000     0.000 r  <hidden>
    BC26                                              0.000     0.000 r  clk_p
                         net (fo=0)                   0.000     0.000    u_ibufds/I
    HPIOBDIFFINBUF_X0Y37 DIFFINBUF (Prop_DIFFINBUF_HPIOBDIFFINBUF_DIFF_IN_P_O)
                                                      0.784     0.784 r  u_ibufds/DIFFINBUF_INST/O
                         net (fo=1, estimated)        0.050     0.834    u_ibufds/OUT
    BC26                 IBUFCTRL (Prop_IBUFCTRL_HPIOB_M_I_O)
                                                      0.000     0.834 r  u_ibufds/IBUFCTRL_INST/O
                         net (fo=1, unplaced)         0.276     1.110    clk200_raw
                         BUFGCE (Prop_BUFGCE_I_O)     0.028     1.138 r  u_bufg200/O
                         net (fo=50791, unplaced)     2.584     3.722    clk200
                         MMCME4_ADV (Prop_MMCME4_ADV_CLKIN1_CLKOUT0)
                                                     -2.654     1.068 r  u_mmcm/CLKOUT0
                         net (fo=1, unplaced)         0.198     1.266    clk400_mmcm
                         BUFGCE (Prop_BUFGCE_I_O)     0.028     1.294 r  u_bufg400/O
                         net (fo=476369, unplaced)    2.584     3.878    clk400
                         FDRE                                         r  target_prefix400_reg[0][0]/C
  -------------------------------------------------------------------    -------------------
                         FDRE (Prop_FDRE_C_Q)         0.077     3.955 r  target_prefix400_reg[0][0]/Q
                         net (fo=16, unplaced)        0.136     4.091    target_prefix400[0][0]
                         LUT4 (Prop_LUT4_I0_O)        0.139     4.230 r  candidate_hold400[0][295]_i_10/O
                         net (fo=1, unplaced)         0.242     4.472    candidate_hold400[0][295]_i_10_n_0
                         CARRY8 (Prop_CARRY8_DI[0]_CO[7])
                                                      0.140     4.612 r  candidate_hold400_reg[0][295]_i_2/CO[7]
                         net (fo=2, unplaced)         0.103     4.715    candidate_toggle4002156_in
                         LUT3 (Prop_LUT3_I0_O)        0.038     4.753 r  candidate_hold400[0][295]_i_1/O
                         net (fo=296, unplaced)       0.250     5.003    candidate_hold400[0][295]_i_1_n_0
                         FDRE                                         r  candidate_hold400_reg[0][101]/CE
  -------------------------------------------------------------------    -------------------

                         (clock clk400_mmcm rise edge)
                                                      2.857     2.857 r  <hidden>
    BC26                                              0.000     2.857 r  clk_p
                         net (fo=0)                   0.000     2.857    u_ibufds/I
    HPIOBDIFFINBUF_X0Y37 DIFFINBUF (Prop_DIFFINBUF_HPIOBDIFFINBUF_DIFF_IN_P_O)
                                                      0.672     3.530 r  u_ibufds/DIFFINBUF_INST/O
                         net (fo=1, estimated)        0.040     3.570    u_ibufds/OUT
    BC26                 IBUFCTRL (Prop_IBUFCTRL_HPIOB_M_I_O)
                                                      0.000     3.570 r  u_ibufds/IBUFCTRL_INST/O
                         net (fo=1, unplaced)         0.247     3.817    clk200_raw
                         BUFGCE (Prop_BUFGCE_I_O)     0.024     3.841 r  u_bufg200/O
                         net (fo=50791, unplaced)     2.439     6.280    clk200
                         MMCME4_ADV (Prop_MMCME4_ADV_CLKIN1_CLKOUT0)
                                                     -2.450     3.830 r  u_mmcm/CLKOUT0
                         net (fo=1, unplaced)         0.176     4.006    clk400_mmcm
                         BUFGCE (Prop_BUFGCE_I_O)     0.024     4.030 r  u_bufg400/O
                         net (fo=476369, unplaced)    2.439     6.469    clk400
                         FDRE                                         r  candidate_hold400_reg[0][101]/C
                         clock pessimism              0.121     6.590    <hidden>
                         clock uncertainty           -0.056     6.534    <hidden>
                         FDRE (Setup_FDRE_C_CE)      -0.061     6.473    candidate_hold400_reg[0][101]
  -------------------------------------------------------------------
                         required time                          6.473    <hidden>
                         arrival time                          -5.003    <hidden>
  -------------------------------------------------------------------
                         slack                                  1.470    <hidden>

Slack (MET) :             1.470ns  (required time - arrival time)
  Source:                 target_prefix400_reg[0][0]/C
                            (rising edge-triggered cell FDRE clocked by clk400_mmcm  {rise@0.000ns fall@1.429ns period=2.857ns})
  Destination:            candidate_hold400_reg[0][102]/CE
                            (rising edge-triggered cell FDRE clocked by clk400_mmcm  {rise@0.000ns fall@1.429ns period=2.857ns})
  Path Group:             clk400_mmcm
  Path Type:              Setup (Max at Slow Process Corner)
  Requirement:            2.857ns  (clk400_mmcm rise@2.857ns - clk400_mmcm rise@0.000ns)
  Data Path Delay:        1.125ns  (logic 0.394ns (35.022%)  route 0.731ns (64.978%))
  Logic Levels:           3  (CARRY8=1 LUT3=1 LUT4=1)
  Clock Path Skew:        -0.145ns (DCD - SCD + CPR)
    Destination Clock Delay (DCD):    3.611ns = ( 6.469 - 2.857 ) 
    Source Clock Delay      (SCD):    3.878ns
    Clock Pessimism Removal (CPR):    0.121ns
  Clock Uncertainty:      0.056ns  ((TSJ^2 + DJ^2)^1/2) / 2 + PE
    Total System Jitter     (TSJ):    0.071ns
    Discrete Jitter          (DJ):    0.087ns
    Phase Error              (PE):    0.000ns

    Location             Delay type                Incr(ns)  Path(ns)    Netlist Resource(s)
  -------------------------------------------------------------------    -------------------
                         (clock clk400_mmcm rise edge)
                                                      0.000     0.000 r  <hidden>
    BC26                                              0.000     0.000 r  clk_p
                         net (fo=0)                   0.000     0.000    u_ibufds/I
    HPIOBDIFFINBUF_X0Y37 DIFFINBUF (Prop_DIFFINBUF_HPIOBDIFFINBUF_DIFF_IN_P_O)
                                                      0.784     0.784 r  u_ibufds/DIFFINBUF_INST/O
                         net (fo=1, estimated)        0.050     0.834    u_ibufds/OUT
    BC26                 IBUFCTRL (Prop_IBUFCTRL_HPIOB_M_I_O)
                                                      0.000     0.834 r  u_ibufds/IBUFCTRL_INST/O
                         net (fo=1, unplaced)         0.276     1.110    clk200_raw
                         BUFGCE (Prop_BUFGCE_I_O)     0.028     1.138 r  u_bufg200/O
                         net (fo=50791, unplaced)     2.584     3.722    clk200
                         MMCME4_ADV (Prop_MMCME4_ADV_CLKIN1_CLKOUT0)
                                                     -2.654     1.068 r  u_mmcm/CLKOUT0
                         net (fo=1, unplaced)         0.198     1.266    clk400_mmcm
                         BUFGCE (Prop_BUFGCE_I_O)     0.028     1.294 r  u_bufg400/O
                         net (fo=476369, unplaced)    2.584     3.878    clk400
                         FDRE                                         r  target_prefix400_reg[0][0]/C
  -------------------------------------------------------------------    -------------------
                         FDRE (Prop_FDRE_C_Q)         0.077     3.955 r  target_prefix400_reg[0][0]/Q
                         net (fo=16, unplaced)        0.136     4.091    target_prefix400[0][0]
                         LUT4 (Prop_LUT4_I0_O)        0.139     4.230 r  candidate_hold400[0][295]_i_10/O
                         net (fo=1, unplaced)         0.242     4.472    candidate_hold400[0][295]_i_10_n_0
                         CARRY8 (Prop_CARRY8_DI[0]_CO[7])
                                                      0.140     4.612 r  candidate_hold400_reg[0][295]_i_2/CO[7]
                         net (fo=2, unplaced)         0.103     4.715    candidate_toggle4002156_in
                         LUT3 (Prop_LUT3_I0_O)        0.038     4.753 r  candidate_hold400[0][295]_i_1/O
                         net (fo=296, unplaced)       0.250     5.003    candidate_hold400[0][295]_i_1_n_0
                         FDRE                                         r  candidate_hold400_reg[0][102]/CE
  -------------------------------------------------------------------    -------------------

                         (clock clk400_mmcm rise edge)
                                                      2.857     2.857 r  <hidden>
    BC26                                              0.000     2.857 r  clk_p
                         net (fo=0)                   0.000     2.857    u_ibufds/I
    HPIOBDIFFINBUF_X0Y37 DIFFINBUF (Prop_DIFFINBUF_HPIOBDIFFINBUF_DIFF_IN_P_O)
                                                      0.672     3.530 r  u_ibufds/DIFFINBUF_INST/O
                         net (fo=1, estimated)        0.040     3.570    u_ibufds/OUT
    BC26                 IBUFCTRL (Prop_IBUFCTRL_HPIOB_M_I_O)
                                                      0.000     3.570 r  u_ibufds/IBUFCTRL_INST/O
                         net (fo=1, unplaced)         0.247     3.817    clk200_raw
                         BUFGCE (Prop_BUFGCE_I_O)     0.024     3.841 r  u_bufg200/O
                         net (fo=50791, unplaced)     2.439     6.280    clk200
                         MMCME4_ADV (Prop_MMCME4_ADV_CLKIN1_CLKOUT0)
                                                     -2.450     3.830 r  u_mmcm/CLKOUT0
                         net (fo=1, unplaced)         0.176     4.006    clk400_mmcm
                         BUFGCE (Prop_BUFGCE_I_O)     0.024     4.030 r  u_bufg400/O
                         net (fo=476369, unplaced)    2.439     6.469    clk400
                         FDRE                                         r  candidate_hold400_reg[0][102]/C
                         clock pessimism              0.121     6.590    <hidden>
                         clock uncertainty           -0.056     6.534    <hidden>
                         FDRE (Setup_FDRE_C_CE)      -0.061     6.473    candidate_hold400_reg[0][102]
  -------------------------------------------------------------------
                         required time                          6.473    <hidden>
                         arrival time                          -5.003    <hidden>
  -------------------------------------------------------------------
                         slack                                  1.470    <hidden>

Slack (MET) :             1.470ns  (required time - arrival time)
  Source:                 target_prefix400_reg[0][0]/C
                            (rising edge-triggered cell FDRE clocked by clk400_mmcm  {rise@0.000ns fall@1.429ns period=2.857ns})
  Destination:            candidate_hold400_reg[0][103]/CE
                            (rising edge-triggered cell FDRE clocked by clk400_mmcm  {rise@0.000ns fall@1.429ns period=2.857ns})
  Path Group:             clk400_mmcm
  Path Type:              Setup (Max at Slow Process Corner)
  Requirement:            2.857ns  (clk400_mmcm rise@2.857ns - clk400_mmcm rise@0.000ns)
  Data Path Delay:        1.125ns  (logic 0.394ns (35.022%)  route 0.731ns (64.978%))
  Logic Levels:           3  (CARRY8=1 LUT3=1 LUT4=1)
  Clock Path Skew:        -0.145ns (DCD - SCD + CPR)
    Destination Clock Delay (DCD):    3.611ns = ( 6.469 - 2.857 ) 
    Source Clock Delay      (SCD):    3.878ns
    Clock Pessimism Removal (CPR):    0.121ns
  Clock Uncertainty:      0.056ns  ((TSJ^2 + DJ^2)^1/2) / 2 + PE
    Total System Jitter     (TSJ):    0.071ns
    Discrete Jitter          (DJ):    0.087ns
    Phase Error              (PE):    0.000ns

    Location             Delay type                Incr(ns)  Path(ns)    Netlist Resource(s)
  -------------------------------------------------------------------    -------------------
                         (clock clk400_mmcm rise edge)
                                                      0.000     0.000 r  <hidden>
    BC26                                              0.000     0.000 r  clk_p
                         net (fo=0)                   0.000     0.000    u_ibufds/I
    HPIOBDIFFINBUF_X0Y37 DIFFINBUF (Prop_DIFFINBUF_HPIOBDIFFINBUF_DIFF_IN_P_O)
                                                      0.784     0.784 r  u_ibufds/DIFFINBUF_INST/O
                         net (fo=1, estimated)        0.050     0.834    u_ibufds/OUT
    BC26                 IBUFCTRL (Prop_IBUFCTRL_HPIOB_M_I_O)
                                                      0.000     0.834 r  u_ibufds/IBUFCTRL_INST/O
                         net (fo=1, unplaced)         0.276     1.110    clk200_raw
                         BUFGCE (Prop_BUFGCE_I_O)     0.028     1.138 r  u_bufg200/O
                         net (fo=50791, unplaced)     2.584     3.722    clk200
                         MMCME4_ADV (Prop_MMCME4_ADV_CLKIN1_CLKOUT0)
                                                     -2.654     1.068 r  u_mmcm/CLKOUT0
                         net (fo=1, unplaced)         0.198     1.266    clk400_mmcm
                         BUFGCE (Prop_BUFGCE_I_O)     0.028     1.294 r  u_bufg400/O
                         net (fo=476369, unplaced)    2.584     3.878    clk400
                         FDRE                                         r  target_prefix400_reg[0][0]/C
  -------------------------------------------------------------------    -------------------
                         FDRE (Prop_FDRE_C_Q)         0.077     3.955 r  target_prefix400_reg[0][0]/Q
                         net (fo=16, unplaced)        0.136     4.091    target_prefix400[0][0]
                         LUT4 (Prop_LUT4_I0_O)        0.139     4.230 r  candidate_hold400[0][295]_i_10/O
                         net (fo=1, unplaced)         0.242     4.472    candidate_hold400[0][295]_i_10_n_0
                         CARRY8 (Prop_CARRY8_DI[0]_CO[7])
                                                      0.140     4.612 r  candidate_hold400_reg[0][295]_i_2/CO[7]
                         net (fo=2, unplaced)         0.103     4.715    candidate_toggle4002156_in
                         LUT3 (Prop_LUT3_I0_O)        0.038     4.753 r  candidate_hold400[0][295]_i_1/O
                         net (fo=296, unplaced)       0.250     5.003    candidate_hold400[0][295]_i_1_n_0
                         FDRE                                         r  candidate_hold400_reg[0][103]/CE
  -------------------------------------------------------------------    -------------------

                         (clock clk400_mmcm rise edge)
                                                      2.857     2.857 r  <hidden>
    BC26                                              0.000     2.857 r  clk_p
                         net (fo=0)                   0.000     2.857    u_ibufds/I
    HPIOBDIFFINBUF_X0Y37 DIFFINBUF (Prop_DIFFINBUF_HPIOBDIFFINBUF_DIFF_IN_P_O)
                                                      0.672     3.530 r  u_ibufds/DIFFINBUF_INST/O
                         net (fo=1, estimated)        0.040     3.570    u_ibufds/OUT
    BC26                 IBUFCTRL (Prop_IBUFCTRL_HPIOB_M_I_O)
                                                      0.000     3.570 r  u_ibufds/IBUFCTRL_INST/O
                         net (fo=1, unplaced)         0.247     3.817    clk200_raw
                         BUFGCE (Prop_BUFGCE_I_O)     0.024     3.841 r  u_bufg200/O
                         net (fo=50791, unplaced)     2.439     6.280    clk200
                         MMCME4_ADV (Prop_MMCME4_ADV_CLKIN1_CLKOUT0)
                                                     -2.450     3.830 r  u_mmcm/CLKOUT0
                         net (fo=1, unplaced)         0.176     4.006    clk400_mmcm
                         BUFGCE (Prop_BUFGCE_I_O)     0.024     4.030 r  u_bufg400/O
                         net (fo=476369, unplaced)    2.439     6.469    clk400
                         FDRE                                         r  candidate_hold400_reg[0][103]/C
                         clock pessimism              0.121     6.590    <hidden>
                         clock uncertainty           -0.056     6.534    <hidden>
                         FDRE (Setup_FDRE_C_CE)      -0.061     6.473    candidate_hold400_reg[0][103]
  -------------------------------------------------------------------
                         required time                          6.473    <hidden>
                         arrival time                          -5.003    <hidden>
  -------------------------------------------------------------------
                         slack                                  1.470    <hidden>

Slack (MET) :             1.470ns  (required time - arrival time)
  Source:                 target_prefix400_reg[0][0]/C
                            (rising edge-triggered cell FDRE clocked by clk400_mmcm  {rise@0.000ns fall@1.429ns period=2.857ns})
  Destination:            candidate_hold400_reg[0][104]/CE
                            (rising edge-triggered cell FDRE clocked by clk400_mmcm  {rise@0.000ns fall@1.429ns period=2.857ns})
  Path Group:             clk400_mmcm
  Path Type:              Setup (Max at Slow Process Corner)
  Requirement:            2.857ns  (clk400_mmcm rise@2.857ns - clk400_mmcm rise@0.000ns)
  Data Path Delay:        1.125ns  (logic 0.394ns (35.022%)  route 0.731ns (64.978%))
  Logic Levels:           3  (CARRY8=1 LUT3=1 LUT4=1)
  Clock Path Skew:        -0.145ns (DCD - SCD + CPR)
    Destination Clock Delay (DCD):    3.611ns = ( 6.469 - 2.857 ) 
    Source Clock Delay      (SCD):    3.878ns
    Clock Pessimism Removal (CPR):    0.121ns
  Clock Uncertainty:      0.056ns  ((TSJ^2 + DJ^2)^1/2) / 2 + PE
    Total System Jitter     (TSJ):    0.071ns
    Discrete Jitter          (DJ):    0.087ns
    Phase Error              (PE):    0.000ns

    Location             Delay type                Incr(ns)  Path(ns)    Netlist Resource(s)
  -------------------------------------------------------------------    -------------------
                         (clock clk400_mmcm rise edge)
                                                      0.000     0.000 r  <hidden>
    BC26                                              0.000     0.000 r  clk_p
                         net (fo=0)                   0.000     0.000    u_ibufds/I
    HPIOBDIFFINBUF_X0Y37 DIFFINBUF (Prop_DIFFINBUF_HPIOBDIFFINBUF_DIFF_IN_P_O)
                                                      0.784     0.784 r  u_ibufds/DIFFINBUF_INST/O
                         net (fo=1, estimated)        0.050     0.834    u_ibufds/OUT
    BC26                 IBUFCTRL (Prop_IBUFCTRL_HPIOB_M_I_O)
                                                      0.000     0.834 r  u_ibufds/IBUFCTRL_INST/O
                         net (fo=1, unplaced)         0.276     1.110    clk200_raw
                         BUFGCE (Prop_BUFGCE_I_O)     0.028     1.138 r  u_bufg200/O
                         net (fo=50791, unplaced)     2.584     3.722    clk200
                         MMCME4_ADV (Prop_MMCME4_ADV_CLKIN1_CLKOUT0)
                                                     -2.654     1.068 r  u_mmcm/CLKOUT0
                         net (fo=1, unplaced)         0.198     1.266    clk400_mmcm
                         BUFGCE (Prop_BUFGCE_I_O)     0.028     1.294 r  u_bufg400/O
                         net (fo=476369, unplaced)    2.584     3.878    clk400
                         FDRE                                         r  target_prefix400_reg[0][0]/C
  -------------------------------------------------------------------    -------------------
                         FDRE (Prop_FDRE_C_Q)         0.077     3.955 r  target_prefix400_reg[0][0]/Q
                         net (fo=16, unplaced)        0.136     4.091    target_prefix400[0][0]
                         LUT4 (Prop_LUT4_I0_O)        0.139     4.230 r  candidate_hold400[0][295]_i_10/O
                         net (fo=1, unplaced)         0.242     4.472    candidate_hold400[0][295]_i_10_n_0
                         CARRY8 (Prop_CARRY8_DI[0]_CO[7])
                                                      0.140     4.612 r  candidate_hold400_reg[0][295]_i_2/CO[7]
                         net (fo=2, unplaced)         0.103     4.715    candidate_toggle4002156_in
                         LUT3 (Prop_LUT3_I0_O)        0.038     4.753 r  candidate_hold400[0][295]_i_1/O
                         net (fo=296, unplaced)       0.250     5.003    candidate_hold400[0][295]_i_1_n_0
                         FDRE                                         r  candidate_hold400_reg[0][104]/CE
  -------------------------------------------------------------------    -------------------

                         (clock clk400_mmcm rise edge)
                                                      2.857     2.857 r  <hidden>
    BC26                                              0.000     2.857 r  clk_p
                         net (fo=0)                   0.000     2.857    u_ibufds/I
    HPIOBDIFFINBUF_X0Y37 DIFFINBUF (Prop_DIFFINBUF_HPIOBDIFFINBUF_DIFF_IN_P_O)
                                                      0.672     3.530 r  u_ibufds/DIFFINBUF_INST/O
                         net (fo=1, estimated)        0.040     3.570    u_ibufds/OUT
    BC26                 IBUFCTRL (Prop_IBUFCTRL_HPIOB_M_I_O)
                                                      0.000     3.570 r  u_ibufds/IBUFCTRL_INST/O
                         net (fo=1, unplaced)         0.247     3.817    clk200_raw
                         BUFGCE (Prop_BUFGCE_I_O)     0.024     3.841 r  u_bufg200/O
                         net (fo=50791, unplaced)     2.439     6.280    clk200
                         MMCME4_ADV (Prop_MMCME4_ADV_CLKIN1_CLKOUT0)
                                                     -2.450     3.830 r  u_mmcm/CLKOUT0
                         net (fo=1, unplaced)         0.176     4.006    clk400_mmcm
                         BUFGCE (Prop_BUFGCE_I_O)     0.024     4.030 r  u_bufg400/O
                         net (fo=476369, unplaced)    2.439     6.469    clk400
                         FDRE                                         r  candidate_hold400_reg[0][104]/C
                         clock pessimism              0.121     6.590    <hidden>
                         clock uncertainty           -0.056     6.534    <hidden>
                         FDRE (Setup_FDRE_C_CE)      -0.061     6.473    candidate_hold400_reg[0][104]
  -------------------------------------------------------------------
                         required time                          6.473    <hidden>
                         arrival time                          -5.003    <hidden>
  -------------------------------------------------------------------
                         slack                                  1.470    <hidden>

Slack (MET) :             1.470ns  (required time - arrival time)
  Source:                 target_prefix400_reg[0][0]/C
                            (rising edge-triggered cell FDRE clocked by clk400_mmcm  {rise@0.000ns fall@1.429ns period=2.857ns})
  Destination:            candidate_hold400_reg[0][105]/CE
                            (rising edge-triggered cell FDRE clocked by clk400_mmcm  {rise@0.000ns fall@1.429ns period=2.857ns})
  Path Group:             clk400_mmcm
  Path Type:              Setup (Max at Slow Process Corner)
  Requirement:            2.857ns  (clk400_mmcm rise@2.857ns - clk400_mmcm rise@0.000ns)
  Data Path Delay:        1.125ns  (logic 0.394ns (35.022%)  route 0.731ns (64.978%))
  Logic Levels:           3  (CARRY8=1 LUT3=1 LUT4=1)
  Clock Path Skew:        -0.145ns (DCD - SCD + CPR)
    Destination Clock Delay (DCD):    3.611ns = ( 6.469 - 2.857 ) 
    Source Clock Delay      (SCD):    3.878ns
    Clock Pessimism Removal (CPR):    0.121ns
  Clock Uncertainty:      0.056ns  ((TSJ^2 + DJ^2)^1/2) / 2 + PE
    Total System Jitter     (TSJ):    0.071ns
    Discrete Jitter          (DJ):    0.087ns
    Phase Error              (PE):    0.000ns

    Location             Delay type                Incr(ns)  Path(ns)    Netlist Resource(s)
  -------------------------------------------------------------------    -------------------
                         (clock clk400_mmcm rise edge)
                                                      0.000     0.000 r  <hidden>
    BC26                                              0.000     0.000 r  clk_p
                         net (fo=0)                   0.000     0.000    u_ibufds/I
    HPIOBDIFFINBUF_X0Y37 DIFFINBUF (Prop_DIFFINBUF_HPIOBDIFFINBUF_DIFF_IN_P_O)
                                                      0.784     0.784 r  u_ibufds/DIFFINBUF_INST/O
                         net (fo=1, estimated)        0.050     0.834    u_ibufds/OUT
    BC26                 IBUFCTRL (Prop_IBUFCTRL_HPIOB_M_I_O)
                                                      0.000     0.834 r  u_ibufds/IBUFCTRL_INST/O
                         net (fo=1, unplaced)         0.276     1.110    clk200_raw
                         BUFGCE (Prop_BUFGCE_I_O)     0.028     1.138 r  u_bufg200/O
                         net (fo=50791, unplaced)     2.584     3.722    clk200
                         MMCME4_ADV (Prop_MMCME4_ADV_CLKIN1_CLKOUT0)
                                                     -2.654     1.068 r  u_mmcm/CLKOUT0
                         net (fo=1, unplaced)         0.198     1.266    clk400_mmcm
                         BUFGCE (Prop_BUFGCE_I_O)     0.028     1.294 r  u_bufg400/O
                         net (fo=476369, unplaced)    2.584     3.878    clk400
                         FDRE                                         r  target_prefix400_reg[0][0]/C
  -------------------------------------------------------------------    -------------------
                         FDRE (Prop_FDRE_C_Q)         0.077     3.955 r  target_prefix400_reg[0][0]/Q
                         net (fo=16, unplaced)        0.136     4.091    target_prefix400[0][0]
                         LUT4 (Prop_LUT4_I0_O)        0.139     4.230 r  candidate_hold400[0][295]_i_10/O
                         net (fo=1, unplaced)         0.242     4.472    candidate_hold400[0][295]_i_10_n_0
                         CARRY8 (Prop_CARRY8_DI[0]_CO[7])
                                                      0.140     4.612 r  candidate_hold400_reg[0][295]_i_2/CO[7]
                         net (fo=2, unplaced)         0.103     4.715    candidate_toggle4002156_in
                         LUT3 (Prop_LUT3_I0_O)        0.038     4.753 r  candidate_hold400[0][295]_i_1/O
                         net (fo=296, unplaced)       0.250     5.003    candidate_hold400[0][295]_i_1_n_0
                         FDRE                                         r  candidate_hold400_reg[0][105]/CE
  -------------------------------------------------------------------    -------------------

                         (clock clk400_mmcm rise edge)
                                                      2.857     2.857 r  <hidden>
    BC26                                              0.000     2.857 r  clk_p
                         net (fo=0)                   0.000     2.857    u_ibufds/I
    HPIOBDIFFINBUF_X0Y37 DIFFINBUF (Prop_DIFFINBUF_HPIOBDIFFINBUF_DIFF_IN_P_O)
                                                      0.672     3.530 r  u_ibufds/DIFFINBUF_INST/O
                         net (fo=1, estimated)        0.040     3.570    u_ibufds/OUT
    BC26                 IBUFCTRL (Prop_IBUFCTRL_HPIOB_M_I_O)
                                                      0.000     3.570 r  u_ibufds/IBUFCTRL_INST/O
                         net (fo=1, unplaced)         0.247     3.817    clk200_raw
                         BUFGCE (Prop_BUFGCE_I_O)     0.024     3.841 r  u_bufg200/O
                         net (fo=50791, unplaced)     2.439     6.280    clk200
                         MMCME4_ADV (Prop_MMCME4_ADV_CLKIN1_CLKOUT0)
                                                     -2.450     3.830 r  u_mmcm/CLKOUT0
                         net (fo=1, unplaced)         0.176     4.006    clk400_mmcm
                         BUFGCE (Prop_BUFGCE_I_O)     0.024     4.030 r  u_bufg400/O
                         net (fo=476369, unplaced)    2.439     6.469    clk400
                         FDRE                                         r  candidate_hold400_reg[0][105]/C
                         clock pessimism              0.121     6.590    <hidden>
                         clock uncertainty           -0.056     6.534    <hidden>
                         FDRE (Setup_FDRE_C_CE)      -0.061     6.473    candidate_hold400_reg[0][105]
  -------------------------------------------------------------------
                         required time                          6.473    <hidden>
                         arrival time                          -5.003    <hidden>
  -------------------------------------------------------------------
                         slack                                  1.470    <hidden>

Slack (MET) :             1.470ns  (required time - arrival time)
  Source:                 target_prefix400_reg[0][0]/C
                            (rising edge-triggered cell FDRE clocked by clk400_mmcm  {rise@0.000ns fall@1.429ns period=2.857ns})
  Destination:            candidate_hold400_reg[0][106]/CE
                            (rising edge-triggered cell FDRE clocked by clk400_mmcm  {rise@0.000ns fall@1.429ns period=2.857ns})
  Path Group:             clk400_mmcm
  Path Type:              Setup (Max at Slow Process Corner)
  Requirement:            2.857ns  (clk400_mmcm rise@2.857ns - clk400_mmcm rise@0.000ns)
  Data Path Delay:        1.125ns  (logic 0.394ns (35.022%)  route 0.731ns (64.978%))
  Logic Levels:           3  (CARRY8=1 LUT3=1 LUT4=1)
  Clock Path Skew:        -0.145ns (DCD - SCD + CPR)
    Destination Clock Delay (DCD):    3.611ns = ( 6.469 - 2.857 ) 
    Source Clock Delay      (SCD):    3.878ns
    Clock Pessimism Removal (CPR):    0.121ns
  Clock Uncertainty:      0.056ns  ((TSJ^2 + DJ^2)^1/2) / 2 + PE
    Total System Jitter     (TSJ):    0.071ns
    Discrete Jitter          (DJ):    0.087ns
    Phase Error              (PE):    0.000ns

    Location             Delay type                Incr(ns)  Path(ns)    Netlist Resource(s)
  -------------------------------------------------------------------    -------------------
                         (clock clk400_mmcm rise edge)
                                                      0.000     0.000 r  <hidden>
    BC26                                              0.000     0.000 r  clk_p
                         net (fo=0)                   0.000     0.000    u_ibufds/I
    HPIOBDIFFINBUF_X0Y37 DIFFINBUF (Prop_DIFFINBUF_HPIOBDIFFINBUF_DIFF_IN_P_O)
                                                      0.784     0.784 r  u_ibufds/DIFFINBUF_INST/O
                         net (fo=1, estimated)        0.050     0.834    u_ibufds/OUT
    BC26                 IBUFCTRL (Prop_IBUFCTRL_HPIOB_M_I_O)
                                                      0.000     0.834 r  u_ibufds/IBUFCTRL_INST/O
                         net (fo=1, unplaced)         0.276     1.110    clk200_raw
                         BUFGCE (Prop_BUFGCE_I_O)     0.028     1.138 r  u_bufg200/O
                         net (fo=50791, unplaced)     2.584     3.722    clk200
                         MMCME4_ADV (Prop_MMCME4_ADV_CLKIN1_CLKOUT0)
                                                     -2.654     1.068 r  u_mmcm/CLKOUT0
                         net (fo=1, unplaced)         0.198     1.266    clk400_mmcm
                         BUFGCE (Prop_BUFGCE_I_O)     0.028     1.294 r  u_bufg400/O
                         net (fo=476369, unplaced)    2.584     3.878    clk400
                         FDRE                                         r  target_prefix400_reg[0][0]/C
  -------------------------------------------------------------------    -------------------
                         FDRE (Prop_FDRE_C_Q)         0.077     3.955 r  target_prefix400_reg[0][0]/Q
                         net (fo=16, unplaced)        0.136     4.091    target_prefix400[0][0]
                         LUT4 (Prop_LUT4_I0_O)        0.139     4.230 r  candidate_hold400[0][295]_i_10/O
                         net (fo=1, unplaced)         0.242     4.472    candidate_hold400[0][295]_i_10_n_0
                         CARRY8 (Prop_CARRY8_DI[0]_CO[7])
                                                      0.140     4.612 r  candidate_hold400_reg[0][295]_i_2/CO[7]
                         net (fo=2, unplaced)         0.103     4.715    candidate_toggle4002156_in
                         LUT3 (Prop_LUT3_I0_O)        0.038     4.753 r  candidate_hold400[0][295]_i_1/O
                         net (fo=296, unplaced)       0.250     5.003    candidate_hold400[0][295]_i_1_n_0
                         FDRE                                         r  candidate_hold400_reg[0][106]/CE
  -------------------------------------------------------------------    -------------------

                         (clock clk400_mmcm rise edge)
                                                      2.857     2.857 r  <hidden>
    BC26                                              0.000     2.857 r  clk_p
                         net (fo=0)                   0.000     2.857    u_ibufds/I
    HPIOBDIFFINBUF_X0Y37 DIFFINBUF (Prop_DIFFINBUF_HPIOBDIFFINBUF_DIFF_IN_P_O)
                                                      0.672     3.530 r  u_ibufds/DIFFINBUF_INST/O
                         net (fo=1, estimated)        0.040     3.570    u_ibufds/OUT
    BC26                 IBUFCTRL (Prop_IBUFCTRL_HPIOB_M_I_O)
                                                      0.000     3.570 r  u_ibufds/IBUFCTRL_INST/O
                         net (fo=1, unplaced)         0.247     3.817    clk200_raw
                         BUFGCE (Prop_BUFGCE_I_O)     0.024     3.841 r  u_bufg200/O
                         net (fo=50791, unplaced)     2.439     6.280    clk200
                         MMCME4_ADV (Prop_MMCME4_ADV_CLKIN1_CLKOUT0)
                                                     -2.450     3.830 r  u_mmcm/CLKOUT0
                         net (fo=1, unplaced)         0.176     4.006    clk400_mmcm
                         BUFGCE (Prop_BUFGCE_I_O)     0.024     4.030 r  u_bufg400/O
                         net (fo=476369, unplaced)    2.439     6.469    clk400
                         FDRE                                         r  candidate_hold400_reg[0][106]/C
                         clock pessimism              0.121     6.590    <hidden>
                         clock uncertainty           -0.056     6.534    <hidden>
                         FDRE (Setup_FDRE_C_CE)      -0.061     6.473    candidate_hold400_reg[0][106]
  -------------------------------------------------------------------
                         required time                          6.473    <hidden>
                         arrival time                          -5.003    <hidden>
  -------------------------------------------------------------------
                         slack                                  1.470    <hidden>

Slack (MET) :             1.470ns  (required time - arrival time)
  Source:                 target_prefix400_reg[0][0]/C
                            (rising edge-triggered cell FDRE clocked by clk400_mmcm  {rise@0.000ns fall@1.429ns period=2.857ns})
  Destination:            candidate_hold400_reg[0][107]/CE
                            (rising edge-triggered cell FDRE clocked by clk400_mmcm  {rise@0.000ns fall@1.429ns period=2.857ns})
  Path Group:             clk400_mmcm
  Path Type:              Setup (Max at Slow Process Corner)
  Requirement:            2.857ns  (clk400_mmcm rise@2.857ns - clk400_mmcm rise@0.000ns)
  Data Path Delay:        1.125ns  (logic 0.394ns (35.022%)  route 0.731ns (64.978%))
  Logic Levels:           3  (CARRY8=1 LUT3=1 LUT4=1)
  Clock Path Skew:        -0.145ns (DCD - SCD + CPR)
    Destination Clock Delay (DCD):    3.611ns = ( 6.469 - 2.857 ) 
    Source Clock Delay      (SCD):    3.878ns
    Clock Pessimism Removal (CPR):    0.121ns
  Clock Uncertainty:      0.056ns  ((TSJ^2 + DJ^2)^1/2) / 2 + PE
    Total System Jitter     (TSJ):    0.071ns
    Discrete Jitter          (DJ):    0.087ns
    Phase Error              (PE):    0.000ns

    Location             Delay type                Incr(ns)  Path(ns)    Netlist Resource(s)
  -------------------------------------------------------------------    -------------------
                         (clock clk400_mmcm rise edge)
                                                      0.000     0.000 r  <hidden>
    BC26                                              0.000     0.000 r  clk_p
                         net (fo=0)                   0.000     0.000    u_ibufds/I
    HPIOBDIFFINBUF_X0Y37 DIFFINBUF (Prop_DIFFINBUF_HPIOBDIFFINBUF_DIFF_IN_P_O)
                                                      0.784     0.784 r  u_ibufds/DIFFINBUF_INST/O
                         net (fo=1, estimated)        0.050     0.834    u_ibufds/OUT
    BC26                 IBUFCTRL (Prop_IBUFCTRL_HPIOB_M_I_O)
                                                      0.000     0.834 r  u_ibufds/IBUFCTRL_INST/O
                         net (fo=1, unplaced)         0.276     1.110    clk200_raw
                         BUFGCE (Prop_BUFGCE_I_O)     0.028     1.138 r  u_bufg200/O
                         net (fo=50791, unplaced)     2.584     3.722    clk200
                         MMCME4_ADV (Prop_MMCME4_ADV_CLKIN1_CLKOUT0)
                                                     -2.654     1.068 r  u_mmcm/CLKOUT0
                         net (fo=1, unplaced)         0.198     1.266    clk400_mmcm
                         BUFGCE (Prop_BUFGCE_I_O)     0.028     1.294 r  u_bufg400/O
                         net (fo=476369, unplaced)    2.584     3.878    clk400
                         FDRE                                         r  target_prefix400_reg[0][0]/C
  -------------------------------------------------------------------    -------------------
                         FDRE (Prop_FDRE_C_Q)         0.077     3.955 r  target_prefix400_reg[0][0]/Q
                         net (fo=16, unplaced)        0.136     4.091    target_prefix400[0][0]
                         LUT4 (Prop_LUT4_I0_O)        0.139     4.230 r  candidate_hold400[0][295]_i_10/O
                         net (fo=1, unplaced)         0.242     4.472    candidate_hold400[0][295]_i_10_n_0
                         CARRY8 (Prop_CARRY8_DI[0]_CO[7])
                                                      0.140     4.612 r  candidate_hold400_reg[0][295]_i_2/CO[7]
                         net (fo=2, unplaced)         0.103     4.715    candidate_toggle4002156_in
                         LUT3 (Prop_LUT3_I0_O)        0.038     4.753 r  candidate_hold400[0][295]_i_1/O
                         net (fo=296, unplaced)       0.250     5.003    candidate_hold400[0][295]_i_1_n_0
                         FDRE                                         r  candidate_hold400_reg[0][107]/CE
  -------------------------------------------------------------------    -------------------

                         (clock clk400_mmcm rise edge)
                                                      2.857     2.857 r  <hidden>
    BC26                                              0.000     2.857 r  clk_p
                         net (fo=0)                   0.000     2.857    u_ibufds/I
    HPIOBDIFFINBUF_X0Y37 DIFFINBUF (Prop_DIFFINBUF_HPIOBDIFFINBUF_DIFF_IN_P_O)
                                                      0.672     3.530 r  u_ibufds/DIFFINBUF_INST/O
                         net (fo=1, estimated)        0.040     3.570    u_ibufds/OUT
    BC26                 IBUFCTRL (Prop_IBUFCTRL_HPIOB_M_I_O)
                                                      0.000     3.570 r  u_ibufds/IBUFCTRL_INST/O
                         net (fo=1, unplaced)         0.247     3.817    clk200_raw
                         BUFGCE (Prop_BUFGCE_I_O)     0.024     3.841 r  u_bufg200/O
                         net (fo=50791, unplaced)     2.439     6.280    clk200
                         MMCME4_ADV (Prop_MMCME4_ADV_CLKIN1_CLKOUT0)
                                                     -2.450     3.830 r  u_mmcm/CLKOUT0
                         net (fo=1, unplaced)         0.176     4.006    clk400_mmcm
                         BUFGCE (Prop_BUFGCE_I_O)     0.024     4.030 r  u_bufg400/O
                         net (fo=476369, unplaced)    2.439     6.469    clk400
                         FDRE                                         r  candidate_hold400_reg[0][107]/C
                         clock pessimism              0.121     6.590    <hidden>
                         clock uncertainty           -0.056     6.534    <hidden>
                         FDRE (Setup_FDRE_C_CE)      -0.061     6.473    candidate_hold400_reg[0][107]
  -------------------------------------------------------------------
                         required time                          6.473    <hidden>
                         arrival time                          -5.003    <hidden>
  -------------------------------------------------------------------
                         slack                                  1.470    <hidden>

Slack (MET) :             1.470ns  (required time - arrival time)
  Source:                 target_prefix400_reg[0][0]/C
                            (rising edge-triggered cell FDRE clocked by clk400_mmcm  {rise@0.000ns fall@1.429ns period=2.857ns})
  Destination:            candidate_hold400_reg[0][108]/CE
                            (rising edge-triggered cell FDRE clocked by clk400_mmcm  {rise@0.000ns fall@1.429ns period=2.857ns})
  Path Group:             clk400_mmcm
  Path Type:              Setup (Max at Slow Process Corner)
  Requirement:            2.857ns  (clk400_mmcm rise@2.857ns - clk400_mmcm rise@0.000ns)
  Data Path Delay:        1.125ns  (logic 0.394ns (35.022%)  route 0.731ns (64.978%))
  Logic Levels:           3  (CARRY8=1 LUT3=1 LUT4=1)
  Clock Path Skew:        -0.145ns (DCD - SCD + CPR)
    Destination Clock Delay (DCD):    3.611ns = ( 6.469 - 2.857 ) 
    Source Clock Delay      (SCD):    3.878ns
    Clock Pessimism Removal (CPR):    0.121ns
  Clock Uncertainty:      0.056ns  ((TSJ^2 + DJ^2)^1/2) / 2 + PE
    Total System Jitter     (TSJ):    0.071ns
    Discrete Jitter          (DJ):    0.087ns
    Phase Error              (PE):    0.000ns

    Location             Delay type                Incr(ns)  Path(ns)    Netlist Resource(s)
  -------------------------------------------------------------------    -------------------
                         (clock clk400_mmcm rise edge)
                                                      0.000     0.000 r  <hidden>
    BC26                                              0.000     0.000 r  clk_p
                         net (fo=0)                   0.000     0.000    u_ibufds/I
    HPIOBDIFFINBUF_X0Y37 DIFFINBUF (Prop_DIFFINBUF_HPIOBDIFFINBUF_DIFF_IN_P_O)
                                                      0.784     0.784 r  u_ibufds/DIFFINBUF_INST/O
                         net (fo=1, estimated)        0.050     0.834    u_ibufds/OUT
    BC26                 IBUFCTRL (Prop_IBUFCTRL_HPIOB_M_I_O)
                                                      0.000     0.834 r  u_ibufds/IBUFCTRL_INST/O
                         net (fo=1, unplaced)         0.276     1.110    clk200_raw
                         BUFGCE (Prop_BUFGCE_I_O)     0.028     1.138 r  u_bufg200/O
                         net (fo=50791, unplaced)     2.584     3.722    clk200
                         MMCME4_ADV (Prop_MMCME4_ADV_CLKIN1_CLKOUT0)
                                                     -2.654     1.068 r  u_mmcm/CLKOUT0
                         net (fo=1, unplaced)         0.198     1.266    clk400_mmcm
                         BUFGCE (Prop_BUFGCE_I_O)     0.028     1.294 r  u_bufg400/O
                         net (fo=476369, unplaced)    2.584     3.878    clk400
                         FDRE                                         r  target_prefix400_reg[0][0]/C
  -------------------------------------------------------------------    -------------------
                         FDRE (Prop_FDRE_C_Q)         0.077     3.955 r  target_prefix400_reg[0][0]/Q
                         net (fo=16, unplaced)        0.136     4.091    target_prefix400[0][0]
                         LUT4 (Prop_LUT4_I0_O)        0.139     4.230 r  candidate_hold400[0][295]_i_10/O
                         net (fo=1, unplaced)         0.242     4.472    candidate_hold400[0][295]_i_10_n_0
                         CARRY8 (Prop_CARRY8_DI[0]_CO[7])
                                                      0.140     4.612 r  candidate_hold400_reg[0][295]_i_2/CO[7]
                         net (fo=2, unplaced)         0.103     4.715    candidate_toggle4002156_in
                         LUT3 (Prop_LUT3_I0_O)        0.038     4.753 r  candidate_hold400[0][295]_i_1/O
                         net (fo=296, unplaced)       0.250     5.003    candidate_hold400[0][295]_i_1_n_0
                         FDRE                                         r  candidate_hold400_reg[0][108]/CE
  -------------------------------------------------------------------    -------------------

                         (clock clk400_mmcm rise edge)
                                                      2.857     2.857 r  <hidden>
    BC26                                              0.000     2.857 r  clk_p
                         net (fo=0)                   0.000     2.857    u_ibufds/I
    HPIOBDIFFINBUF_X0Y37 DIFFINBUF (Prop_DIFFINBUF_HPIOBDIFFINBUF_DIFF_IN_P_O)
                                                      0.672     3.530 r  u_ibufds/DIFFINBUF_INST/O
                         net (fo=1, estimated)        0.040     3.570    u_ibufds/OUT
    BC26                 IBUFCTRL (Prop_IBUFCTRL_HPIOB_M_I_O)
                                                      0.000     3.570 r  u_ibufds/IBUFCTRL_INST/O
                         net (fo=1, unplaced)         0.247     3.817    clk200_raw
                         BUFGCE (Prop_BUFGCE_I_O)     0.024     3.841 r  u_bufg200/O
                         net (fo=50791, unplaced)     2.439     6.280    clk200
                         MMCME4_ADV (Prop_MMCME4_ADV_CLKIN1_CLKOUT0)
                                                     -2.450     3.830 r  u_mmcm/CLKOUT0
                         net (fo=1, unplaced)         0.176     4.006    clk400_mmcm
                         BUFGCE (Prop_BUFGCE_I_O)     0.024     4.030 r  u_bufg400/O
                         net (fo=476369, unplaced)    2.439     6.469    clk400
                         FDRE                                         r  candidate_hold400_reg[0][108]/C
                         clock pessimism              0.121     6.590    <hidden>
                         clock uncertainty           -0.056     6.534    <hidden>
                         FDRE (Setup_FDRE_C_CE)      -0.061     6.473    candidate_hold400_reg[0][108]
  -------------------------------------------------------------------
                         required time                          6.473    <hidden>
                         arrival time                          -5.003    <hidden>
  -------------------------------------------------------------------
                         slack                                  1.470    <hidden>

Slack (MET) :             1.470ns  (required time - arrival time)
  Source:                 target_prefix400_reg[0][0]/C
                            (rising edge-triggered cell FDRE clocked by clk400_mmcm  {rise@0.000ns fall@1.429ns period=2.857ns})
  Destination:            candidate_hold400_reg[0][109]/CE
                            (rising edge-triggered cell FDRE clocked by clk400_mmcm  {rise@0.000ns fall@1.429ns period=2.857ns})
  Path Group:             clk400_mmcm
  Path Type:              Setup (Max at Slow Process Corner)
  Requirement:            2.857ns  (clk400_mmcm rise@2.857ns - clk400_mmcm rise@0.000ns)
  Data Path Delay:        1.125ns  (logic 0.394ns (35.022%)  route 0.731ns (64.978%))
  Logic Levels:           3  (CARRY8=1 LUT3=1 LUT4=1)
  Clock Path Skew:        -0.145ns (DCD - SCD + CPR)
    Destination Clock Delay (DCD):    3.611ns = ( 6.469 - 2.857 ) 
    Source Clock Delay      (SCD):    3.878ns
    Clock Pessimism Removal (CPR):    0.121ns
  Clock Uncertainty:      0.056ns  ((TSJ^2 + DJ^2)^1/2) / 2 + PE
    Total System Jitter     (TSJ):    0.071ns
    Discrete Jitter          (DJ):    0.087ns
    Phase Error              (PE):    0.000ns

    Location             Delay type                Incr(ns)  Path(ns)    Netlist Resource(s)
  -------------------------------------------------------------------    -------------------
                         (clock clk400_mmcm rise edge)
                                                      0.000     0.000 r  <hidden>
    BC26                                              0.000     0.000 r  clk_p
                         net (fo=0)                   0.000     0.000    u_ibufds/I
    HPIOBDIFFINBUF_X0Y37 DIFFINBUF (Prop_DIFFINBUF_HPIOBDIFFINBUF_DIFF_IN_P_O)
                                                      0.784     0.784 r  u_ibufds/DIFFINBUF_INST/O
                         net (fo=1, estimated)        0.050     0.834    u_ibufds/OUT
    BC26                 IBUFCTRL (Prop_IBUFCTRL_HPIOB_M_I_O)
                                                      0.000     0.834 r  u_ibufds/IBUFCTRL_INST/O
                         net (fo=1, unplaced)         0.276     1.110    clk200_raw
                         BUFGCE (Prop_BUFGCE_I_O)     0.028     1.138 r  u_bufg200/O
                         net (fo=50791, unplaced)     2.584     3.722    clk200
                         MMCME4_ADV (Prop_MMCME4_ADV_CLKIN1_CLKOUT0)
                                                     -2.654     1.068 r  u_mmcm/CLKOUT0
                         net (fo=1, unplaced)         0.198     1.266    clk400_mmcm
                         BUFGCE (Prop_BUFGCE_I_O)     0.028     1.294 r  u_bufg400/O
                         net (fo=476369, unplaced)    2.584     3.878    clk400
                         FDRE                                         r  target_prefix400_reg[0][0]/C
  -------------------------------------------------------------------    -------------------
                         FDRE (Prop_FDRE_C_Q)         0.077     3.955 r  target_prefix400_reg[0][0]/Q
                         net (fo=16, unplaced)        0.136     4.091    target_prefix400[0][0]
                         LUT4 (Prop_LUT4_I0_O)        0.139     4.230 r  candidate_hold400[0][295]_i_10/O
                         net (fo=1, unplaced)         0.242     4.472    candidate_hold400[0][295]_i_10_n_0
                         CARRY8 (Prop_CARRY8_DI[0]_CO[7])
                                                      0.140     4.612 r  candidate_hold400_reg[0][295]_i_2/CO[7]
                         net (fo=2, unplaced)         0.103     4.715    candidate_toggle4002156_in
                         LUT3 (Prop_LUT3_I0_O)        0.038     4.753 r  candidate_hold400[0][295]_i_1/O
                         net (fo=296, unplaced)       0.250     5.003    candidate_hold400[0][295]_i_1_n_0
                         FDRE                                         r  candidate_hold400_reg[0][109]/CE
  -------------------------------------------------------------------    -------------------

                         (clock clk400_mmcm rise edge)
                                                      2.857     2.857 r  <hidden>
    BC26                                              0.000     2.857 r  clk_p
                         net (fo=0)                   0.000     2.857    u_ibufds/I
    HPIOBDIFFINBUF_X0Y37 DIFFINBUF (Prop_DIFFINBUF_HPIOBDIFFINBUF_DIFF_IN_P_O)
                                                      0.672     3.530 r  u_ibufds/DIFFINBUF_INST/O
                         net (fo=1, estimated)        0.040     3.570    u_ibufds/OUT
    BC26                 IBUFCTRL (Prop_IBUFCTRL_HPIOB_M_I_O)
                                                      0.000     3.570 r  u_ibufds/IBUFCTRL_INST/O
                         net (fo=1, unplaced)         0.247     3.817    clk200_raw
                         BUFGCE (Prop_BUFGCE_I_O)     0.024     3.841 r  u_bufg200/O
                         net (fo=50791, unplaced)     2.439     6.280    clk200
                         MMCME4_ADV (Prop_MMCME4_ADV_CLKIN1_CLKOUT0)
                                                     -2.450     3.830 r  u_mmcm/CLKOUT0
                         net (fo=1, unplaced)         0.176     4.006    clk400_mmcm
                         BUFGCE (Prop_BUFGCE_I_O)     0.024     4.030 r  u_bufg400/O
                         net (fo=476369, unplaced)    2.439     6.469    clk400
                         FDRE                                         r  candidate_hold400_reg[0][109]/C
                         clock pessimism              0.121     6.590    <hidden>
                         clock uncertainty           -0.056     6.534    <hidden>
                         FDRE (Setup_FDRE_C_CE)      -0.061     6.473    candidate_hold400_reg[0][109]
  -------------------------------------------------------------------
                         required time                          6.473    <hidden>
                         arrival time                          -5.003    <hidden>
  -------------------------------------------------------------------
                         slack                                  1.470    <hidden>

Slack (MET) :             1.470ns  (required time - arrival time)
  Source:                 target_prefix400_reg[0][0]/C
                            (rising edge-triggered cell FDRE clocked by clk400_mmcm  {rise@0.000ns fall@1.429ns period=2.857ns})
  Destination:            candidate_hold400_reg[0][10]/CE
                            (rising edge-triggered cell FDRE clocked by clk400_mmcm  {rise@0.000ns fall@1.429ns period=2.857ns})
  Path Group:             clk400_mmcm
  Path Type:              Setup (Max at Slow Process Corner)
  Requirement:            2.857ns  (clk400_mmcm rise@2.857ns - clk400_mmcm rise@0.000ns)
  Data Path Delay:        1.125ns  (logic 0.394ns (35.022%)  route 0.731ns (64.978%))
  Logic Levels:           3  (CARRY8=1 LUT3=1 LUT4=1)
  Clock Path Skew:        -0.145ns (DCD - SCD + CPR)
    Destination Clock Delay (DCD):    3.611ns = ( 6.469 - 2.857 ) 
    Source Clock Delay      (SCD):    3.878ns
    Clock Pessimism Removal (CPR):    0.121ns
  Clock Uncertainty:      0.056ns  ((TSJ^2 + DJ^2)^1/2) / 2 + PE
    Total System Jitter     (TSJ):    0.071ns
    Discrete Jitter          (DJ):    0.087ns
    Phase Error              (PE):    0.000ns

    Location             Delay type                Incr(ns)  Path(ns)    Netlist Resource(s)
  -------------------------------------------------------------------    -------------------
                         (clock clk400_mmcm rise edge)
                                                      0.000     0.000 r  <hidden>
    BC26                                              0.000     0.000 r  clk_p
                         net (fo=0)                   0.000     0.000    u_ibufds/I
    HPIOBDIFFINBUF_X0Y37 DIFFINBUF (Prop_DIFFINBUF_HPIOBDIFFINBUF_DIFF_IN_P_O)
                                                      0.784     0.784 r  u_ibufds/DIFFINBUF_INST/O
                         net (fo=1, estimated)        0.050     0.834    u_ibufds/OUT
    BC26                 IBUFCTRL (Prop_IBUFCTRL_HPIOB_M_I_O)
                                                      0.000     0.834 r  u_ibufds/IBUFCTRL_INST/O
                         net (fo=1, unplaced)         0.276     1.110    clk200_raw
                         BUFGCE (Prop_BUFGCE_I_O)     0.028     1.138 r  u_bufg200/O
                         net (fo=50791, unplaced)     2.584     3.722    clk200
                         MMCME4_ADV (Prop_MMCME4_ADV_CLKIN1_CLKOUT0)
                                                     -2.654     1.068 r  u_mmcm/CLKOUT0
                         net (fo=1, unplaced)         0.198     1.266    clk400_mmcm
                         BUFGCE (Prop_BUFGCE_I_O)     0.028     1.294 r  u_bufg400/O
                         net (fo=476369, unplaced)    2.584     3.878    clk400
                         FDRE                                         r  target_prefix400_reg[0][0]/C
  -------------------------------------------------------------------    -------------------
                         FDRE (Prop_FDRE_C_Q)         0.077     3.955 r  target_prefix400_reg[0][0]/Q
                         net (fo=16, unplaced)        0.136     4.091    target_prefix400[0][0]
                         LUT4 (Prop_LUT4_I0_O)        0.139     4.230 r  candidate_hold400[0][295]_i_10/O
                         net (fo=1, unplaced)         0.242     4.472    candidate_hold400[0][295]_i_10_n_0
                         CARRY8 (Prop_CARRY8_DI[0]_CO[7])
                                                      0.140     4.612 r  candidate_hold400_reg[0][295]_i_2/CO[7]
                         net (fo=2, unplaced)         0.103     4.715    candidate_toggle4002156_in
                         LUT3 (Prop_LUT3_I0_O)        0.038     4.753 r  candidate_hold400[0][295]_i_1/O
                         net (fo=296, unplaced)       0.250     5.003    candidate_hold400[0][295]_i_1_n_0
                         FDRE                                         r  candidate_hold400_reg[0][10]/CE
  -------------------------------------------------------------------    -------------------

                         (clock clk400_mmcm rise edge)
                                                      2.857     2.857 r  <hidden>
    BC26                                              0.000     2.857 r  clk_p
                         net (fo=0)                   0.000     2.857    u_ibufds/I
    HPIOBDIFFINBUF_X0Y37 DIFFINBUF (Prop_DIFFINBUF_HPIOBDIFFINBUF_DIFF_IN_P_O)
                                                      0.672     3.530 r  u_ibufds/DIFFINBUF_INST/O
                         net (fo=1, estimated)        0.040     3.570    u_ibufds/OUT
    BC26                 IBUFCTRL (Prop_IBUFCTRL_HPIOB_M_I_O)
                                                      0.000     3.570 r  u_ibufds/IBUFCTRL_INST/O
                         net (fo=1, unplaced)         0.247     3.817    clk200_raw
                         BUFGCE (Prop_BUFGCE_I_O)     0.024     3.841 r  u_bufg200/O
                         net (fo=50791, unplaced)     2.439     6.280    clk200
                         MMCME4_ADV (Prop_MMCME4_ADV_CLKIN1_CLKOUT0)
                                                     -2.450     3.830 r  u_mmcm/CLKOUT0
                         net (fo=1, unplaced)         0.176     4.006    clk400_mmcm
                         BUFGCE (Prop_BUFGCE_I_O)     0.024     4.030 r  u_bufg400/O
                         net (fo=476369, unplaced)    2.439     6.469    clk400
                         FDRE                                         r  candidate_hold400_reg[0][10]/C
                         clock pessimism              0.121     6.590    <hidden>
                         clock uncertainty           -0.056     6.534    <hidden>
                         FDRE (Setup_FDRE_C_CE)      -0.061     6.473    candidate_hold400_reg[0][10]
  -------------------------------------------------------------------
                         required time                          6.473    <hidden>
                         arrival time                          -5.003    <hidden>
  -------------------------------------------------------------------
                         slack                                  1.470    <hidden>

Slack (MET) :             1.470ns  (required time - arrival time)
  Source:                 target_prefix400_reg[0][0]/C
                            (rising edge-triggered cell FDRE clocked by clk400_mmcm  {rise@0.000ns fall@1.429ns period=2.857ns})
  Destination:            candidate_hold400_reg[0][110]/CE
                            (rising edge-triggered cell FDRE clocked by clk400_mmcm  {rise@0.000ns fall@1.429ns period=2.857ns})
  Path Group:             clk400_mmcm
  Path Type:              Setup (Max at Slow Process Corner)
  Requirement:            2.857ns  (clk400_mmcm rise@2.857ns - clk400_mmcm rise@0.000ns)
  Data Path Delay:        1.125ns  (logic 0.394ns (35.022%)  route 0.731ns (64.978%))
  Logic Levels:           3  (CARRY8=1 LUT3=1 LUT4=1)
  Clock Path Skew:        -0.145ns (DCD - SCD + CPR)
    Destination Clock Delay (DCD):    3.611ns = ( 6.469 - 2.857 ) 
    Source Clock Delay      (SCD):    3.878ns
    Clock Pessimism Removal (CPR):    0.121ns
  Clock Uncertainty:      0.056ns  ((TSJ^2 + DJ^2)^1/2) / 2 + PE
    Total System Jitter     (TSJ):    0.071ns
    Discrete Jitter          (DJ):    0.087ns
    Phase Error              (PE):    0.000ns

    Location             Delay type                Incr(ns)  Path(ns)    Netlist Resource(s)
  -------------------------------------------------------------------    -------------------
                         (clock clk400_mmcm rise edge)
                                                      0.000     0.000 r  <hidden>
    BC26                                              0.000     0.000 r  clk_p
                         net (fo=0)                   0.000     0.000    u_ibufds/I
    HPIOBDIFFINBUF_X0Y37 DIFFINBUF (Prop_DIFFINBUF_HPIOBDIFFINBUF_DIFF_IN_P_O)
                                                      0.784     0.784 r  u_ibufds/DIFFINBUF_INST/O
                         net (fo=1, estimated)        0.050     0.834    u_ibufds/OUT
    BC26                 IBUFCTRL (Prop_IBUFCTRL_HPIOB_M_I_O)
                                                      0.000     0.834 r  u_ibufds/IBUFCTRL_INST/O
                         net (fo=1, unplaced)         0.276     1.110    clk200_raw
                         BUFGCE (Prop_BUFGCE_I_O)     0.028     1.138 r  u_bufg200/O
                         net (fo=50791, unplaced)     2.584     3.722    clk200
                         MMCME4_ADV (Prop_MMCME4_ADV_CLKIN1_CLKOUT0)
                                                     -2.654     1.068 r  u_mmcm/CLKOUT0
                         net (fo=1, unplaced)         0.198     1.266    clk400_mmcm
                         BUFGCE (Prop_BUFGCE_I_O)     0.028     1.294 r  u_bufg400/O
                         net (fo=476369, unplaced)    2.584     3.878    clk400
                         FDRE                                         r  target_prefix400_reg[0][0]/C
  -------------------------------------------------------------------    -------------------
                         FDRE (Prop_FDRE_C_Q)         0.077     3.955 r  target_prefix400_reg[0][0]/Q
                         net (fo=16, unplaced)        0.136     4.091    target_prefix400[0][0]
                         LUT4 (Prop_LUT4_I0_O)        0.139     4.230 r  candidate_hold400[0][295]_i_10/O
                         net (fo=1, unplaced)         0.242     4.472    candidate_hold400[0][295]_i_10_n_0
                         CARRY8 (Prop_CARRY8_DI[0]_CO[7])
                                                      0.140     4.612 r  candidate_hold400_reg[0][295]_i_2/CO[7]
                         net (fo=2, unplaced)         0.103     4.715    candidate_toggle4002156_in
                         LUT3 (Prop_LUT3_I0_O)        0.038     4.753 r  candidate_hold400[0][295]_i_1/O
                         net (fo=296, unplaced)       0.250     5.003    candidate_hold400[0][295]_i_1_n_0
                         FDRE                                         r  candidate_hold400_reg[0][110]/CE
  -------------------------------------------------------------------    -------------------

                         (clock clk400_mmcm rise edge)
                                                      2.857     2.857 r  <hidden>
    BC26                                              0.000     2.857 r  clk_p
                         net (fo=0)                   0.000     2.857    u_ibufds/I
    HPIOBDIFFINBUF_X0Y37 DIFFINBUF (Prop_DIFFINBUF_HPIOBDIFFINBUF_DIFF_IN_P_O)
                                                      0.672     3.530 r  u_ibufds/DIFFINBUF_INST/O
                         net (fo=1, estimated)        0.040     3.570    u_ibufds/OUT
    BC26                 IBUFCTRL (Prop_IBUFCTRL_HPIOB_M_I_O)
                                                      0.000     3.570 r  u_ibufds/IBUFCTRL_INST/O
                         net (fo=1, unplaced)         0.247     3.817    clk200_raw
                         BUFGCE (Prop_BUFGCE_I_O)     0.024     3.841 r  u_bufg200/O
                         net (fo=50791, unplaced)     2.439     6.280    clk200
                         MMCME4_ADV (Prop_MMCME4_ADV_CLKIN1_CLKOUT0)
                                                     -2.450     3.830 r  u_mmcm/CLKOUT0
                         net (fo=1, unplaced)         0.176     4.006    clk400_mmcm
                         BUFGCE (Prop_BUFGCE_I_O)     0.024     4.030 r  u_bufg400/O
                         net (fo=476369, unplaced)    2.439     6.469    clk400
                         FDRE                                         r  candidate_hold400_reg[0][110]/C
                         clock pessimism              0.121     6.590    <hidden>
                         clock uncertainty           -0.056     6.534    <hidden>
                         FDRE (Setup_FDRE_C_CE)      -0.061     6.473    candidate_hold400_reg[0][110]
  -------------------------------------------------------------------
                         required time                          6.473    <hidden>
                         arrival time                          -5.003    <hidden>
  -------------------------------------------------------------------
                         slack                                  1.470    <hidden>

Slack (MET) :             1.470ns  (required time - arrival time)
  Source:                 target_prefix400_reg[0][0]/C
                            (rising edge-triggered cell FDRE clocked by clk400_mmcm  {rise@0.000ns fall@1.429ns period=2.857ns})
  Destination:            candidate_hold400_reg[0][111]/CE
                            (rising edge-triggered cell FDRE clocked by clk400_mmcm  {rise@0.000ns fall@1.429ns period=2.857ns})
  Path Group:             clk400_mmcm
  Path Type:              Setup (Max at Slow Process Corner)
  Requirement:            2.857ns  (clk400_mmcm rise@2.857ns - clk400_mmcm rise@0.000ns)
  Data Path Delay:        1.125ns  (logic 0.394ns (35.022%)  route 0.731ns (64.978%))
  Logic Levels:           3  (CARRY8=1 LUT3=1 LUT4=1)
  Clock Path Skew:        -0.145ns (DCD - SCD + CPR)
    Destination Clock Delay (DCD):    3.611ns = ( 6.469 - 2.857 ) 
    Source Clock Delay      (SCD):    3.878ns
    Clock Pessimism Removal (CPR):    0.121ns
  Clock Uncertainty:      0.056ns  ((TSJ^2 + DJ^2)^1/2) / 2 + PE
    Total System Jitter     (TSJ):    0.071ns
    Discrete Jitter          (DJ):    0.087ns
    Phase Error              (PE):    0.000ns

    Location             Delay type                Incr(ns)  Path(ns)    Netlist Resource(s)
  -------------------------------------------------------------------    -------------------
                         (clock clk400_mmcm rise edge)
                                                      0.000     0.000 r  <hidden>
    BC26                                              0.000     0.000 r  clk_p
                         net (fo=0)                   0.000     0.000    u_ibufds/I
    HPIOBDIFFINBUF_X0Y37 DIFFINBUF (Prop_DIFFINBUF_HPIOBDIFFINBUF_DIFF_IN_P_O)
                                                      0.784     0.784 r  u_ibufds/DIFFINBUF_INST/O
                         net (fo=1, estimated)        0.050     0.834    u_ibufds/OUT
    BC26                 IBUFCTRL (Prop_IBUFCTRL_HPIOB_M_I_O)
                                                      0.000     0.834 r  u_ibufds/IBUFCTRL_INST/O
                         net (fo=1, unplaced)         0.276     1.110    clk200_raw
                         BUFGCE (Prop_BUFGCE_I_O)     0.028     1.138 r  u_bufg200/O
                         net (fo=50791, unplaced)     2.584     3.722    clk200
                         MMCME4_ADV (Prop_MMCME4_ADV_CLKIN1_CLKOUT0)
                                                     -2.654     1.068 r  u_mmcm/CLKOUT0
                         net (fo=1, unplaced)         0.198     1.266    clk400_mmcm
                         BUFGCE (Prop_BUFGCE_I_O)     0.028     1.294 r  u_bufg400/O
                         net (fo=476369, unplaced)    2.584     3.878    clk400
                         FDRE                                         r  target_prefix400_reg[0][0]/C
  -------------------------------------------------------------------    -------------------
                         FDRE (Prop_FDRE_C_Q)         0.077     3.955 r  target_prefix400_reg[0][0]/Q
                         net (fo=16, unplaced)        0.136     4.091    target_prefix400[0][0]
                         LUT4 (Prop_LUT4_I0_O)        0.139     4.230 r  candidate_hold400[0][295]_i_10/O
                         net (fo=1, unplaced)         0.242     4.472    candidate_hold400[0][295]_i_10_n_0
                         CARRY8 (Prop_CARRY8_DI[0]_CO[7])
                                                      0.140     4.612 r  candidate_hold400_reg[0][295]_i_2/CO[7]
                         net (fo=2, unplaced)         0.103     4.715    candidate_toggle4002156_in
                         LUT3 (Prop_LUT3_I0_O)        0.038     4.753 r  candidate_hold400[0][295]_i_1/O
                         net (fo=296, unplaced)       0.250     5.003    candidate_hold400[0][295]_i_1_n_0
                         FDRE                                         r  candidate_hold400_reg[0][111]/CE
  -------------------------------------------------------------------    -------------------

                         (clock clk400_mmcm rise edge)
                                                      2.857     2.857 r  <hidden>
    BC26                                              0.000     2.857 r  clk_p
                         net (fo=0)                   0.000     2.857    u_ibufds/I
    HPIOBDIFFINBUF_X0Y37 DIFFINBUF (Prop_DIFFINBUF_HPIOBDIFFINBUF_DIFF_IN_P_O)
                                                      0.672     3.530 r  u_ibufds/DIFFINBUF_INST/O
                         net (fo=1, estimated)        0.040     3.570    u_ibufds/OUT
    BC26                 IBUFCTRL (Prop_IBUFCTRL_HPIOB_M_I_O)
                                                      0.000     3.570 r  u_ibufds/IBUFCTRL_INST/O
                         net (fo=1, unplaced)         0.247     3.817    clk200_raw
                         BUFGCE (Prop_BUFGCE_I_O)     0.024     3.841 r  u_bufg200/O
                         net (fo=50791, unplaced)     2.439     6.280    clk200
                         MMCME4_ADV (Prop_MMCME4_ADV_CLKIN1_CLKOUT0)
                                                     -2.450     3.830 r  u_mmcm/CLKOUT0
                         net (fo=1, unplaced)         0.176     4.006    clk400_mmcm
                         BUFGCE (Prop_BUFGCE_I_O)     0.024     4.030 r  u_bufg400/O
                         net (fo=476369, unplaced)    2.439     6.469    clk400
                         FDRE                                         r  candidate_hold400_reg[0][111]/C
                         clock pessimism              0.121     6.590    <hidden>
                         clock uncertainty           -0.056     6.534    <hidden>
                         FDRE (Setup_FDRE_C_CE)      -0.061     6.473    candidate_hold400_reg[0][111]
  -------------------------------------------------------------------
                         required time                          6.473    <hidden>
                         arrival time                          -5.003    <hidden>
  -------------------------------------------------------------------
                         slack                                  1.470    <hidden>

Slack (MET) :             1.470ns  (required time - arrival time)
  Source:                 target_prefix400_reg[0][0]/C
                            (rising edge-triggered cell FDRE clocked by clk400_mmcm  {rise@0.000ns fall@1.429ns period=2.857ns})
  Destination:            candidate_hold400_reg[0][112]/CE
                            (rising edge-triggered cell FDRE clocked by clk400_mmcm  {rise@0.000ns fall@1.429ns period=2.857ns})
  Path Group:             clk400_mmcm
  Path Type:              Setup (Max at Slow Process Corner)
  Requirement:            2.857ns  (clk400_mmcm rise@2.857ns - clk400_mmcm rise@0.000ns)
  Data Path Delay:        1.125ns  (logic 0.394ns (35.022%)  route 0.731ns (64.978%))
  Logic Levels:           3  (CARRY8=1 LUT3=1 LUT4=1)
  Clock Path Skew:        -0.145ns (DCD - SCD + CPR)
    Destination Clock Delay (DCD):    3.611ns = ( 6.469 - 2.857 ) 
    Source Clock Delay      (SCD):    3.878ns
    Clock Pessimism Removal (CPR):    0.121ns
  Clock Uncertainty:      0.056ns  ((TSJ^2 + DJ^2)^1/2) / 2 + PE
    Total System Jitter     (TSJ):    0.071ns
    Discrete Jitter          (DJ):    0.087ns
    Phase Error              (PE):    0.000ns

    Location             Delay type                Incr(ns)  Path(ns)    Netlist Resource(s)
  -------------------------------------------------------------------    -------------------
                         (clock clk400_mmcm rise edge)
                                                      0.000     0.000 r  <hidden>
    BC26                                              0.000     0.000 r  clk_p
                         net (fo=0)                   0.000     0.000    u_ibufds/I
    HPIOBDIFFINBUF_X0Y37 DIFFINBUF (Prop_DIFFINBUF_HPIOBDIFFINBUF_DIFF_IN_P_O)
                                                      0.784     0.784 r  u_ibufds/DIFFINBUF_INST/O
                         net (fo=1, estimated)        0.050     0.834    u_ibufds/OUT
    BC26                 IBUFCTRL (Prop_IBUFCTRL_HPIOB_M_I_O)
                                                      0.000     0.834 r  u_ibufds/IBUFCTRL_INST/O
                         net (fo=1, unplaced)         0.276     1.110    clk200_raw
                         BUFGCE (Prop_BUFGCE_I_O)     0.028     1.138 r  u_bufg200/O
                         net (fo=50791, unplaced)     2.584     3.722    clk200
                         MMCME4_ADV (Prop_MMCME4_ADV_CLKIN1_CLKOUT0)
                                                     -2.654     1.068 r  u_mmcm/CLKOUT0
                         net (fo=1, unplaced)         0.198     1.266    clk400_mmcm
                         BUFGCE (Prop_BUFGCE_I_O)     0.028     1.294 r  u_bufg400/O
                         net (fo=476369, unplaced)    2.584     3.878    clk400
                         FDRE                                         r  target_prefix400_reg[0][0]/C
  -------------------------------------------------------------------    -------------------
                         FDRE (Prop_FDRE_C_Q)         0.077     3.955 r  target_prefix400_reg[0][0]/Q
                         net (fo=16, unplaced)        0.136     4.091    target_prefix400[0][0]
                         LUT4 (Prop_LUT4_I0_O)        0.139     4.230 r  candidate_hold400[0][295]_i_10/O
                         net (fo=1, unplaced)         0.242     4.472    candidate_hold400[0][295]_i_10_n_0
                         CARRY8 (Prop_CARRY8_DI[0]_CO[7])
                                                      0.140     4.612 r  candidate_hold400_reg[0][295]_i_2/CO[7]
                         net (fo=2, unplaced)         0.103     4.715    candidate_toggle4002156_in
                         LUT3 (Prop_LUT3_I0_O)        0.038     4.753 r  candidate_hold400[0][295]_i_1/O
                         net (fo=296, unplaced)       0.250     5.003    candidate_hold400[0][295]_i_1_n_0
                         FDRE                                         r  candidate_hold400_reg[0][112]/CE
  -------------------------------------------------------------------    -------------------

                         (clock clk400_mmcm rise edge)
                                                      2.857     2.857 r  <hidden>
    BC26                                              0.000     2.857 r  clk_p
                         net (fo=0)                   0.000     2.857    u_ibufds/I
    HPIOBDIFFINBUF_X0Y37 DIFFINBUF (Prop_DIFFINBUF_HPIOBDIFFINBUF_DIFF_IN_P_O)
                                                      0.672     3.530 r  u_ibufds/DIFFINBUF_INST/O
                         net (fo=1, estimated)        0.040     3.570    u_ibufds/OUT
    BC26                 IBUFCTRL (Prop_IBUFCTRL_HPIOB_M_I_O)
                                                      0.000     3.570 r  u_ibufds/IBUFCTRL_INST/O
                         net (fo=1, unplaced)         0.247     3.817    clk200_raw
                         BUFGCE (Prop_BUFGCE_I_O)     0.024     3.841 r  u_bufg200/O
                         net (fo=50791, unplaced)     2.439     6.280    clk200
                         MMCME4_ADV (Prop_MMCME4_ADV_CLKIN1_CLKOUT0)
                                                     -2.450     3.830 r  u_mmcm/CLKOUT0
                         net (fo=1, unplaced)         0.176     4.006    clk400_mmcm
                         BUFGCE (Prop_BUFGCE_I_O)     0.024     4.030 r  u_bufg400/O
                         net (fo=476369, unplaced)    2.439     6.469    clk400
                         FDRE                                         r  candidate_hold400_reg[0][112]/C
                         clock pessimism              0.121     6.590    <hidden>
                         clock uncertainty           -0.056     6.534    <hidden>
                         FDRE (Setup_FDRE_C_CE)      -0.061     6.473    candidate_hold400_reg[0][112]
  -------------------------------------------------------------------
                         required time                          6.473    <hidden>
                         arrival time                          -5.003    <hidden>
  -------------------------------------------------------------------
                         slack                                  1.470    <hidden>

Slack (MET) :             1.470ns  (required time - arrival time)
  Source:                 target_prefix400_reg[0][0]/C
                            (rising edge-triggered cell FDRE clocked by clk400_mmcm  {rise@0.000ns fall@1.429ns period=2.857ns})
  Destination:            candidate_hold400_reg[0][113]/CE
                            (rising edge-triggered cell FDRE clocked by clk400_mmcm  {rise@0.000ns fall@1.429ns period=2.857ns})
  Path Group:             clk400_mmcm
  Path Type:              Setup (Max at Slow Process Corner)
  Requirement:            2.857ns  (clk400_mmcm rise@2.857ns - clk400_mmcm rise@0.000ns)
  Data Path Delay:        1.125ns  (logic 0.394ns (35.022%)  route 0.731ns (64.978%))
  Logic Levels:           3  (CARRY8=1 LUT3=1 LUT4=1)
  Clock Path Skew:        -0.145ns (DCD - SCD + CPR)
    Destination Clock Delay (DCD):    3.611ns = ( 6.469 - 2.857 ) 
    Source Clock Delay      (SCD):    3.878ns
    Clock Pessimism Removal (CPR):    0.121ns
  Clock Uncertainty:      0.056ns  ((TSJ^2 + DJ^2)^1/2) / 2 + PE
    Total System Jitter     (TSJ):    0.071ns
    Discrete Jitter          (DJ):    0.087ns
    Phase Error              (PE):    0.000ns

    Location             Delay type                Incr(ns)  Path(ns)    Netlist Resource(s)
  -------------------------------------------------------------------    -------------------
                         (clock clk400_mmcm rise edge)
                                                      0.000     0.000 r  <hidden>
    BC26                                              0.000     0.000 r  clk_p
                         net (fo=0)                   0.000     0.000    u_ibufds/I
    HPIOBDIFFINBUF_X0Y37 DIFFINBUF (Prop_DIFFINBUF_HPIOBDIFFINBUF_DIFF_IN_P_O)
                                                      0.784     0.784 r  u_ibufds/DIFFINBUF_INST/O
                         net (fo=1, estimated)        0.050     0.834    u_ibufds/OUT
    BC26                 IBUFCTRL (Prop_IBUFCTRL_HPIOB_M_I_O)
                                                      0.000     0.834 r  u_ibufds/IBUFCTRL_INST/O
                         net (fo=1, unplaced)         0.276     1.110    clk200_raw
                         BUFGCE (Prop_BUFGCE_I_O)     0.028     1.138 r  u_bufg200/O
                         net (fo=50791, unplaced)     2.584     3.722    clk200
                         MMCME4_ADV (Prop_MMCME4_ADV_CLKIN1_CLKOUT0)
                                                     -2.654     1.068 r  u_mmcm/CLKOUT0
                         net (fo=1, unplaced)         0.198     1.266    clk400_mmcm
                         BUFGCE (Prop_BUFGCE_I_O)     0.028     1.294 r  u_bufg400/O
                         net (fo=476369, unplaced)    2.584     3.878    clk400
                         FDRE                                         r  target_prefix400_reg[0][0]/C
  -------------------------------------------------------------------    -------------------
                         FDRE (Prop_FDRE_C_Q)         0.077     3.955 r  target_prefix400_reg[0][0]/Q
                         net (fo=16, unplaced)        0.136     4.091    target_prefix400[0][0]
                         LUT4 (Prop_LUT4_I0_O)        0.139     4.230 r  candidate_hold400[0][295]_i_10/O
                         net (fo=1, unplaced)         0.242     4.472    candidate_hold400[0][295]_i_10_n_0
                         CARRY8 (Prop_CARRY8_DI[0]_CO[7])
                                                      0.140     4.612 r  candidate_hold400_reg[0][295]_i_2/CO[7]
                         net (fo=2, unplaced)         0.103     4.715    candidate_toggle4002156_in
                         LUT3 (Prop_LUT3_I0_O)        0.038     4.753 r  candidate_hold400[0][295]_i_1/O
                         net (fo=296, unplaced)       0.250     5.003    candidate_hold400[0][295]_i_1_n_0
                         FDRE                                         r  candidate_hold400_reg[0][113]/CE
  -------------------------------------------------------------------    -------------------

                         (clock clk400_mmcm rise edge)
                                                      2.857     2.857 r  <hidden>
    BC26                                              0.000     2.857 r  clk_p
                         net (fo=0)                   0.000     2.857    u_ibufds/I
    HPIOBDIFFINBUF_X0Y37 DIFFINBUF (Prop_DIFFINBUF_HPIOBDIFFINBUF_DIFF_IN_P_O)
                                                      0.672     3.530 r  u_ibufds/DIFFINBUF_INST/O
                         net (fo=1, estimated)        0.040     3.570    u_ibufds/OUT
    BC26                 IBUFCTRL (Prop_IBUFCTRL_HPIOB_M_I_O)
                                                      0.000     3.570 r  u_ibufds/IBUFCTRL_INST/O
                         net (fo=1, unplaced)         0.247     3.817    clk200_raw
                         BUFGCE (Prop_BUFGCE_I_O)     0.024     3.841 r  u_bufg200/O
                         net (fo=50791, unplaced)     2.439     6.280    clk200
                         MMCME4_ADV (Prop_MMCME4_ADV_CLKIN1_CLKOUT0)
                                                     -2.450     3.830 r  u_mmcm/CLKOUT0
                         net (fo=1, unplaced)         0.176     4.006    clk400_mmcm
                         BUFGCE (Prop_BUFGCE_I_O)     0.024     4.030 r  u_bufg400/O
                         net (fo=476369, unplaced)    2.439     6.469    clk400
                         FDRE                                         r  candidate_hold400_reg[0][113]/C
                         clock pessimism              0.121     6.590    <hidden>
                         clock uncertainty           -0.056     6.534    <hidden>
                         FDRE (Setup_FDRE_C_CE)      -0.061     6.473    candidate_hold400_reg[0][113]
  -------------------------------------------------------------------
                         required time                          6.473    <hidden>
                         arrival time                          -5.003    <hidden>
  -------------------------------------------------------------------
                         slack                                  1.470    <hidden>

Slack (MET) :             1.470ns  (required time - arrival time)
  Source:                 target_prefix400_reg[0][0]/C
                            (rising edge-triggered cell FDRE clocked by clk400_mmcm  {rise@0.000ns fall@1.429ns period=2.857ns})
  Destination:            candidate_hold400_reg[0][114]/CE
                            (rising edge-triggered cell FDRE clocked by clk400_mmcm  {rise@0.000ns fall@1.429ns period=2.857ns})
  Path Group:             clk400_mmcm
  Path Type:              Setup (Max at Slow Process Corner)
  Requirement:            2.857ns  (clk400_mmcm rise@2.857ns - clk400_mmcm rise@0.000ns)
  Data Path Delay:        1.125ns  (logic 0.394ns (35.022%)  route 0.731ns (64.978%))
  Logic Levels:           3  (CARRY8=1 LUT3=1 LUT4=1)
  Clock Path Skew:        -0.145ns (DCD - SCD + CPR)
    Destination Clock Delay (DCD):    3.611ns = ( 6.469 - 2.857 ) 
    Source Clock Delay      (SCD):    3.878ns
    Clock Pessimism Removal (CPR):    0.121ns
  Clock Uncertainty:      0.056ns  ((TSJ^2 + DJ^2)^1/2) / 2 + PE
    Total System Jitter     (TSJ):    0.071ns
    Discrete Jitter          (DJ):    0.087ns
    Phase Error              (PE):    0.000ns

    Location             Delay type                Incr(ns)  Path(ns)    Netlist Resource(s)
  -------------------------------------------------------------------    -------------------
                         (clock clk400_mmcm rise edge)
                                                      0.000     0.000 r  <hidden>
    BC26                                              0.000     0.000 r  clk_p
                         net (fo=0)                   0.000     0.000    u_ibufds/I
    HPIOBDIFFINBUF_X0Y37 DIFFINBUF (Prop_DIFFINBUF_HPIOBDIFFINBUF_DIFF_IN_P_O)
                                                      0.784     0.784 r  u_ibufds/DIFFINBUF_INST/O
                         net (fo=1, estimated)        0.050     0.834    u_ibufds/OUT
    BC26                 IBUFCTRL (Prop_IBUFCTRL_HPIOB_M_I_O)
                                                      0.000     0.834 r  u_ibufds/IBUFCTRL_INST/O
                         net (fo=1, unplaced)         0.276     1.110    clk200_raw
                         BUFGCE (Prop_BUFGCE_I_O)     0.028     1.138 r  u_bufg200/O
                         net (fo=50791, unplaced)     2.584     3.722    clk200
                         MMCME4_ADV (Prop_MMCME4_ADV_CLKIN1_CLKOUT0)
                                                     -2.654     1.068 r  u_mmcm/CLKOUT0
                         net (fo=1, unplaced)         0.198     1.266    clk400_mmcm
                         BUFGCE (Prop_BUFGCE_I_O)     0.028     1.294 r  u_bufg400/O
                         net (fo=476369, unplaced)    2.584     3.878    clk400
                         FDRE                                         r  target_prefix400_reg[0][0]/C
  -------------------------------------------------------------------    -------------------
                         FDRE (Prop_FDRE_C_Q)         0.077     3.955 r  target_prefix400_reg[0][0]/Q
                         net (fo=16, unplaced)        0.136     4.091    target_prefix400[0][0]
                         LUT4 (Prop_LUT4_I0_O)        0.139     4.230 r  candidate_hold400[0][295]_i_10/O
                         net (fo=1, unplaced)         0.242     4.472    candidate_hold400[0][295]_i_10_n_0
                         CARRY8 (Prop_CARRY8_DI[0]_CO[7])
                                                      0.140     4.612 r  candidate_hold400_reg[0][295]_i_2/CO[7]
                         net (fo=2, unplaced)         0.103     4.715    candidate_toggle4002156_in
                         LUT3 (Prop_LUT3_I0_O)        0.038     4.753 r  candidate_hold400[0][295]_i_1/O
                         net (fo=296, unplaced)       0.250     5.003    candidate_hold400[0][295]_i_1_n_0
                         FDRE                                         r  candidate_hold400_reg[0][114]/CE
  -------------------------------------------------------------------    -------------------

                         (clock clk400_mmcm rise edge)
                                                      2.857     2.857 r  <hidden>
    BC26                                              0.000     2.857 r  clk_p
                         net (fo=0)                   0.000     2.857    u_ibufds/I
    HPIOBDIFFINBUF_X0Y37 DIFFINBUF (Prop_DIFFINBUF_HPIOBDIFFINBUF_DIFF_IN_P_O)
                                                      0.672     3.530 r  u_ibufds/DIFFINBUF_INST/O
                         net (fo=1, estimated)        0.040     3.570    u_ibufds/OUT
    BC26                 IBUFCTRL (Prop_IBUFCTRL_HPIOB_M_I_O)
                                                      0.000     3.570 r  u_ibufds/IBUFCTRL_INST/O
                         net (fo=1, unplaced)         0.247     3.817    clk200_raw
                         BUFGCE (Prop_BUFGCE_I_O)     0.024     3.841 r  u_bufg200/O
                         net (fo=50791, unplaced)     2.439     6.280    clk200
                         MMCME4_ADV (Prop_MMCME4_ADV_CLKIN1_CLKOUT0)
                                                     -2.450     3.830 r  u_mmcm/CLKOUT0
                         net (fo=1, unplaced)         0.176     4.006    clk400_mmcm
                         BUFGCE (Prop_BUFGCE_I_O)     0.024     4.030 r  u_bufg400/O
                         net (fo=476369, unplaced)    2.439     6.469    clk400
                         FDRE                                         r  candidate_hold400_reg[0][114]/C
                         clock pessimism              0.121     6.590    <hidden>
                         clock uncertainty           -0.056     6.534    <hidden>
                         FDRE (Setup_FDRE_C_CE)      -0.061     6.473    candidate_hold400_reg[0][114]
  -------------------------------------------------------------------
                         required time                          6.473    <hidden>
                         arrival time                          -5.003    <hidden>
  -------------------------------------------------------------------
                         slack                                  1.470    <hidden>

Slack (MET) :             1.470ns  (required time - arrival time)
  Source:                 target_prefix400_reg[0][0]/C
                            (rising edge-triggered cell FDRE clocked by clk400_mmcm  {rise@0.000ns fall@1.429ns period=2.857ns})
  Destination:            candidate_hold400_reg[0][115]/CE
                            (rising edge-triggered cell FDRE clocked by clk400_mmcm  {rise@0.000ns fall@1.429ns period=2.857ns})
  Path Group:             clk400_mmcm
  Path Type:              Setup (Max at Slow Process Corner)
  Requirement:            2.857ns  (clk400_mmcm rise@2.857ns - clk400_mmcm rise@0.000ns)
  Data Path Delay:        1.125ns  (logic 0.394ns (35.022%)  route 0.731ns (64.978%))
  Logic Levels:           3  (CARRY8=1 LUT3=1 LUT4=1)
  Clock Path Skew:        -0.145ns (DCD - SCD + CPR)
    Destination Clock Delay (DCD):    3.611ns = ( 6.469 - 2.857 ) 
    Source Clock Delay      (SCD):    3.878ns
    Clock Pessimism Removal (CPR):    0.121ns
  Clock Uncertainty:      0.056ns  ((TSJ^2 + DJ^2)^1/2) / 2 + PE
    Total System Jitter     (TSJ):    0.071ns
    Discrete Jitter          (DJ):    0.087ns
    Phase Error              (PE):    0.000ns

    Location             Delay type                Incr(ns)  Path(ns)    Netlist Resource(s)
  -------------------------------------------------------------------    -------------------
                         (clock clk400_mmcm rise edge)
                                                      0.000     0.000 r  <hidden>
    BC26                                              0.000     0.000 r  clk_p
                         net (fo=0)                   0.000     0.000    u_ibufds/I
    HPIOBDIFFINBUF_X0Y37 DIFFINBUF (Prop_DIFFINBUF_HPIOBDIFFINBUF_DIFF_IN_P_O)
                                                      0.784     0.784 r  u_ibufds/DIFFINBUF_INST/O
                         net (fo=1, estimated)        0.050     0.834    u_ibufds/OUT
    BC26                 IBUFCTRL (Prop_IBUFCTRL_HPIOB_M_I_O)
                                                      0.000     0.834 r  u_ibufds/IBUFCTRL_INST/O
                         net (fo=1, unplaced)         0.276     1.110    clk200_raw
                         BUFGCE (Prop_BUFGCE_I_O)     0.028     1.138 r  u_bufg200/O
                         net (fo=50791, unplaced)     2.584     3.722    clk200
                         MMCME4_ADV (Prop_MMCME4_ADV_CLKIN1_CLKOUT0)
                                                     -2.654     1.068 r  u_mmcm/CLKOUT0
                         net (fo=1, unplaced)         0.198     1.266    clk400_mmcm
                         BUFGCE (Prop_BUFGCE_I_O)     0.028     1.294 r  u_bufg400/O
                         net (fo=476369, unplaced)    2.584     3.878    clk400
                         FDRE                                         r  target_prefix400_reg[0][0]/C
  -------------------------------------------------------------------    -------------------
                         FDRE (Prop_FDRE_C_Q)         0.077     3.955 r  target_prefix400_reg[0][0]/Q
                         net (fo=16, unplaced)        0.136     4.091    target_prefix400[0][0]
                         LUT4 (Prop_LUT4_I0_O)        0.139     4.230 r  candidate_hold400[0][295]_i_10/O
                         net (fo=1, unplaced)         0.242     4.472    candidate_hold400[0][295]_i_10_n_0
                         CARRY8 (Prop_CARRY8_DI[0]_CO[7])
                                                      0.140     4.612 r  candidate_hold400_reg[0][295]_i_2/CO[7]
                         net (fo=2, unplaced)         0.103     4.715    candidate_toggle4002156_in
                         LUT3 (Prop_LUT3_I0_O)        0.038     4.753 r  candidate_hold400[0][295]_i_1/O
                         net (fo=296, unplaced)       0.250     5.003    candidate_hold400[0][295]_i_1_n_0
                         FDRE                                         r  candidate_hold400_reg[0][115]/CE
  -------------------------------------------------------------------    -------------------

                         (clock clk400_mmcm rise edge)
                                                      2.857     2.857 r  <hidden>
    BC26                                              0.000     2.857 r  clk_p
                         net (fo=0)                   0.000     2.857    u_ibufds/I
    HPIOBDIFFINBUF_X0Y37 DIFFINBUF (Prop_DIFFINBUF_HPIOBDIFFINBUF_DIFF_IN_P_O)
                                                      0.672     3.530 r  u_ibufds/DIFFINBUF_INST/O
                         net (fo=1, estimated)        0.040     3.570    u_ibufds/OUT
    BC26                 IBUFCTRL (Prop_IBUFCTRL_HPIOB_M_I_O)
                                                      0.000     3.570 r  u_ibufds/IBUFCTRL_INST/O
                         net (fo=1, unplaced)         0.247     3.817    clk200_raw
                         BUFGCE (Prop_BUFGCE_I_O)     0.024     3.841 r  u_bufg200/O
                         net (fo=50791, unplaced)     2.439     6.280    clk200
                         MMCME4_ADV (Prop_MMCME4_ADV_CLKIN1_CLKOUT0)
                                                     -2.450     3.830 r  u_mmcm/CLKOUT0
                         net (fo=1, unplaced)         0.176     4.006    clk400_mmcm
                         BUFGCE (Prop_BUFGCE_I_O)     0.024     4.030 r  u_bufg400/O
                         net (fo=476369, unplaced)    2.439     6.469    clk400
                         FDRE                                         r  candidate_hold400_reg[0][115]/C
                         clock pessimism              0.121     6.590    <hidden>
                         clock uncertainty           -0.056     6.534    <hidden>
                         FDRE (Setup_FDRE_C_CE)      -0.061     6.473    candidate_hold400_reg[0][115]
  -------------------------------------------------------------------
                         required time                          6.473    <hidden>
                         arrival time                          -5.003    <hidden>
  -------------------------------------------------------------------
                         slack                                  1.470    <hidden>

Slack (MET) :             1.470ns  (required time - arrival time)
  Source:                 target_prefix400_reg[0][0]/C
                            (rising edge-triggered cell FDRE clocked by clk400_mmcm  {rise@0.000ns fall@1.429ns period=2.857ns})
  Destination:            candidate_hold400_reg[0][116]/CE
                            (rising edge-triggered cell FDRE clocked by clk400_mmcm  {rise@0.000ns fall@1.429ns period=2.857ns})
  Path Group:             clk400_mmcm
  Path Type:              Setup (Max at Slow Process Corner)
  Requirement:            2.857ns  (clk400_mmcm rise@2.857ns - clk400_mmcm rise@0.000ns)
  Data Path Delay:        1.125ns  (logic 0.394ns (35.022%)  route 0.731ns (64.978%))
  Logic Levels:           3  (CARRY8=1 LUT3=1 LUT4=1)
  Clock Path Skew:        -0.145ns (DCD - SCD + CPR)
    Destination Clock Delay (DCD):    3.611ns = ( 6.469 - 2.857 ) 
    Source Clock Delay      (SCD):    3.878ns
    Clock Pessimism Removal (CPR):    0.121ns
  Clock Uncertainty:      0.056ns  ((TSJ^2 + DJ^2)^1/2) / 2 + PE
    Total System Jitter     (TSJ):    0.071ns
    Discrete Jitter          (DJ):    0.087ns
    Phase Error              (PE):    0.000ns

    Location             Delay type                Incr(ns)  Path(ns)    Netlist Resource(s)
  -------------------------------------------------------------------    -------------------
                         (clock clk400_mmcm rise edge)
                                                      0.000     0.000 r  <hidden>
    BC26                                              0.000     0.000 r  clk_p
                         net (fo=0)                   0.000     0.000    u_ibufds/I
    HPIOBDIFFINBUF_X0Y37 DIFFINBUF (Prop_DIFFINBUF_HPIOBDIFFINBUF_DIFF_IN_P_O)
                                                      0.784     0.784 r  u_ibufds/DIFFINBUF_INST/O
                         net (fo=1, estimated)        0.050     0.834    u_ibufds/OUT
    BC26                 IBUFCTRL (Prop_IBUFCTRL_HPIOB_M_I_O)
                                                      0.000     0.834 r  u_ibufds/IBUFCTRL_INST/O
                         net (fo=1, unplaced)         0.276     1.110    clk200_raw
                         BUFGCE (Prop_BUFGCE_I_O)     0.028     1.138 r  u_bufg200/O
                         net (fo=50791, unplaced)     2.584     3.722    clk200
                         MMCME4_ADV (Prop_MMCME4_ADV_CLKIN1_CLKOUT0)
                                                     -2.654     1.068 r  u_mmcm/CLKOUT0
                         net (fo=1, unplaced)         0.198     1.266    clk400_mmcm
                         BUFGCE (Prop_BUFGCE_I_O)     0.028     1.294 r  u_bufg400/O
                         net (fo=476369, unplaced)    2.584     3.878    clk400
                         FDRE                                         r  target_prefix400_reg[0][0]/C
  -------------------------------------------------------------------    -------------------
                         FDRE (Prop_FDRE_C_Q)         0.077     3.955 r  target_prefix400_reg[0][0]/Q
                         net (fo=16, unplaced)        0.136     4.091    target_prefix400[0][0]
                         LUT4 (Prop_LUT4_I0_O)        0.139     4.230 r  candidate_hold400[0][295]_i_10/O
                         net (fo=1, unplaced)         0.242     4.472    candidate_hold400[0][295]_i_10_n_0
                         CARRY8 (Prop_CARRY8_DI[0]_CO[7])
                                                      0.140     4.612 r  candidate_hold400_reg[0][295]_i_2/CO[7]
                         net (fo=2, unplaced)         0.103     4.715    candidate_toggle4002156_in
                         LUT3 (Prop_LUT3_I0_O)        0.038     4.753 r  candidate_hold400[0][295]_i_1/O
                         net (fo=296, unplaced)       0.250     5.003    candidate_hold400[0][295]_i_1_n_0
                         FDRE                                         r  candidate_hold400_reg[0][116]/CE
  -------------------------------------------------------------------    -------------------

                         (clock clk400_mmcm rise edge)
                                                      2.857     2.857 r  <hidden>
    BC26                                              0.000     2.857 r  clk_p
                         net (fo=0)                   0.000     2.857    u_ibufds/I
    HPIOBDIFFINBUF_X0Y37 DIFFINBUF (Prop_DIFFINBUF_HPIOBDIFFINBUF_DIFF_IN_P_O)
                                                      0.672     3.530 r  u_ibufds/DIFFINBUF_INST/O
                         net (fo=1, estimated)        0.040     3.570    u_ibufds/OUT
    BC26                 IBUFCTRL (Prop_IBUFCTRL_HPIOB_M_I_O)
                                                      0.000     3.570 r  u_ibufds/IBUFCTRL_INST/O
                         net (fo=1, unplaced)         0.247     3.817    clk200_raw
                         BUFGCE (Prop_BUFGCE_I_O)     0.024     3.841 r  u_bufg200/O
                         net (fo=50791, unplaced)     2.439     6.280    clk200
                         MMCME4_ADV (Prop_MMCME4_ADV_CLKIN1_CLKOUT0)
                                                     -2.450     3.830 r  u_mmcm/CLKOUT0
                         net (fo=1, unplaced)         0.176     4.006    clk400_mmcm
                         BUFGCE (Prop_BUFGCE_I_O)     0.024     4.030 r  u_bufg400/O
                         net (fo=476369, unplaced)    2.439     6.469    clk400
                         FDRE                                         r  candidate_hold400_reg[0][116]/C
                         clock pessimism              0.121     6.590    <hidden>
                         clock uncertainty           -0.056     6.534    <hidden>
                         FDRE (Setup_FDRE_C_CE)      -0.061     6.473    candidate_hold400_reg[0][116]
  -------------------------------------------------------------------
                         required time                          6.473    <hidden>
                         arrival time                          -5.003    <hidden>
  -------------------------------------------------------------------
                         slack                                  1.470    <hidden>

Slack (MET) :             1.470ns  (required time - arrival time)
  Source:                 target_prefix400_reg[0][0]/C
                            (rising edge-triggered cell FDRE clocked by clk400_mmcm  {rise@0.000ns fall@1.429ns period=2.857ns})
  Destination:            candidate_hold400_reg[0][117]/CE
                            (rising edge-triggered cell FDRE clocked by clk400_mmcm  {rise@0.000ns fall@1.429ns period=2.857ns})
  Path Group:             clk400_mmcm
  Path Type:              Setup (Max at Slow Process Corner)
  Requirement:            2.857ns  (clk400_mmcm rise@2.857ns - clk400_mmcm rise@0.000ns)
  Data Path Delay:        1.125ns  (logic 0.394ns (35.022%)  route 0.731ns (64.978%))
  Logic Levels:           3  (CARRY8=1 LUT3=1 LUT4=1)
  Clock Path Skew:        -0.145ns (DCD - SCD + CPR)
    Destination Clock Delay (DCD):    3.611ns = ( 6.469 - 2.857 ) 
    Source Clock Delay      (SCD):    3.878ns
    Clock Pessimism Removal (CPR):    0.121ns
  Clock Uncertainty:      0.056ns  ((TSJ^2 + DJ^2)^1/2) / 2 + PE
    Total System Jitter     (TSJ):    0.071ns
    Discrete Jitter          (DJ):    0.087ns
    Phase Error              (PE):    0.000ns

    Location             Delay type                Incr(ns)  Path(ns)    Netlist Resource(s)
  -------------------------------------------------------------------    -------------------
                         (clock clk400_mmcm rise edge)
                                                      0.000     0.000 r  <hidden>
    BC26                                              0.000     0.000 r  clk_p
                         net (fo=0)                   0.000     0.000    u_ibufds/I
    HPIOBDIFFINBUF_X0Y37 DIFFINBUF (Prop_DIFFINBUF_HPIOBDIFFINBUF_DIFF_IN_P_O)
                                                      0.784     0.784 r  u_ibufds/DIFFINBUF_INST/O
                         net (fo=1, estimated)        0.050     0.834    u_ibufds/OUT
    BC26                 IBUFCTRL (Prop_IBUFCTRL_HPIOB_M_I_O)
                                                      0.000     0.834 r  u_ibufds/IBUFCTRL_INST/O
                         net (fo=1, unplaced)         0.276     1.110    clk200_raw
                         BUFGCE (Prop_BUFGCE_I_O)     0.028     1.138 r  u_bufg200/O
                         net (fo=50791, unplaced)     2.584     3.722    clk200
                         MMCME4_ADV (Prop_MMCME4_ADV_CLKIN1_CLKOUT0)
                                                     -2.654     1.068 r  u_mmcm/CLKOUT0
                         net (fo=1, unplaced)         0.198     1.266    clk400_mmcm
                         BUFGCE (Prop_BUFGCE_I_O)     0.028     1.294 r  u_bufg400/O
                         net (fo=476369, unplaced)    2.584     3.878    clk400
                         FDRE                                         r  target_prefix400_reg[0][0]/C
  -------------------------------------------------------------------    -------------------
                         FDRE (Prop_FDRE_C_Q)         0.077     3.955 r  target_prefix400_reg[0][0]/Q
                         net (fo=16, unplaced)        0.136     4.091    target_prefix400[0][0]
                         LUT4 (Prop_LUT4_I0_O)        0.139     4.230 r  candidate_hold400[0][295]_i_10/O
                         net (fo=1, unplaced)         0.242     4.472    candidate_hold400[0][295]_i_10_n_0
                         CARRY8 (Prop_CARRY8_DI[0]_CO[7])
                                                      0.140     4.612 r  candidate_hold400_reg[0][295]_i_2/CO[7]
                         net (fo=2, unplaced)         0.103     4.715    candidate_toggle4002156_in
                         LUT3 (Prop_LUT3_I0_O)        0.038     4.753 r  candidate_hold400[0][295]_i_1/O
                         net (fo=296, unplaced)       0.250     5.003    candidate_hold400[0][295]_i_1_n_0
                         FDRE                                         r  candidate_hold400_reg[0][117]/CE
  -------------------------------------------------------------------    -------------------

                         (clock clk400_mmcm rise edge)
                                                      2.857     2.857 r  <hidden>
    BC26                                              0.000     2.857 r  clk_p
                         net (fo=0)                   0.000     2.857    u_ibufds/I
    HPIOBDIFFINBUF_X0Y37 DIFFINBUF (Prop_DIFFINBUF_HPIOBDIFFINBUF_DIFF_IN_P_O)
                                                      0.672     3.530 r  u_ibufds/DIFFINBUF_INST/O
                         net (fo=1, estimated)        0.040     3.570    u_ibufds/OUT
    BC26                 IBUFCTRL (Prop_IBUFCTRL_HPIOB_M_I_O)
                                                      0.000     3.570 r  u_ibufds/IBUFCTRL_INST/O
                         net (fo=1, unplaced)         0.247     3.817    clk200_raw
                         BUFGCE (Prop_BUFGCE_I_O)     0.024     3.841 r  u_bufg200/O
                         net (fo=50791, unplaced)     2.439     6.280    clk200
                         MMCME4_ADV (Prop_MMCME4_ADV_CLKIN1_CLKOUT0)
                                                     -2.450     3.830 r  u_mmcm/CLKOUT0
                         net (fo=1, unplaced)         0.176     4.006    clk400_mmcm
                         BUFGCE (Prop_BUFGCE_I_O)     0.024     4.030 r  u_bufg400/O
                         net (fo=476369, unplaced)    2.439     6.469    clk400
                         FDRE                                         r  candidate_hold400_reg[0][117]/C
                         clock pessimism              0.121     6.590    <hidden>
                         clock uncertainty           -0.056     6.534    <hidden>
                         FDRE (Setup_FDRE_C_CE)      -0.061     6.473    candidate_hold400_reg[0][117]
  -------------------------------------------------------------------
                         required time                          6.473    <hidden>
                         arrival time                          -5.003    <hidden>
  -------------------------------------------------------------------
                         slack                                  1.470    <hidden>





Pulse Width Checks
--------------------------------------------------------------------------------------
Clock Name:         clk400_mmcm
Waveform(ns):       { 0.000 1.429 }
Period(ns):         2.857
Sources:            { u_mmcm/CLKOUT0 }

Check Type        Corner  Lib Pin             Reference Pin  Required(ns)  Actual(ns)  Slack(ns)  Location  Pin
Min Period        n/a     BUFGCE/I            n/a            1.290         2.857       1.567                u_bufg400/I
Min Period        n/a     MMCME4_ADV/CLKOUT0  n/a            1.071         2.857       1.786                u_mmcm/CLKOUT0
Min Period        n/a     FDRE/C              n/a            0.550         2.857       2.307                PIPE_ARRAY[0].pipe_reset400_reg/C
Min Period        n/a     FDRE/C              n/a            0.550         2.857       2.307                PIPE_ARRAY[10].pipe_reset400_reg/C
Min Period        n/a     FDRE/C              n/a            0.550         2.857       2.307                PIPE_ARRAY[11].pipe_reset400_reg/C
Min Period        n/a     FDRE/C              n/a            0.550         2.857       2.307                PIPE_ARRAY[12].pipe_reset400_reg/C
Min Period        n/a     FDRE/C              n/a            0.550         2.857       2.307                PIPE_ARRAY[13].pipe_reset400_reg/C
Min Period        n/a     FDRE/C              n/a            0.550         2.857       2.307                PIPE_ARRAY[14].pipe_reset400_reg/C
Min Period        n/a     FDRE/C              n/a            0.550         2.857       2.307                PIPE_ARRAY[15].pipe_reset400_reg/C
Min Period        n/a     FDRE/C              n/a            0.550         2.857       2.307                PIPE_ARRAY[16].pipe_reset400_reg/C
Min Period        n/a     FDRE/C              n/a            0.550         2.857       2.307                PIPE_ARRAY[17].pipe_reset400_reg/C
Min Period        n/a     FDRE/C              n/a            0.550         2.857       2.307                PIPE_ARRAY[18].pipe_reset400_reg/C
Min Period        n/a     FDRE/C              n/a            0.550         2.857       2.307                PIPE_ARRAY[19].pipe_reset400_reg/C
Min Period        n/a     FDRE/C              n/a            0.550         2.857       2.307                PIPE_ARRAY[1].pipe_reset400_reg/C
Min Period        n/a     FDRE/C              n/a            0.550         2.857       2.307                PIPE_ARRAY[20].pipe_reset400_reg/C
Min Period        n/a     FDRE/C              n/a            0.550         2.857       2.307                PIPE_ARRAY[21].pipe_reset400_reg/C
Min Period        n/a     FDRE/C              n/a            0.550         2.857       2.307                PIPE_ARRAY[22].pipe_reset400_reg/C
Min Period        n/a     FDRE/C              n/a            0.550         2.857       2.307                PIPE_ARRAY[23].pipe_reset400_reg/C
Min Period        n/a     FDRE/C              n/a            0.550         2.857       2.307                PIPE_ARRAY[24].pipe_reset400_reg/C
Min Period        n/a     FDRE/C              n/a            0.550         2.857       2.307                PIPE_ARRAY[25].pipe_reset400_reg/C
Low Pulse Width   Slow    FDRE/C              n/a            0.275         1.429       1.154                PIPE_ARRAY[0].pipe_reset400_reg/C
Low Pulse Width   Fast    FDRE/C              n/a            0.275         1.429       1.154                PIPE_ARRAY[0].pipe_reset400_reg/C
Low Pulse Width   Slow    FDRE/C              n/a            0.275         1.429       1.154                PIPE_ARRAY[10].pipe_reset400_reg/C
Low Pulse Width   Fast    FDRE/C              n/a            0.275         1.429       1.154                PIPE_ARRAY[10].pipe_reset400_reg/C
Low Pulse Width   Slow    FDRE/C              n/a            0.275         1.429       1.154                PIPE_ARRAY[11].pipe_reset400_reg/C
Low Pulse Width   Fast    FDRE/C              n/a            0.275         1.429       1.154                PIPE_ARRAY[11].pipe_reset400_reg/C
Low Pulse Width   Slow    FDRE/C              n/a            0.275         1.429       1.154                PIPE_ARRAY[12].pipe_reset400_reg/C
Low Pulse Width   Fast    FDRE/C              n/a            0.275         1.429       1.154                PIPE_ARRAY[12].pipe_reset400_reg/C
Low Pulse Width   Slow    FDRE/C              n/a            0.275         1.429       1.154                PIPE_ARRAY[13].pipe_reset400_reg/C
Low Pulse Width   Fast    FDRE/C              n/a            0.275         1.429       1.154                PIPE_ARRAY[13].pipe_reset400_reg/C
Low Pulse Width   Slow    FDRE/C              n/a            0.275         1.429       1.154                PIPE_ARRAY[14].pipe_reset400_reg/C
Low Pulse Width   Fast    FDRE/C              n/a            0.275         1.429       1.154                PIPE_ARRAY[14].pipe_reset400_reg/C
Low Pulse Width   Slow    FDRE/C              n/a            0.275         1.429       1.154                PIPE_ARRAY[15].pipe_reset400_reg/C
Low Pulse Width   Fast    FDRE/C              n/a            0.275         1.429       1.154                PIPE_ARRAY[15].pipe_reset400_reg/C
Low Pulse Width   Slow    FDRE/C              n/a            0.275         1.429       1.154                PIPE_ARRAY[16].pipe_reset400_reg/C
Low Pulse Width   Fast    FDRE/C              n/a            0.275         1.429       1.154                PIPE_ARRAY[16].pipe_reset400_reg/C
Low Pulse Width   Slow    FDRE/C              n/a            0.275         1.429       1.154                PIPE_ARRAY[17].pipe_reset400_reg/C
Low Pulse Width   Fast    FDRE/C              n/a            0.275         1.429       1.154                PIPE_ARRAY[17].pipe_reset400_reg/C
Low Pulse Width   Slow    FDRE/C              n/a            0.275         1.429       1.154                PIPE_ARRAY[18].pipe_reset400_reg/C
Low Pulse Width   Fast    FDRE/C              n/a            0.275         1.429       1.154                PIPE_ARRAY[18].pipe_reset400_reg/C
High Pulse Width  Slow    FDRE/C              n/a            0.275         1.429       1.154                PIPE_ARRAY[0].pipe_reset400_reg/C
High Pulse Width  Fast    FDRE/C              n/a            0.275         1.429       1.154                PIPE_ARRAY[0].pipe_reset400_reg/C
High Pulse Width  Slow    FDRE/C              n/a            0.275         1.429       1.154                PIPE_ARRAY[10].pipe_reset400_reg/C
High Pulse Width  Fast    FDRE/C              n/a            0.275         1.429       1.154                PIPE_ARRAY[10].pipe_reset400_reg/C
High Pulse Width  Slow    FDRE/C              n/a            0.275         1.429       1.154                PIPE_ARRAY[11].pipe_reset400_reg/C
High Pulse Width  Fast    FDRE/C              n/a            0.275         1.429       1.154                PIPE_ARRAY[11].pipe_reset400_reg/C
High Pulse Width  Slow    FDRE/C              n/a            0.275         1.429       1.154                PIPE_ARRAY[12].pipe_reset400_reg/C
High Pulse Width  Fast    FDRE/C              n/a            0.275         1.429       1.154                PIPE_ARRAY[12].pipe_reset400_reg/C
High Pulse Width  Slow    FDRE/C              n/a            0.275         1.429       1.154                PIPE_ARRAY[13].pipe_reset400_reg/C
High Pulse Width  Fast    FDRE/C              n/a            0.275         1.429       1.154                PIPE_ARRAY[13].pipe_reset400_reg/C
High Pulse Width  Slow    FDRE/C              n/a            0.275         1.429       1.154                PIPE_ARRAY[14].pipe_reset400_reg/C
High Pulse Width  Fast    FDRE/C              n/a            0.275         1.429       1.154                PIPE_ARRAY[14].pipe_reset400_reg/C
High Pulse Width  Slow    FDRE/C              n/a            0.275         1.429       1.154                PIPE_ARRAY[15].pipe_reset400_reg/C
High Pulse Width  Fast    FDRE/C              n/a            0.275         1.429       1.154                PIPE_ARRAY[15].pipe_reset400_reg/C
High Pulse Width  Slow    FDRE/C              n/a            0.275         1.429       1.154                PIPE_ARRAY[16].pipe_reset400_reg/C
High Pulse Width  Fast    FDRE/C              n/a            0.275         1.429       1.154                PIPE_ARRAY[16].pipe_reset400_reg/C
High Pulse Width  Slow    FDRE/C              n/a            0.275         1.429       1.154                PIPE_ARRAY[17].pipe_reset400_reg/C
High Pulse Width  Fast    FDRE/C              n/a            0.275         1.429       1.154                PIPE_ARRAY[17].pipe_reset400_reg/C
High Pulse Width  Slow    FDRE/C              n/a            0.275         1.429       1.154                PIPE_ARRAY[18].pipe_reset400_reg/C
High Pulse Width  Fast    FDRE/C              n/a            0.275         1.429       1.154                PIPE_ARRAY[18].pipe_reset400_reg/C



---------------------------------------------------------------------------------------------------
From Clock:  clkfb_mmcm
  To Clock:  clkfb_mmcm

Setup :           NA  Failing Endpoints,  Worst Slack           NA  ,  Total Violation           NA
Hold  :           NA  Failing Endpoints,  Worst Slack           NA  ,  Total Violation           NA
PW    :            0  Failing Endpoints,  Worst Slack        3.710ns,  Total Violation        0.000ns
---------------------------------------------------------------------------------------------------


Pulse Width Checks
--------------------------------------------------------------------------------------
Clock Name:         clkfb_mmcm
Waveform(ns):       { 0.000 2.500 }
Period(ns):         5.000
Sources:            { u_mmcm/CLKFBOUT }

Check Type  Corner  Lib Pin              Reference Pin  Required(ns)  Actual(ns)  Slack(ns)  Location  Pin
Min Period  n/a     BUFGCE/I             n/a            1.290         5.000       3.710                u_bufgfb/I
Min Period  n/a     MMCME4_ADV/CLKFBOUT  n/a            1.071         5.000       3.929                u_mmcm/CLKFBOUT
Min Period  n/a     MMCME4_ADV/CLKFBIN   n/a            1.071         5.000       3.929                u_mmcm/CLKFBIN
Max Period  n/a     MMCME4_ADV/CLKFBIN   n/a            100.000       5.000       95.000               u_mmcm/CLKFBIN



